#include "composite_bg_asset.h"
#include "bn_bg_palette_item.h"
#include "bn_regular_bg_tiles_item.h"
#include "bn_regular_bg_tiles_items_rin_h2_tiles_0.h"
#include "bn_regular_bg_tiles_items_rin_h2_tiles_1.h"
#include "bn_bg_palette_items_rin_h2_palette.h"

namespace ks::composites {

static const bn::regular_bg_tiles_item* const rin_h2_slabs[2] = {
    &bn::regular_bg_tiles_items::rin_h2_tiles_0,
    &bn::regular_bg_tiles_items::rin_h2_tiles_1,
};

static const composite_tileset rin_h2_tileset = {
    /* slabs      */ rin_h2_slabs,
    /* slab_count */ 2,
};

alignas(int) static const uint16_t rin_h2_v0_used[1017] = {
    0, 1, 2, 3, 4, 5, 6, 7, 8, 9, 10, 11, 12, 13, 14, 15,
    16, 17, 18, 19, 20, 21, 22, 23, 24, 25, 26, 27, 28, 29, 30, 31,
    32, 33, 34, 35, 36, 37, 38, 39, 40, 41, 42, 43, 44, 45, 46, 47,
    48, 49, 50, 51, 52, 53, 54, 55, 56, 57, 58, 59, 60, 61, 62, 63,
    64, 65, 66, 67, 68, 69, 70, 71, 72, 73, 74, 75, 76, 77, 78, 79,
    80, 81, 82, 83, 84, 85, 86, 87, 88, 89, 90, 91, 92, 93, 94, 95,
    96, 97, 98, 99, 100, 101, 102, 103, 104, 105, 106, 107, 108, 109, 110, 111,
    112, 113, 114, 115, 116, 117, 118, 119, 120, 121, 122, 123, 124, 125, 126, 127,
    128, 129, 130, 131, 132, 133, 134, 135, 136, 137, 138, 139, 140, 141, 142, 143,
    144, 145, 146, 147, 148, 149, 150, 151, 152, 153, 154, 155, 156, 157, 158, 159,
    160, 161, 162, 163, 164, 165, 166, 167, 168, 169, 170, 171, 172, 173, 174, 175,
    176, 177, 178, 179, 180, 181, 182, 183, 184, 185, 186, 187, 188, 189, 190, 191,
    192, 193, 194, 195, 196, 197, 198, 199, 200, 201, 202, 203, 204, 205, 206, 207,
    208, 209, 210, 211, 212, 213, 214, 215, 216, 217, 218, 219, 220, 221, 222, 223,
    224, 225, 226, 227, 228, 229, 230, 231, 232, 233, 234, 235, 236, 237, 238, 239,
    240, 241, 242, 243, 244, 245, 246, 247, 248, 249, 250, 251, 252, 253, 254, 255,
    256, 257, 258, 259, 260, 261, 262, 263, 264, 265, 266, 267, 268, 269, 270, 271,
    272, 273, 274, 275, 276, 277, 278, 279, 280, 281, 282, 283, 284, 285, 286, 287,
    288, 289, 290, 291, 292, 293, 294, 295, 296, 297, 298, 299, 300, 301, 302, 303,
    304, 305, 306, 307, 308, 309, 310, 311, 312, 313, 314, 315, 316, 317, 318, 319,
    320, 321, 322, 323, 324, 325, 326, 327, 328, 329, 330, 331, 332, 333, 334, 335,
    336, 337, 338, 339, 340, 341, 342, 343, 344, 345, 346, 347, 348, 349, 350, 351,
    352, 353, 354, 355, 356, 357, 358, 359, 360, 361, 362, 363, 364, 365, 366, 367,
    368, 369, 370, 371, 372, 373, 374, 375, 376, 377, 378, 379, 380, 381, 382, 383,
    384, 385, 386, 387, 388, 389, 390, 391, 392, 393, 394, 395, 396, 397, 398, 399,
    400, 401, 402, 403, 404, 405, 406, 407, 408, 409, 410, 411, 412, 413, 414, 415,
    416, 417, 418, 419, 420, 421, 422, 423, 424, 425, 426, 427, 428, 429, 430, 431,
    432, 433, 434, 435, 436, 437, 438, 439, 440, 441, 442, 443, 444, 445, 446, 447,
    448, 449, 450, 451, 452, 453, 454, 455, 456, 457, 458, 459, 460, 461, 462, 463,
    464, 465, 466, 467, 468, 469, 470, 471, 472, 473, 474, 475, 476, 477, 478, 479,
    480, 481, 482, 483, 484, 485, 486, 487, 488, 489, 490, 491, 492, 493, 494, 495,
    496, 497, 498, 499, 500, 501, 502, 503, 504, 505, 506, 507, 508, 509, 510, 511,
    512, 513, 514, 515, 516, 517, 518, 519, 520, 521, 522, 523, 524, 525, 526, 527,
    528, 529, 530, 531, 532, 533, 534, 535, 536, 537, 538, 539, 540, 541, 542, 543,
    544, 545, 546, 547, 548, 549, 550, 551, 552, 553, 554, 555, 556, 557, 558, 559,
    560, 561, 562, 563, 564, 565, 566, 567, 568, 569, 570, 571, 572, 573, 574, 575,
    576, 577, 578, 579, 580, 581, 582, 583, 584, 585, 586, 587, 588, 589, 590, 591,
    592, 593, 594, 595, 596, 597, 598, 599, 600, 601, 602, 603, 604, 605, 606, 607,
    608, 609, 610, 611, 612, 613, 614, 615, 616, 617, 618, 619, 620, 621, 622, 623,
    624, 625, 626, 627, 628, 629, 630, 631, 632, 633, 634, 635, 636, 637, 638, 639,
    640, 641, 642, 643, 644, 645, 646, 647, 648, 649, 650, 651, 652, 653, 654, 655,
    656, 657, 658, 659, 660, 661, 662, 663, 664, 665, 666, 667, 668, 669, 670, 671,
    672, 673, 674, 675, 676, 677, 678, 679, 680, 681, 682, 683, 684, 685, 686, 687,
    688, 689, 690, 691, 692, 693, 694, 695, 696, 697, 698, 699, 700, 701, 702, 703,
    704, 705, 706, 707, 708, 709, 710, 711, 712, 713, 714, 715, 716, 717, 718, 719,
    720, 721, 722, 723, 724, 725, 726, 727, 728, 729, 730, 731, 732, 733, 734, 735,
    736, 737, 738, 739, 740, 741, 742, 743, 744, 745, 746, 747, 748, 749, 750, 751,
    752, 753, 754, 755, 756, 757, 758, 759, 760, 761, 762, 763, 764, 765, 766, 767,
    768, 769, 770, 771, 772, 773, 774, 775, 776, 777, 778, 779, 780, 781, 782, 783,
    784, 785, 786, 787, 788, 789, 790, 791, 792, 793, 794, 795, 796, 797, 798, 799,
    800, 801, 802, 803, 804, 805, 806, 807, 808, 809, 810, 811, 812, 813, 814, 815,
    816, 817, 818, 819, 820, 821, 822, 823, 824, 825, 826, 827, 828, 829, 830, 831,
    832, 833, 834, 835, 836, 837, 838, 839, 840, 841, 842, 843, 844, 845, 846, 847,
    848, 849, 850, 851, 852, 853, 854, 855, 856, 857, 858, 859, 860, 861, 862, 863,
    864, 865, 866, 867, 868, 869, 870, 871, 872, 873, 874, 875, 876, 877, 878, 879,
    880, 881, 882, 883, 884, 885, 886, 887, 888, 889, 890, 891, 892, 893, 894, 895,
    896, 897, 898, 899, 900, 901, 902, 903, 904, 905, 906, 907, 908, 909, 910, 911,
    912, 913, 914, 915, 916, 917, 918, 919, 920, 921, 922, 923, 924, 925, 926, 927,
    928, 929, 930, 931, 932, 933, 934, 935, 936, 937, 938, 939, 940, 941, 942, 943,
    944, 945, 946, 947, 948, 949, 950, 951, 952, 953, 954, 955, 956, 957, 958, 959,
    960, 961, 962, 963, 964, 965, 966, 967, 968, 969, 970, 971, 972, 973, 974, 975,
    976, 977, 978, 979, 980, 981, 982, 983, 984, 985, 986, 987, 988, 989, 990, 991,
    992, 993, 994, 995, 996, 997, 998, 999, 1000, 1001, 1002, 1003, 1004, 1005, 1006, 1007,
    1008, 1009, 1010, 1011, 1012, 1013, 1014, 1015, 1016,
};

alignas(int) static const unsigned char rin_h2_v0_map_rle[2208] = {
    0x30, 0x00, 0x20, 0x00, 0x9F, 0x00, 0x3B, 0x01, 0x10, 0x02, 0x10, 0x03, 0x10, 0x04, 0x10, 0x05,
    0x10, 0x06, 0x20, 0x07, 0x20, 0x08, 0x20, 0x09, 0x20, 0x0A, 0x20, 0x0B, 0x20, 0x0C, 0x20, 0x0D,
    0x20, 0x0E, 0x20, 0x0F, 0x20, 0x10, 0x20, 0x11, 0x20, 0x12, 0x20, 0x13, 0x30, 0x14, 0x30, 0x15,
    0x30, 0x16, 0x30, 0x17, 0x60, 0x18, 0x30, 0x19, 0x30, 0x1A, 0x30, 0x1B, 0x30, 0x1C, 0x30, 0x1D,
    0x30, 0x1E, 0x30, 0xC1, 0x00, 0x3B, 0x1F, 0x10, 0x20, 0x10, 0x21, 0x10, 0x22, 0x10, 0x23, 0x10,
    0x24, 0x20, 0x25, 0x20, 0x26, 0x20, 0x27, 0x20, 0x28, 0x20, 0x29, 0x20, 0x2A, 0x20, 0x2B, 0x20,
    0x2C, 0x20, 0x2D, 0x20, 0x2E, 0x20, 0x2F, 0x20, 0x30, 0x60, 0x31, 0x30, 0x32, 0x30, 0x33, 0x30,
    0x34, 0x30, 0x35, 0x60, 0x36, 0x50, 0x37, 0x50, 0x38, 0x50, 0x39, 0x50, 0x3A, 0x20, 0x3B, 0x30,
    0x3C, 0x30, 0xC1, 0x00, 0x3B, 0x3D, 0x10, 0x3E, 0x10, 0x3F, 0x10, 0x40, 0x10, 0x41, 0x10, 0x42,
    0x20, 0x43, 0x20, 0x44, 0x20, 0x45, 0x20, 0x46, 0x20, 0x47, 0x20, 0x48, 0x10, 0x49, 0x20, 0x4A,
    0x20, 0x4B, 0x20, 0x4C, 0x20, 0x4D, 0x20, 0x4E, 0x60, 0x4F, 0x30, 0x50, 0x30, 0x51, 0x30, 0x52,
    0x30, 0x53, 0x50, 0x54, 0x50, 0x55, 0x50, 0x56, 0x50, 0x57, 0x50, 0x58, 0x50, 0x59, 0x50, 0x5A,
    0x30, 0xC1, 0x00, 0x3B, 0x5B, 0x10, 0x5C, 0x10, 0x5D, 0x10, 0x5E, 0x10, 0x5F, 0x10, 0x60, 0x10,
    0x61, 0x10, 0x62, 0x10, 0x63, 0x10, 0x64, 0x10, 0x65, 0x10, 0x66, 0x10, 0x67, 0x20, 0x68, 0x20,
    0x69, 0x20, 0x6A, 0x20, 0x6B, 0x20, 0x6C, 0x60, 0x6D, 0x30, 0x6E, 0x30, 0x6F, 0x50, 0x70, 0x50,
    0x71, 0x50, 0x72, 0x50, 0x73, 0x50, 0x74, 0x50, 0x75, 0x50, 0x76, 0x50, 0x77, 0x50, 0x78, 0x60,
    0xC1, 0x00, 0x3B, 0x79, 0x10, 0x7A, 0x10, 0x7B, 0x10, 0x7C, 0x10, 0x7D, 0x10, 0x7E, 0x10, 0x7F,
    0x10, 0x80, 0x10, 0x81, 0x10, 0x82, 0x10, 0x83, 0x10, 0x84, 0x10, 0x85, 0x20, 0x86, 0x20, 0x87,
    0x20, 0x88, 0x20, 0x89, 0x20, 0x8A, 0x60, 0x8B, 0x30, 0x8C, 0x20, 0x8D, 0x50, 0x8E, 0x50, 0x8F,
    0x50, 0x90, 0x50, 0x91, 0x50, 0x92, 0x50, 0x93, 0x50, 0x94, 0x50, 0x95, 0x50, 0x96, 0x50, 0xC1,
    0x00, 0x3B, 0x97, 0x10, 0x98, 0x10, 0x99, 0x10, 0x9A, 0x10, 0x9B, 0x10, 0x9C, 0x10, 0x9D, 0x10,
    0x9E, 0x10, 0x9F, 0x10, 0xA0, 0x10, 0xA1, 0x10, 0xA2, 0x10, 0xA3, 0x20, 0xA4, 0x20, 0xA5, 0x20,
    0xA6, 0x20, 0xA7, 0x20, 0xA8, 0x10, 0xA9, 0x60, 0xAA, 0x50, 0xAB, 0x50, 0xAC, 0x50, 0xAD, 0x50,
    0xAE, 0x50, 0xAF, 0x50, 0xB0, 0x50, 0xB1, 0x50, 0xB2, 0x50, 0xB3, 0x50, 0xB4, 0x50, 0xC1, 0x00,
    0x3B, 0xB5, 0x10, 0xB6, 0x10, 0xB7, 0x10, 0xB8, 0x10, 0xB9, 0x10, 0xBA, 0x10, 0xBB, 0x10, 0xBC,
    0x10, 0xBD, 0x10, 0xBE, 0x10, 0xBF, 0x10, 0xC0, 0x10, 0xC1, 0x20, 0xC2, 0x20, 0xC3, 0x20, 0xC4,
    0x20, 0xC5, 0x20, 0xC6, 0x20, 0xC7, 0x60, 0xC8, 0x50, 0xC9, 0x50, 0xCA, 0x60, 0xCB, 0x60, 0xCC,
    0x50, 0xCD, 0x50, 0xCE, 0x50, 0xCF, 0x50, 0xD0, 0x50, 0xD1, 0x50, 0xD2, 0x20, 0xC1, 0x00, 0x3B,
    0xD3, 0x10, 0xD4, 0x10, 0xD5, 0x10, 0xD6, 0x10, 0xD7, 0x10, 0xD8, 0x10, 0xD9, 0x10, 0xDA, 0x10,
    0xDB, 0x10, 0xDC, 0x10, 0xDD, 0x10, 0xDE, 0x10, 0xDF, 0x10, 0xE0, 0x20, 0xE1, 0x20, 0xE2, 0x20,
    0xE3, 0x20, 0xE4, 0x20, 0xE5, 0x70, 0xE6, 0x60, 0xE7, 0x60, 0xE8, 0x60, 0xE9, 0x60, 0xEA, 0x70,
    0xEB, 0x50, 0xEC, 0x50, 0xED, 0x50, 0xEE, 0x50, 0xEF, 0x50, 0xF0, 0x30, 0xC1, 0x00, 0x3B, 0xF1,
    0x10, 0xF2, 0x10, 0xF3, 0x10, 0xF4, 0x10, 0xF5, 0x10, 0xF6, 0x10, 0xF7, 0x10, 0xF8, 0x10, 0xF9,
    0x10, 0xFA, 0x10, 0xFB, 0x10, 0xFC, 0x10, 0xFD, 0x10, 0xFE, 0x10, 0xFF, 0x10, 0x00, 0x21, 0x01,
    0x21, 0x02, 0x61, 0x03, 0x71, 0x04, 0x71, 0x05, 0x71, 0x06, 0x41, 0x07, 0x71, 0x08, 0x71, 0x09,
    0x61, 0x0A, 0x51, 0x0B, 0x51, 0x0C, 0x51, 0x0D, 0x51, 0x0E, 0x31, 0xC1, 0x00, 0x02, 0x0F, 0x11,
    0x10, 0x80, 0x11, 0x35, 0x12, 0x11, 0x13, 0x11, 0x14, 0x11, 0x15, 0x11, 0x16, 0x11, 0x17, 0x11,
    0x18, 0x11, 0x19, 0x11, 0x1A, 0x61, 0x1B, 0x61, 0x1C, 0x61, 0x1D, 0x21, 0x1E, 0x21, 0x1F, 0x21,
    0x20, 0x71, 0x21, 0x71, 0x22, 0x71, 0x23, 0x71, 0x24, 0x41, 0x25, 0x41, 0x26, 0x61, 0x27, 0x61,
    0x28, 0x51, 0x29, 0x51, 0x2A, 0x61, 0x2B, 0x51, 0x2C, 0x31, 0xC1, 0x00, 0x3B, 0x2D, 0x11, 0x2E,
    0x11, 0x2F, 0x11, 0x30, 0x11, 0x31, 0x11, 0x32, 0x11, 0x33, 0x01, 0x34, 0x01, 0x35, 0x01, 0x36,
    0x01, 0x37, 0x01, 0x38, 0x01, 0x39, 0x01, 0x3A, 0x61, 0x3B, 0x21, 0x3C, 0x21, 0x3D, 0x61, 0x3E,
    0x71, 0x3F, 0x71, 0x40, 0x71, 0x41, 0x71, 0x42, 0x41, 0x43, 0x41, 0x44, 0x41, 0x45, 0x61, 0x46,
    0x51, 0x47, 0x51, 0x48, 0x51, 0x49, 0x51, 0x4A, 0x31, 0xC1, 0x00, 0x3B, 0x4B, 0x11, 0x4C, 0x11,
    0x4D, 0x11, 0x4E, 0x11, 0x4F, 0x01, 0x50, 0x01, 0x51, 0x01, 0x52, 0x01, 0x53, 0x01, 0x54, 0x01,
    0x55, 0x01, 0x56, 0x01, 0x57, 0x01, 0x58, 0x61, 0x59, 0x21, 0x5A, 0x21, 0x5B, 0x61, 0x5C, 0x71,
    0x5D, 0x71, 0x5E, 0x71, 0x5F, 0x71, 0x60, 0x71, 0x61, 0x71, 0x62, 0x61, 0x63, 0x61, 0x64, 0x61,
    0x65, 0x61, 0x66, 0x31, 0x67, 0x31, 0x68, 0x31, 0xC1, 0x00, 0x3B, 0x69, 0x01, 0x6A, 0x01, 0x6B,
    0x11, 0x6C, 0x11, 0x6D, 0x01, 0x6E, 0x01, 0x6F, 0x01, 0x70, 0x01, 0x71, 0x01, 0x72, 0x01, 0x73,
    0x01, 0x74, 0x01, 0x75, 0x01, 0x76, 0x01, 0x77, 0x61, 0x78, 0x21, 0x79, 0x61, 0x7A, 0x71, 0x7B,
    0x41, 0x7C, 0x41, 0x7D, 0x41, 0x7E, 0x41, 0x7F, 0x41, 0x80, 0x41, 0x81, 0x11, 0x82, 0x11, 0x83,
    0x01, 0x84, 0x31, 0x85, 0x31, 0x86, 0x31, 0xC1, 0x00, 0x3B, 0x87, 0x71, 0x88, 0x71, 0x89, 0x61,
    0x8A, 0x11, 0x8B, 0x01, 0x8C, 0x01, 0x8D, 0x01, 0x8E, 0x01, 0x8F, 0x01, 0x90, 0x01, 0x91, 0x01,
    0x92, 0x01, 0x93, 0x01, 0x94, 0x01, 0x95, 0x71, 0x96, 0x71, 0x97, 0x61, 0x98, 0x41, 0x99, 0x41,
    0x9A, 0x41, 0x9B, 0x41, 0x9C, 0x41, 0x9D, 0x41, 0x9E, 0x41, 0x9F, 0x61, 0xA0, 0x61, 0xA1, 0x01,
    0xA2, 0x01, 0xA3, 0x31, 0xA4, 0x31, 0xC1, 0x00, 0x3B, 0xA5, 0x71, 0xA6, 0x71, 0xA7, 0x71, 0xA8,
    0x71, 0xA9, 0x71, 0xAA, 0x01, 0xAB, 0x01, 0xAC, 0x01, 0xAD, 0x01, 0xAE, 0x01, 0xAF, 0x01, 0xB0,
    0x01, 0xB1, 0x01, 0xB2, 0x01, 0xB3, 0x41, 0xB4, 0x41, 0xB5, 0x31, 0xB6, 0x31, 0xB7, 0x31, 0xB8,
    0x61, 0xB9, 0x61, 0xBA, 0x71, 0xBB, 0x41, 0xBC, 0x41, 0xBD, 0x61, 0xBE, 0x21, 0xBF, 0x61, 0xC0,
    0x11, 0xC1, 0x11, 0xC2, 0x31, 0xC1, 0x00, 0x3B, 0xC3, 0x71, 0xC4, 0x71, 0xC5, 0x71, 0xC6, 0x71,
    0xC7, 0x71, 0xC8, 0x71, 0xC9, 0x41, 0xCA, 0x41, 0xCB, 0x41, 0xCC, 0x41, 0xCD, 0x01, 0xCE, 0x01,
    0xCF, 0x01, 0xD0, 0x01, 0xD1, 0x41, 0xD2, 0x41, 0xD3, 0x31, 0xD4, 0x31, 0xD5, 0x31, 0xD6, 0x31,
    0xD7, 0x71, 0xD8, 0x71, 0xD9, 0x41, 0xDA, 0x41, 0xDB, 0x61, 0xDC, 0x21, 0xDD, 0x21, 0xDE, 0x61,
    0xDF, 0x11, 0xE0, 0x11, 0xC1, 0x00, 0x3B, 0xE1, 0x71, 0xE2, 0x71, 0xE3, 0x71, 0xC5, 0x71, 0xE4,
    0x71, 0xE5, 0x71, 0xE6, 0x71, 0xE7, 0x71, 0xE8, 0x41, 0xE9, 0x41, 0xEA, 0x41, 0xEB, 0x71, 0xEC,
    0x01, 0xED, 0x71, 0xEE, 0x41, 0xEF, 0x71, 0xF0, 0x41, 0xF1, 0x31, 0xF2, 0x31, 0xF3, 0x31, 0xF4,
    0x61, 0xF5, 0x41, 0xF6, 0x41, 0xF7, 0x41, 0xF8, 0x61, 0xF9, 0x21, 0xFA, 0x21, 0xFB, 0x21, 0xFC,
    0x61, 0xFD, 0x11, 0xC1, 0x00, 0x3B, 0xFE, 0x71, 0xFF, 0x71, 0x00, 0x72, 0x01, 0x72, 0x02, 0x72,
    0x03, 0x72, 0x04, 0x72, 0x05, 0x72, 0x06, 0x72, 0x07, 0x42, 0x08, 0x42, 0x09, 0x72, 0x0A, 0x72,
    0x0B, 0x72, 0x0C, 0x42, 0x0D, 0x72, 0x0E, 0x42, 0x0F, 0x72, 0x10, 0x72, 0x11, 0x72, 0x12, 0x72,
    0x13, 0x42, 0x14, 0x42, 0x15, 0x72, 0x16, 0x12, 0x17, 0x22, 0xF9, 0x21, 0x18, 0x22, 0x19, 0x22,
    0x1A, 0x62, 0xC1, 0x00, 0x3B, 0x1B, 0x72, 0x1C, 0x72, 0x1D, 0x02, 0x1E, 0x62, 0x1F, 0x62, 0x20,
    0x72, 0x21, 0x72, 0x22, 0x72, 0x23, 0x72, 0x24, 0x72, 0x25, 0x42, 0x26, 0x72, 0x27, 0x72, 0x28,
    0x42, 0x29, 0x42, 0x2A, 0x42, 0x2B, 0x42, 0x2C, 0x72, 0x2D, 0x72, 0x2E, 0x72, 0x2F, 0x02, 0x30,
    0x72, 0x31, 0x72, 0x32, 0x72, 0x33, 0x12, 0x34, 0x22, 0xF9, 0x21, 0x35, 0x22, 0x36, 0x22, 0x37,
    0x22, 0xC1, 0x00, 0x3B, 0x38, 0x72, 0x39, 0x72, 0x3A, 0x02, 0x3B, 0x12, 0x3C, 0x12, 0x3D, 0x12,
    0x3E, 0x72, 0x3F, 0x72, 0x40, 0x72, 0x41, 0x72, 0x42, 0x72, 0x43, 0x72, 0x44, 0x62, 0x45, 0x42,
    0x46, 0x42, 0x47, 0x42, 0x48, 0x42, 0x49, 0x42, 0x4A, 0x72, 0x4B, 0x02, 0x4C, 0x02, 0x4D, 0x72,
    0x4E, 0x72, 0x4F, 0x72, 0x50, 0x02, 0x51, 0x62, 0x52, 0x22, 0x53, 0x22, 0x54, 0x22, 0x55, 0x22,
    0xC1, 0x00, 0x3B, 0x56, 0x72, 0x57, 0x02, 0x58, 0x02, 0x59, 0x12, 0x5A, 0x12, 0x5B, 0x12, 0x5C,
    0x12, 0x5D, 0x62, 0x5E, 0x72, 0x5F, 0x72, 0x60, 0x72, 0x61, 0x72, 0x62, 0x62, 0x63, 0x42, 0x64,
    0x42, 0x65, 0x42, 0x66, 0x42, 0x67, 0x72, 0x68, 0x72, 0x69, 0x02, 0x6A, 0x02, 0x6B, 0x02, 0x6C,
    0x02, 0x6D, 0x02, 0x6E, 0x02, 0x6F, 0x02, 0x70, 0x62, 0x71, 0x22, 0x72, 0x22, 0x73, 0x22, 0xC1,
    0x00, 0x3B, 0x74, 0x02, 0x75, 0x02, 0x76, 0x02, 0x77, 0x12, 0x78, 0x12, 0x79, 0x12, 0x7A, 0x12,
    0x7B, 0x12, 0x7C, 0x62, 0x7D, 0x72, 0x7E, 0x72, 0x7F, 0x72, 0x80, 0x32, 0x81, 0x42, 0x82, 0x42,
    0x83, 0x42, 0x84, 0x42, 0x85, 0x72, 0x86, 0x72, 0x87, 0x02, 0x88, 0x02, 0x89, 0x02, 0x8A, 0x02,
    0x8B, 0x02, 0x8C, 0x02, 0x8D, 0x02, 0x8E, 0x02, 0x8F, 0x12, 0x90, 0x22, 0x91, 0x22, 0xC1, 0x00,
    0x3B, 0x92, 0x02, 0x93, 0x02, 0x94, 0x02, 0x95, 0x12, 0x78, 0x12, 0x96, 0x12, 0x97, 0x12, 0x98,
    0x12, 0x99, 0x12, 0x9A, 0x12, 0x9B, 0x62, 0x9C, 0x62, 0x9D, 0x32, 0x9E, 0x32, 0x9F, 0x42, 0xA0,
    0x42, 0xA1, 0x42, 0xA2, 0x72, 0xA3, 0x72, 0xA4, 0x42, 0xA5, 0x02, 0xA6, 0x02, 0xA7, 0x02, 0xA8,
    0x02, 0xA9, 0x02, 0xAA, 0x02, 0xAB, 0x02, 0xAC, 0x02, 0xAD, 0x12, 0xAE, 0x22, 0xC1, 0x00, 0x3B,
    0xAF, 0x02, 0xB0, 0x02, 0xB1, 0x02, 0xB2, 0x12, 0xB3, 0x12, 0xB4, 0x12, 0xB5, 0x12, 0xB6, 0x12,
    0xB7, 0x12, 0xB8, 0x02, 0xB9, 0x02, 0xBA, 0x12, 0xBB, 0x62, 0xBC, 0x62, 0xBD, 0x32, 0xBE, 0x32,
    0xBF, 0x62, 0xC0, 0x42, 0xC1, 0x62, 0xC2, 0x32, 0xC3, 0x02, 0xC4, 0x02, 0xC5, 0x02, 0xC6, 0x02,
    0xC7, 0x02, 0xC8, 0x02, 0xC9, 0x02, 0xCA, 0x02, 0xCB, 0x02, 0xCC, 0x22, 0xC1, 0x00, 0x3B, 0xCD,
    0x02, 0xCE, 0x02, 0xCF, 0x02, 0xD0, 0x12, 0xD1, 0x12, 0xD2, 0x12, 0xD3, 0x12, 0xD4, 0x12, 0xD5,
    0x12, 0xD6, 0x12, 0xD7, 0x02, 0xD8, 0x72, 0xD9, 0x42, 0xDA, 0x42, 0xDB, 0x42, 0xDC, 0x32, 0xDD,
    0x32, 0xDE, 0x32, 0xDF, 0x32, 0xE0, 0x32, 0xE1, 0x02, 0xE2, 0x02, 0xE3, 0x02, 0xE4, 0x02, 0xE5,
    0x02, 0xE6, 0x02, 0xE7, 0x02, 0xE8, 0x02, 0xE9, 0x02, 0xEA, 0x02, 0xC1, 0x00, 0x2E, 0xEB, 0x02,
    0xEC, 0x02, 0xED, 0x02, 0xEE, 0x12, 0xEF, 0x12, 0xF0, 0x12, 0xF1, 0x12, 0xF2, 0x12, 0xF3, 0x12,
    0xF4, 0x42, 0xF5, 0x42, 0xF6, 0x42, 0xF7, 0x42, 0xF8, 0x42, 0xF9, 0x42, 0xFA, 0x42, 0xFB, 0x42,
    0xFC, 0x42, 0xFD, 0x32, 0xFE, 0x62, 0xFF, 0x02, 0x00, 0x03, 0x01, 0x03, 0x02, 0x80, 0x03, 0x09,
    0x04, 0x03, 0x05, 0x03, 0x06, 0x03, 0x07, 0x03, 0x08, 0x03, 0xC1, 0x00, 0x3B, 0x09, 0x03, 0x0A,
    0x03, 0x0B, 0x03, 0x0C, 0x13, 0x0D, 0x03, 0x0E, 0x03, 0x0F, 0x13, 0x10, 0x63, 0x11, 0x43, 0x12,
    0x43, 0x13, 0x43, 0x14, 0x43, 0x15, 0x43, 0x16, 0x43, 0x17, 0x43, 0x18, 0x43, 0x19, 0x43, 0x1A,
    0x43, 0x1B, 0x73, 0x1C, 0x03, 0x1D, 0x03, 0x1E, 0x03, 0x1F, 0x03, 0x20, 0x03, 0x21, 0x03, 0x22,
    0x03, 0x23, 0x03, 0x24, 0x03, 0x25, 0x03, 0x26, 0x03, 0xC1, 0x00, 0x3B, 0x27, 0x03, 0x28, 0x03,
    0x29, 0x03, 0x2A, 0x03, 0x2B, 0x03, 0x2C, 0x03, 0x2D, 0x43, 0x2E, 0x43, 0x2F, 0x43, 0x30, 0x43,
    0x31, 0x43, 0x32, 0x43, 0x33, 0x43, 0x34, 0x43, 0x35, 0x43, 0x36, 0x43, 0x37, 0x43, 0x38, 0x73,
    0x39, 0x03, 0x3A, 0x03, 0x3B, 0x03, 0x3C, 0x03, 0x3D, 0x03, 0x3E, 0x03, 0x3F, 0x03, 0x40, 0x03,
    0x41, 0x03, 0x42, 0x03, 0x43, 0x03, 0x44, 0x03, 0xC1, 0x00, 0x3B, 0x45, 0x03, 0x46, 0x03, 0x47,
    0x03, 0x48, 0x03, 0x49, 0x03, 0x4A, 0x43, 0x4B, 0x43, 0x4C, 0x43, 0x4D, 0x43, 0x4E, 0x43, 0x4F,
    0x43, 0x50, 0x43, 0x51, 0x43, 0x52, 0x43, 0x53, 0x43, 0x54, 0x43, 0x55, 0x03, 0x56, 0x03, 0x57,
    0x03, 0x58, 0x03, 0x59, 0x03, 0x5A, 0x03, 0x5B, 0x03, 0x5C, 0x03, 0x5D, 0x03, 0x5E, 0x03, 0x5F,
    0x03, 0x60, 0x03, 0x61, 0x03, 0x62, 0x13, 0xC1, 0x00, 0x3B, 0x63, 0x03, 0x64, 0x03, 0x65, 0x03,
    0x66, 0x03, 0x67, 0x43, 0x68, 0x43, 0x69, 0x43, 0x6A, 0x43, 0x6B, 0x43, 0x6C, 0x43, 0x6D, 0x43,
    0x6E, 0x43, 0x6F, 0x43, 0x70, 0x73, 0x71, 0x03, 0x72, 0x03, 0x73, 0x03, 0x74, 0x03, 0x75, 0x03,
    0x76, 0x03, 0x77, 0x03, 0x78, 0x03, 0x79, 0x03, 0x7A, 0x13, 0x7B, 0x13, 0x7C, 0x13, 0x7D, 0x13,
    0x7E, 0x13, 0x7F, 0x13, 0x80, 0x13, 0xC1, 0x00, 0x3B, 0x81, 0x03, 0x82, 0x03, 0x83, 0x43, 0x84,
    0x43, 0x85, 0x43, 0x86, 0x43, 0x87, 0x43, 0x88, 0x43, 0x89, 0x43, 0x8A, 0x73, 0x8B, 0x73, 0x8C,
    0x73, 0x8D, 0x03, 0x8E, 0x03, 0x8F, 0x03, 0x90, 0x03, 0x91, 0x03, 0x92, 0x03, 0x93, 0x13, 0x94,
    0x13, 0x95, 0x13, 0x96, 0x13, 0x97, 0x13, 0x98, 0x13, 0x99, 0x13, 0x9A, 0x13, 0x9B, 0x13, 0x9C,
    0x13, 0x9D, 0x13, 0x9E, 0x13, 0xC1, 0x00, 0x3B, 0x9F, 0x03, 0xA0, 0x43, 0xA1, 0x43, 0xA2, 0x43,
    0xA3, 0x43, 0xA4, 0x43, 0xA5, 0x73, 0xA6, 0x73, 0xA7, 0x73, 0xA8, 0x63, 0xA9, 0x13, 0xAA, 0x13,
    0xAB, 0x13, 0xAC, 0x13, 0xAD, 0x13, 0xAE, 0x13, 0xAF, 0x13, 0xB0, 0x13, 0xB1, 0x13, 0xB2, 0x13,
    0xB3, 0x13, 0xB4, 0x13, 0xB5, 0x13, 0xB6, 0x13, 0xB7, 0x13, 0xB8, 0x13, 0xB9, 0x13, 0xBA, 0x13,
    0xBB, 0x13, 0xBC, 0x13, 0xC1, 0x00, 0x3B, 0xBD, 0x03, 0xBE, 0x43, 0xBF, 0x43, 0xC0, 0x73, 0xC1,
    0x73, 0xC2, 0x73, 0xC3, 0x73, 0xC4, 0x63, 0xC5, 0x13, 0xC6, 0x13, 0xC7, 0x13, 0xC8, 0x13, 0xC9,
    0x13, 0xCA, 0x13, 0xCB, 0x13, 0xCC, 0x13, 0xCD, 0x13, 0xCE, 0x13, 0xCF, 0x13, 0xD0, 0x13, 0xD1,
    0x13, 0xD2, 0x13, 0xD3, 0x13, 0xD4, 0x13, 0xD5, 0x13, 0xD6, 0x13, 0xD7, 0x13, 0xD8, 0x13, 0xD9,
    0x13, 0xDA, 0x13, 0xC1, 0x00, 0x3B, 0xDB, 0x03, 0xDC, 0x43, 0xDD, 0x73, 0xDE, 0x73, 0xDF, 0x73,
    0xE0, 0x63, 0xE1, 0x13, 0xE2, 0x13, 0xE3, 0x13, 0xE4, 0x13, 0xE5, 0x13, 0xE6, 0x13, 0xE7, 0x13,
    0xE8, 0x13, 0xE9, 0x13, 0xEA, 0x13, 0xEB, 0x13, 0xEC, 0x13, 0xED, 0x13, 0xEE, 0x13, 0xEF, 0x13,
    0xF0, 0x13, 0xF1, 0x13, 0xF2, 0x13, 0xF3, 0x13, 0xF4, 0x13, 0xF5, 0x13, 0xF6, 0x13, 0xF7, 0x13,
    0xF8, 0x13, 0xFF, 0x00, 0xFF, 0x00, 0xFF, 0x00, 0xFF, 0x00, 0xFF, 0x00, 0xFF, 0x00, 0xFF, 0x00,
    0xFF, 0x00, 0xFF, 0x00, 0xFF, 0x00, 0xFF, 0x00, 0xFF, 0x00, 0xFF, 0x00, 0xFF, 0x00, 0xFF, 0x00,
    0xFF, 0x00, 0xFF, 0x00, 0xFF, 0x00, 0xFF, 0x00, 0xFF, 0x00, 0xFF, 0x00, 0xFF, 0x00, 0xFF, 0x00,
    0xFF, 0x00, 0xFF, 0x00, 0xFF, 0x00, 0xFF, 0x00, 0xFF, 0x00, 0xFF, 0x00, 0xE5, 0x00, 0x00, 0x00,
};

alignas(int) static const uint16_t rin_h2_v1_used[1017] = {
    0, 1, 2, 3, 4, 5, 6, 7, 8, 9, 10, 11, 12, 13, 14, 15,
    16, 17, 18, 19, 20, 21, 22, 23, 24, 25, 26, 27, 28, 29, 30, 31,
    32, 33, 34, 35, 36, 37, 38, 39, 40, 41, 42, 43, 44, 45, 46, 47,
    48, 49, 50, 51, 52, 53, 54, 55, 56, 57, 58, 59, 60, 61, 62, 63,
    64, 65, 66, 67, 68, 69, 70, 71, 72, 73, 74, 75, 76, 77, 78, 79,
    80, 81, 82, 83, 84, 85, 86, 87, 88, 89, 90, 91, 92, 93, 94, 95,
    96, 97, 98, 99, 100, 101, 102, 103, 104, 105, 106, 107, 108, 109, 110, 111,
    112, 113, 114, 115, 116, 117, 118, 119, 120, 121, 122, 123, 124, 125, 126, 127,
    128, 129, 130, 131, 132, 133, 134, 135, 136, 137, 138, 139, 140, 141, 142, 143,
    144, 145, 146, 147, 148, 149, 150, 151, 152, 153, 154, 155, 156, 157, 158, 159,
    160, 161, 162, 163, 164, 165, 166, 167, 168, 169, 170, 171, 172, 173, 174, 1017,
    176, 177, 178, 179, 180, 181, 182, 183, 184, 185, 186, 187, 188, 189, 190, 191,
    192, 193, 194, 195, 196, 197, 198, 199, 200, 1018, 1019, 1020, 1021, 1022, 206, 207,
    208, 209, 210, 211, 212, 213, 214, 215, 216, 217, 218, 219, 220, 221, 222, 223,
    224, 225, 226, 227, 228, 229, 230, 1023, 1024, 1025, 234, 1026, 1027, 237, 238, 239,
    240, 241, 242, 243, 244, 245, 246, 247, 248, 249, 250, 251, 252, 253, 254, 255,
    256, 257, 258, 259, 260, 1028, 1029, 263, 1030, 1031, 1032, 267, 268, 269, 270, 271,
    272, 273, 274, 275, 276, 277, 278, 279, 280, 281, 282, 283, 284, 285, 286, 287,
    288, 289, 290, 291, 292, 293, 1033, 1034, 1035, 297, 298, 299, 300, 301, 302, 303,
    304, 305, 306, 307, 308, 309, 310, 311, 312, 313, 314, 315, 316, 317, 318, 319,
    320, 321, 1036, 323, 324, 1037, 326, 327, 328, 329, 330, 331, 332, 333, 334, 335,
    336, 337, 338, 339, 340, 341, 342, 343, 344, 345, 346, 347, 348, 349, 350, 351,
    352, 353, 354, 355, 356, 357, 358, 359, 360, 361, 362, 363, 364, 365, 366, 367,
    368, 369, 370, 371, 372, 373, 374, 375, 376, 377, 378, 379, 380, 381, 382, 383,
    384, 385, 386, 387, 388, 389, 390, 391, 392, 393, 394, 395, 396, 397, 398, 399,
    400, 401, 402, 403, 404, 405, 406, 407, 408, 409, 410, 411, 412, 413, 414, 415,
    416, 417, 418, 419, 420, 421, 422, 423, 424, 425, 426, 427, 428, 429, 430, 431,
    432, 433, 434, 435, 436, 437, 438, 439, 440, 441, 442, 443, 444, 445, 446, 447,
    448, 449, 450, 451, 452, 453, 454, 455, 456, 457, 458, 459, 460, 461, 462, 463,
    464, 465, 466, 467, 468, 469, 470, 471, 472, 473, 474, 475, 476, 477, 478, 479,
    480, 481, 482, 483, 484, 485, 486, 487, 488, 489, 490, 491, 492, 493, 494, 495,
    496, 497, 498, 499, 500, 501, 502, 503, 504, 505, 506, 507, 508, 509, 510, 511,
    512, 513, 514, 515, 516, 517, 518, 519, 520, 521, 522, 523, 524, 525, 526, 527,
    528, 529, 530, 531, 532, 533, 534, 535, 536, 537, 538, 539, 540, 541, 542, 543,
    544, 545, 546, 547, 548, 549, 550, 551, 552, 553, 554, 555, 556, 557, 558, 559,
    560, 561, 562, 563, 564, 565, 566, 567, 568, 569, 570, 571, 572, 573, 574, 575,
    576, 577, 578, 579, 580, 581, 582, 583, 584, 585, 586, 587, 588, 589, 590, 591,
    592, 593, 594, 595, 596, 597, 598, 599, 600, 601, 602, 603, 604, 605, 606, 607,
    608, 609, 610, 611, 612, 613, 614, 615, 616, 617, 618, 619, 620, 621, 622, 623,
    624, 625, 626, 627, 628, 629, 630, 631, 632, 633, 634, 635, 636, 637, 638, 639,
    640, 641, 642, 643, 644, 645, 646, 647, 648, 649, 650, 651, 652, 653, 654, 655,
    656, 657, 658, 659, 660, 661, 662, 663, 664, 665, 666, 667, 668, 669, 670, 671,
    672, 673, 674, 675, 676, 677, 678, 679, 680, 681, 682, 683, 684, 685, 686, 687,
    688, 689, 690, 691, 692, 693, 694, 695, 696, 697, 698, 699, 700, 701, 702, 703,
    704, 705, 706, 707, 708, 709, 710, 711, 712, 713, 714, 715, 716, 717, 718, 719,
    720, 721, 722, 723, 724, 725, 726, 727, 728, 729, 730, 731, 732, 733, 734, 735,
    736, 737, 738, 739, 740, 741, 742, 743, 744, 745, 746, 747, 748, 749, 750, 751,
    752, 753, 754, 755, 756, 757, 758, 759, 760, 761, 762, 763, 764, 765, 766, 767,
    768, 769, 770, 771, 772, 773, 774, 775, 776, 777, 778, 779, 780, 781, 782, 783,
    784, 785, 786, 787, 788, 789, 790, 791, 792, 793, 794, 795, 796, 797, 798, 799,
    800, 801, 802, 803, 804, 805, 806, 807, 808, 809, 810, 811, 812, 813, 814, 815,
    816, 817, 818, 819, 820, 821, 822, 823, 824, 825, 826, 827, 828, 829, 830, 831,
    832, 833, 834, 835, 836, 837, 838, 839, 840, 841, 842, 843, 844, 845, 846, 847,
    848, 849, 850, 851, 852, 853, 854, 855, 856, 857, 858, 859, 860, 861, 862, 863,
    864, 865, 866, 867, 868, 869, 870, 871, 872, 873, 874, 875, 876, 877, 878, 879,
    880, 881, 882, 883, 884, 885, 886, 887, 888, 889, 890, 891, 892, 893, 894, 895,
    896, 897, 898, 899, 900, 901, 902, 903, 904, 905, 906, 907, 908, 909, 910, 911,
    912, 913, 914, 915, 916, 917, 918, 919, 920, 921, 922, 923, 924, 925, 926, 927,
    928, 929, 930, 931, 932, 933, 934, 935, 936, 937, 938, 939, 940, 941, 942, 943,
    944, 945, 946, 947, 948, 949, 950, 951, 952, 953, 954, 955, 956, 957, 958, 959,
    960, 961, 962, 963, 964, 965, 966, 967, 968, 969, 970, 971, 972, 973, 974, 975,
    976, 977, 978, 979, 980, 981, 982, 983, 984, 985, 986, 987, 988, 989, 990, 991,
    992, 993, 994, 995, 996, 997, 998, 999, 1000, 1001, 1002, 1003, 1004, 1005, 1006, 1007,
    1008, 1009, 1010, 1011, 1012, 1013, 1014, 1015, 1016,
};

alignas(int) static const unsigned char rin_h2_v1_map_rle[2208] = {
    0x30, 0x00, 0x20, 0x00, 0x9F, 0x00, 0x3B, 0x01, 0x10, 0x02, 0x10, 0x03, 0x10, 0x04, 0x10, 0x05,
    0x10, 0x06, 0x20, 0x07, 0x20, 0x08, 0x20, 0x09, 0x20, 0x0A, 0x20, 0x0B, 0x20, 0x0C, 0x20, 0x0D,
    0x20, 0x0E, 0x20, 0x0F, 0x20, 0x10, 0x20, 0x11, 0x20, 0x12, 0x20, 0x13, 0x30, 0x14, 0x30, 0x15,
    0x30, 0x16, 0x30, 0x17, 0x60, 0x18, 0x30, 0x19, 0x30, 0x1A, 0x30, 0x1B, 0x30, 0x1C, 0x30, 0x1D,
    0x30, 0x1E, 0x30, 0xC1, 0x00, 0x3B, 0x1F, 0x10, 0x20, 0x10, 0x21, 0x10, 0x22, 0x10, 0x23, 0x10,
    0x24, 0x20, 0x25, 0x20, 0x26, 0x20, 0x27, 0x20, 0x28, 0x20, 0x29, 0x20, 0x2A, 0x20, 0x2B, 0x20,
    0x2C, 0x20, 0x2D, 0x20, 0x2E, 0x20, 0x2F, 0x20, 0x30, 0x60, 0x31, 0x30, 0x32, 0x30, 0x33, 0x30,
    0x34, 0x30, 0x35, 0x60, 0x36, 0x50, 0x37, 0x50, 0x38, 0x50, 0x39, 0x50, 0x3A, 0x20, 0x3B, 0x30,
    0x3C, 0x30, 0xC1, 0x00, 0x3B, 0x3D, 0x10, 0x3E, 0x10, 0x3F, 0x10, 0x40, 0x10, 0x41, 0x10, 0x42,
    0x20, 0x43, 0x20, 0x44, 0x20, 0x45, 0x20, 0x46, 0x20, 0x47, 0x20, 0x48, 0x10, 0x49, 0x20, 0x4A,
    0x20, 0x4B, 0x20, 0x4C, 0x20, 0x4D, 0x20, 0x4E, 0x60, 0x4F, 0x30, 0x50, 0x30, 0x51, 0x30, 0x52,
    0x30, 0x53, 0x50, 0x54, 0x50, 0x55, 0x50, 0x56, 0x50, 0x57, 0x50, 0x58, 0x50, 0x59, 0x50, 0x5A,
    0x30, 0xC1, 0x00, 0x3B, 0x5B, 0x10, 0x5C, 0x10, 0x5D, 0x10, 0x5E, 0x10, 0x5F, 0x10, 0x60, 0x10,
    0x61, 0x10, 0x62, 0x10, 0x63, 0x10, 0x64, 0x10, 0x65, 0x10, 0x66, 0x10, 0x67, 0x20, 0x68, 0x20,
    0x69, 0x20, 0x6A, 0x20, 0x6B, 0x20, 0x6C, 0x60, 0x6D, 0x30, 0x6E, 0x30, 0x6F, 0x50, 0x70, 0x50,
    0x71, 0x50, 0x72, 0x50, 0x73, 0x50, 0x74, 0x50, 0x75, 0x50, 0x76, 0x50, 0x77, 0x50, 0x78, 0x60,
    0xC1, 0x00, 0x3B, 0x79, 0x10, 0x7A, 0x10, 0x7B, 0x10, 0x7C, 0x10, 0x7D, 0x10, 0x7E, 0x10, 0x7F,
    0x10, 0x80, 0x10, 0x81, 0x10, 0x82, 0x10, 0x83, 0x10, 0x84, 0x10, 0x85, 0x20, 0x86, 0x20, 0x87,
    0x20, 0x88, 0x20, 0x89, 0x20, 0x8A, 0x60, 0x8B, 0x30, 0x8C, 0x20, 0x8D, 0x50, 0x8E, 0x50, 0x8F,
    0x50, 0x90, 0x50, 0x91, 0x50, 0x92, 0x50, 0x93, 0x50, 0x94, 0x50, 0x95, 0x50, 0x96, 0x50, 0xC1,
    0x00, 0x3B, 0x97, 0x10, 0x98, 0x10, 0x99, 0x10, 0x9A, 0x10, 0x9B, 0x10, 0x9C, 0x10, 0x9D, 0x10,
    0x9E, 0x10, 0x9F, 0x10, 0xA0, 0x10, 0xA1, 0x10, 0xA2, 0x10, 0xA3, 0x20, 0xA4, 0x20, 0xA5, 0x20,
    0xA6, 0x20, 0xA7, 0x20, 0xA8, 0x10, 0xA9, 0x60, 0xAA, 0x50, 0xAB, 0x50, 0xAC, 0x50, 0xAD, 0x50,
    0xAE, 0x50, 0xAF, 0x50, 0xB0, 0x50, 0xB1, 0x50, 0xB2, 0x50, 0xB3, 0x50, 0xB4, 0x50, 0xC1, 0x00,
    0x3B, 0xB5, 0x10, 0xB6, 0x10, 0xB7, 0x10, 0xB8, 0x10, 0xB9, 0x10, 0xBA, 0x10, 0xBB, 0x10, 0xBC,
    0x10, 0xBD, 0x10, 0xBE, 0x10, 0xBF, 0x10, 0xC0, 0x10, 0xC1, 0x20, 0xC2, 0x20, 0xC3, 0x20, 0xC4,
    0x20, 0xC5, 0x20, 0xC6, 0x20, 0xC7, 0x60, 0xC8, 0x50, 0xC9, 0x50, 0xCA, 0x60, 0xCB, 0x60, 0xCC,
    0x50, 0xCD, 0x50, 0xCE, 0x50, 0xCF, 0x50, 0xD0, 0x50, 0xD1, 0x50, 0xD2, 0x20, 0xC1, 0x00, 0x3B,
    0xD3, 0x10, 0xD4, 0x10, 0xD5, 0x10, 0xD6, 0x10, 0xD7, 0x10, 0xD8, 0x10, 0xD9, 0x10, 0xDA, 0x10,
    0xDB, 0x10, 0xDC, 0x10, 0xDD, 0x10, 0xDE, 0x10, 0xDF, 0x10, 0xE0, 0x20, 0xE1, 0x20, 0xE2, 0x20,
    0xE3, 0x20, 0xE4, 0x20, 0xE5, 0x70, 0xE6, 0x60, 0xE7, 0x60, 0xE8, 0x60, 0xE9, 0x60, 0xEA, 0x70,
    0xEB, 0x50, 0xEC, 0x50, 0xED, 0x50, 0xEE, 0x50, 0xEF, 0x50, 0xF0, 0x30, 0xC1, 0x00, 0x3B, 0xF1,
    0x10, 0xF2, 0x10, 0xF3, 0x10, 0xF4, 0x10, 0xF5, 0x10, 0xF6, 0x10, 0xF7, 0x10, 0xF8, 0x10, 0xF9,
    0x10, 0xFA, 0x10, 0xFB, 0x10, 0xFC, 0x10, 0xFD, 0x10, 0xFE, 0x10, 0xFF, 0x10, 0x00, 0x21, 0x01,
    0x21, 0x02, 0x61, 0x03, 0x71, 0x04, 0x71, 0x05, 0x71, 0x06, 0x41, 0x07, 0x71, 0x08, 0x71, 0x09,
    0x61, 0x0A, 0x51, 0x0B, 0x51, 0x0C, 0x51, 0x0D, 0x51, 0x0E, 0x31, 0xC1, 0x00, 0x02, 0x0F, 0x11,
    0x10, 0x80, 0x11, 0x35, 0x12, 0x11, 0x13, 0x11, 0x14, 0x11, 0x15, 0x11, 0x16, 0x11, 0x17, 0x11,
    0x18, 0x11, 0x19, 0x11, 0x1A, 0x61, 0x1B, 0x61, 0x1C, 0x61, 0x1D, 0x21, 0x1E, 0x21, 0x1F, 0x21,
    0x20, 0x71, 0x21, 0x71, 0x22, 0x71, 0x23, 0x71, 0x24, 0x41, 0x25, 0x41, 0x26, 0x61, 0x27, 0x61,
    0x28, 0x51, 0x29, 0x51, 0x2A, 0x61, 0x2B, 0x51, 0x2C, 0x31, 0xC1, 0x00, 0x3B, 0x2D, 0x11, 0x2E,
    0x11, 0x2F, 0x11, 0x30, 0x11, 0x31, 0x11, 0x32, 0x11, 0x33, 0x01, 0x34, 0x01, 0x35, 0x01, 0x36,
    0x01, 0x37, 0x01, 0x38, 0x01, 0x39, 0x01, 0x3A, 0x61, 0x3B, 0x21, 0x3C, 0x21, 0x3D, 0x61, 0x3E,
    0x71, 0x3F, 0x71, 0x40, 0x71, 0x41, 0x71, 0x42, 0x41, 0x43, 0x41, 0x44, 0x41, 0x45, 0x61, 0x46,
    0x51, 0x47, 0x51, 0x48, 0x51, 0x49, 0x51, 0x4A, 0x31, 0xC1, 0x00, 0x3B, 0x4B, 0x11, 0x4C, 0x11,
    0x4D, 0x11, 0x4E, 0x11, 0x4F, 0x01, 0x50, 0x01, 0x51, 0x01, 0x52, 0x01, 0x53, 0x01, 0x54, 0x01,
    0x55, 0x01, 0x56, 0x01, 0x57, 0x01, 0x58, 0x61, 0x59, 0x21, 0x5A, 0x21, 0x5B, 0x61, 0x5C, 0x71,
    0x5D, 0x71, 0x5E, 0x71, 0x5F, 0x71, 0x60, 0x71, 0x61, 0x71, 0x62, 0x61, 0x63, 0x61, 0x64, 0x61,
    0x65, 0x61, 0x66, 0x31, 0x67, 0x31, 0x68, 0x31, 0xC1, 0x00, 0x3B, 0x69, 0x01, 0x6A, 0x01, 0x6B,
    0x11, 0x6C, 0x11, 0x6D, 0x01, 0x6E, 0x01, 0x6F, 0x01, 0x70, 0x01, 0x71, 0x01, 0x72, 0x01, 0x73,
    0x01, 0x74, 0x01, 0x75, 0x01, 0x76, 0x01, 0x77, 0x61, 0x78, 0x21, 0x79, 0x61, 0x7A, 0x71, 0x7B,
    0x41, 0x7C, 0x41, 0x7D, 0x41, 0x7E, 0x41, 0x7F, 0x41, 0x80, 0x41, 0x81, 0x11, 0x82, 0x11, 0x83,
    0x01, 0x84, 0x31, 0x85, 0x31, 0x86, 0x31, 0xC1, 0x00, 0x3B, 0x87, 0x71, 0x88, 0x71, 0x89, 0x61,
    0x8A, 0x11, 0x8B, 0x01, 0x8C, 0x01, 0x8D, 0x01, 0x8E, 0x01, 0x8F, 0x01, 0x90, 0x01, 0x91, 0x01,
    0x92, 0x01, 0x93, 0x01, 0x94, 0x01, 0x95, 0x71, 0x96, 0x71, 0x97, 0x61, 0x98, 0x41, 0x99, 0x41,
    0x9A, 0x41, 0x9B, 0x41, 0x9C, 0x41, 0x9D, 0x41, 0x9E, 0x41, 0x9F, 0x61, 0xA0, 0x61, 0xA1, 0x01,
    0xA2, 0x01, 0xA3, 0x31, 0xA4, 0x31, 0xC1, 0x00, 0x3B, 0xA5, 0x71, 0xA6, 0x71, 0xA7, 0x71, 0xA8,
    0x71, 0xA9, 0x71, 0xAA, 0x01, 0xAB, 0x01, 0xAC, 0x01, 0xAD, 0x01, 0xAE, 0x01, 0xAF, 0x01, 0xB0,
    0x01, 0xB1, 0x01, 0xB2, 0x01, 0xB3, 0x41, 0xB4, 0x41, 0xB5, 0x31, 0xB6, 0x31, 0xB7, 0x31, 0xB8,
    0x61, 0xB9, 0x61, 0xBA, 0x71, 0xBB, 0x41, 0xBC, 0x41, 0xBD, 0x61, 0xBE, 0x21, 0xBF, 0x61, 0xC0,
    0x11, 0xC1, 0x11, 0xC2, 0x31, 0xC1, 0x00, 0x3B, 0xC3, 0x71, 0xC4, 0x71, 0xC5, 0x71, 0xC6, 0x71,
    0xC7, 0x71, 0xC8, 0x71, 0xC9, 0x41, 0xCA, 0x41, 0xCB, 0x41, 0xCC, 0x41, 0xCD, 0x01, 0xCE, 0x01,
    0xCF, 0x01, 0xD0, 0x01, 0xD1, 0x41, 0xD2, 0x41, 0xD3, 0x31, 0xD4, 0x31, 0xD5, 0x31, 0xD6, 0x31,
    0xD7, 0x71, 0xD8, 0x71, 0xD9, 0x41, 0xDA, 0x41, 0xDB, 0x61, 0xDC, 0x21, 0xDD, 0x21, 0xDE, 0x61,
    0xDF, 0x11, 0xE0, 0x11, 0xC1, 0x00, 0x3B, 0xE1, 0x71, 0xE2, 0x71, 0xE3, 0x71, 0xC5, 0x71, 0xE4,
    0x71, 0xE5, 0x71, 0xE6, 0x71, 0xE7, 0x71, 0xE8, 0x41, 0xE9, 0x41, 0xEA, 0x41, 0xEB, 0x71, 0xEC,
    0x01, 0xED, 0x71, 0xEE, 0x41, 0xEF, 0x71, 0xF0, 0x41, 0xF1, 0x31, 0xF2, 0x31, 0xF3, 0x31, 0xF4,
    0x61, 0xF5, 0x41, 0xF6, 0x41, 0xF7, 0x41, 0xF8, 0x61, 0xF9, 0x21, 0xFA, 0x21, 0xFB, 0x21, 0xFC,
    0x61, 0xFD, 0x11, 0xC1, 0x00, 0x3B, 0xFE, 0x71, 0xFF, 0x71, 0x00, 0x72, 0x01, 0x72, 0x02, 0x72,
    0x03, 0x72, 0x04, 0x72, 0x05, 0x72, 0x06, 0x72, 0x07, 0x42, 0x08, 0x42, 0x09, 0x72, 0x0A, 0x72,
    0x0B, 0x72, 0x0C, 0x42, 0x0D, 0x72, 0x0E, 0x42, 0x0F, 0x72, 0x10, 0x72, 0x11, 0x72, 0x12, 0x72,
    0x13, 0x42, 0x14, 0x42, 0x15, 0x72, 0x16, 0x12, 0x17, 0x22, 0xF9, 0x21, 0x18, 0x22, 0x19, 0x22,
    0x1A, 0x62, 0xC1, 0x00, 0x3B, 0x1B, 0x72, 0x1C, 0x72, 0x1D, 0x02, 0x1E, 0x62, 0x1F, 0x62, 0x20,
    0x72, 0x21, 0x72, 0x22, 0x72, 0x23, 0x72, 0x24, 0x72, 0x25, 0x42, 0x26, 0x72, 0x27, 0x72, 0x28,
    0x42, 0x29, 0x42, 0x2A, 0x42, 0x2B, 0x42, 0x2C, 0x72, 0x2D, 0x72, 0x2E, 0x72, 0x2F, 0x02, 0x30,
    0x72, 0x31, 0x72, 0x32, 0x72, 0x33, 0x12, 0x34, 0x22, 0xF9, 0x21, 0x35, 0x22, 0x36, 0x22, 0x37,
    0x22, 0xC1, 0x00, 0x3B, 0x38, 0x72, 0x39, 0x72, 0x3A, 0x02, 0x3B, 0x12, 0x3C, 0x12, 0x3D, 0x12,
    0x3E, 0x72, 0x3F, 0x72, 0x40, 0x72, 0x41, 0x72, 0x42, 0x72, 0x43, 0x72, 0x44, 0x62, 0x45, 0x42,
    0x46, 0x42, 0x47, 0x42, 0x48, 0x42, 0x49, 0x42, 0x4A, 0x72, 0x4B, 0x02, 0x4C, 0x02, 0x4D, 0x72,
    0x4E, 0x72, 0x4F, 0x72, 0x50, 0x02, 0x51, 0x62, 0x52, 0x22, 0x53, 0x22, 0x54, 0x22, 0x55, 0x22,
    0xC1, 0x00, 0x3B, 0x56, 0x72, 0x57, 0x02, 0x58, 0x02, 0x59, 0x12, 0x5A, 0x12, 0x5B, 0x12, 0x5C,
    0x12, 0x5D, 0x62, 0x5E, 0x72, 0x5F, 0x72, 0x60, 0x72, 0x61, 0x72, 0x62, 0x62, 0x63, 0x42, 0x64,
    0x42, 0x65, 0x42, 0x66, 0x42, 0x67, 0x72, 0x68, 0x72, 0x69, 0x02, 0x6A, 0x02, 0x6B, 0x02, 0x6C,
    0x02, 0x6D, 0x02, 0x6E, 0x02, 0x6F, 0x02, 0x70, 0x62, 0x71, 0x22, 0x72, 0x22, 0x73, 0x22, 0xC1,
    0x00, 0x3B, 0x74, 0x02, 0x75, 0x02, 0x76, 0x02, 0x77, 0x12, 0x78, 0x12, 0x79, 0x12, 0x7A, 0x12,
    0x7B, 0x12, 0x7C, 0x62, 0x7D, 0x72, 0x7E, 0x72, 0x7F, 0x72, 0x80, 0x32, 0x81, 0x42, 0x82, 0x42,
    0x83, 0x42, 0x84, 0x42, 0x85, 0x72, 0x86, 0x72, 0x87, 0x02, 0x88, 0x02, 0x89, 0x02, 0x8A, 0x02,
    0x8B, 0x02, 0x8C, 0x02, 0x8D, 0x02, 0x8E, 0x02, 0x8F, 0x12, 0x90, 0x22, 0x91, 0x22, 0xC1, 0x00,
    0x3B, 0x92, 0x02, 0x93, 0x02, 0x94, 0x02, 0x95, 0x12, 0x78, 0x12, 0x96, 0x12, 0x97, 0x12, 0x98,
    0x12, 0x99, 0x12, 0x9A, 0x12, 0x9B, 0x62, 0x9C, 0x62, 0x9D, 0x32, 0x9E, 0x32, 0x9F, 0x42, 0xA0,
    0x42, 0xA1, 0x42, 0xA2, 0x72, 0xA3, 0x72, 0xA4, 0x42, 0xA5, 0x02, 0xA6, 0x02, 0xA7, 0x02, 0xA8,
    0x02, 0xA9, 0x02, 0xAA, 0x02, 0xAB, 0x02, 0xAC, 0x02, 0xAD, 0x12, 0xAE, 0x22, 0xC1, 0x00, 0x3B,
    0xAF, 0x02, 0xB0, 0x02, 0xB1, 0x02, 0xB2, 0x12, 0xB3, 0x12, 0xB4, 0x12, 0xB5, 0x12, 0xB6, 0x12,
    0xB7, 0x12, 0xB8, 0x02, 0xB9, 0x02, 0xBA, 0x12, 0xBB, 0x62, 0xBC, 0x62, 0xBD, 0x32, 0xBE, 0x32,
    0xBF, 0x62, 0xC0, 0x42, 0xC1, 0x62, 0xC2, 0x32, 0xC3, 0x02, 0xC4, 0x02, 0xC5, 0x02, 0xC6, 0x02,
    0xC7, 0x02, 0xC8, 0x02, 0xC9, 0x02, 0xCA, 0x02, 0xCB, 0x02, 0xCC, 0x22, 0xC1, 0x00, 0x3B, 0xCD,
    0x02, 0xCE, 0x02, 0xCF, 0x02, 0xD0, 0x12, 0xD1, 0x12, 0xD2, 0x12, 0xD3, 0x12, 0xD4, 0x12, 0xD5,
    0x12, 0xD6, 0x12, 0xD7, 0x02, 0xD8, 0x72, 0xD9, 0x42, 0xDA, 0x42, 0xDB, 0x42, 0xDC, 0x32, 0xDD,
    0x32, 0xDE, 0x32, 0xDF, 0x32, 0xE0, 0x32, 0xE1, 0x02, 0xE2, 0x02, 0xE3, 0x02, 0xE4, 0x02, 0xE5,
    0x02, 0xE6, 0x02, 0xE7, 0x02, 0xE8, 0x02, 0xE9, 0x02, 0xEA, 0x02, 0xC1, 0x00, 0x2E, 0xEB, 0x02,
    0xEC, 0x02, 0xED, 0x02, 0xEE, 0x12, 0xEF, 0x12, 0xF0, 0x12, 0xF1, 0x12, 0xF2, 0x12, 0xF3, 0x12,
    0xF4, 0x42, 0xF5, 0x42, 0xF6, 0x42, 0xF7, 0x42, 0xF8, 0x42, 0xF9, 0x42, 0xFA, 0x42, 0xFB, 0x42,
    0xFC, 0x42, 0xFD, 0x32, 0xFE, 0x62, 0xFF, 0x02, 0x00, 0x03, 0x01, 0x03, 0x02, 0x80, 0x03, 0x09,
    0x04, 0x03, 0x05, 0x03, 0x06, 0x03, 0x07, 0x03, 0x08, 0x03, 0xC1, 0x00, 0x3B, 0x09, 0x03, 0x0A,
    0x03, 0x0B, 0x03, 0x0C, 0x13, 0x0D, 0x03, 0x0E, 0x03, 0x0F, 0x13, 0x10, 0x63, 0x11, 0x43, 0x12,
    0x43, 0x13, 0x43, 0x14, 0x43, 0x15, 0x43, 0x16, 0x43, 0x17, 0x43, 0x18, 0x43, 0x19, 0x43, 0x1A,
    0x43, 0x1B, 0x73, 0x1C, 0x03, 0x1D, 0x03, 0x1E, 0x03, 0x1F, 0x03, 0x20, 0x03, 0x21, 0x03, 0x22,
    0x03, 0x23, 0x03, 0x24, 0x03, 0x25, 0x03, 0x26, 0x03, 0xC1, 0x00, 0x3B, 0x27, 0x03, 0x28, 0x03,
    0x29, 0x03, 0x2A, 0x03, 0x2B, 0x03, 0x2C, 0x03, 0x2D, 0x43, 0x2E, 0x43, 0x2F, 0x43, 0x30, 0x43,
    0x31, 0x43, 0x32, 0x43, 0x33, 0x43, 0x34, 0x43, 0x35, 0x43, 0x36, 0x43, 0x37, 0x43, 0x38, 0x73,
    0x39, 0x03, 0x3A, 0x03, 0x3B, 0x03, 0x3C, 0x03, 0x3D, 0x03, 0x3E, 0x03, 0x3F, 0x03, 0x40, 0x03,
    0x41, 0x03, 0x42, 0x03, 0x43, 0x03, 0x44, 0x03, 0xC1, 0x00, 0x3B, 0x45, 0x03, 0x46, 0x03, 0x47,
    0x03, 0x48, 0x03, 0x49, 0x03, 0x4A, 0x43, 0x4B, 0x43, 0x4C, 0x43, 0x4D, 0x43, 0x4E, 0x43, 0x4F,
    0x43, 0x50, 0x43, 0x51, 0x43, 0x52, 0x43, 0x53, 0x43, 0x54, 0x43, 0x55, 0x03, 0x56, 0x03, 0x57,
    0x03, 0x58, 0x03, 0x59, 0x03, 0x5A, 0x03, 0x5B, 0x03, 0x5C, 0x03, 0x5D, 0x03, 0x5E, 0x03, 0x5F,
    0x03, 0x60, 0x03, 0x61, 0x03, 0x62, 0x13, 0xC1, 0x00, 0x3B, 0x63, 0x03, 0x64, 0x03, 0x65, 0x03,
    0x66, 0x03, 0x67, 0x43, 0x68, 0x43, 0x69, 0x43, 0x6A, 0x43, 0x6B, 0x43, 0x6C, 0x43, 0x6D, 0x43,
    0x6E, 0x43, 0x6F, 0x43, 0x70, 0x73, 0x71, 0x03, 0x72, 0x03, 0x73, 0x03, 0x74, 0x03, 0x75, 0x03,
    0x76, 0x03, 0x77, 0x03, 0x78, 0x03, 0x79, 0x03, 0x7A, 0x13, 0x7B, 0x13, 0x7C, 0x13, 0x7D, 0x13,
    0x7E, 0x13, 0x7F, 0x13, 0x80, 0x13, 0xC1, 0x00, 0x3B, 0x81, 0x03, 0x82, 0x03, 0x83, 0x43, 0x84,
    0x43, 0x85, 0x43, 0x86, 0x43, 0x87, 0x43, 0x88, 0x43, 0x89, 0x43, 0x8A, 0x73, 0x8B, 0x73, 0x8C,
    0x73, 0x8D, 0x03, 0x8E, 0x03, 0x8F, 0x03, 0x90, 0x03, 0x91, 0x03, 0x92, 0x03, 0x93, 0x13, 0x94,
    0x13, 0x95, 0x13, 0x96, 0x13, 0x97, 0x13, 0x98, 0x13, 0x99, 0x13, 0x9A, 0x13, 0x9B, 0x13, 0x9C,
    0x13, 0x9D, 0x13, 0x9E, 0x13, 0xC1, 0x00, 0x3B, 0x9F, 0x03, 0xA0, 0x43, 0xA1, 0x43, 0xA2, 0x43,
    0xA3, 0x43, 0xA4, 0x43, 0xA5, 0x73, 0xA6, 0x73, 0xA7, 0x73, 0xA8, 0x63, 0xA9, 0x13, 0xAA, 0x13,
    0xAB, 0x13, 0xAC, 0x13, 0xAD, 0x13, 0xAE, 0x13, 0xAF, 0x13, 0xB0, 0x13, 0xB1, 0x13, 0xB2, 0x13,
    0xB3, 0x13, 0xB4, 0x13, 0xB5, 0x13, 0xB6, 0x13, 0xB7, 0x13, 0xB8, 0x13, 0xB9, 0x13, 0xBA, 0x13,
    0xBB, 0x13, 0xBC, 0x13, 0xC1, 0x00, 0x3B, 0xBD, 0x03, 0xBE, 0x43, 0xBF, 0x43, 0xC0, 0x73, 0xC1,
    0x73, 0xC2, 0x73, 0xC3, 0x73, 0xC4, 0x63, 0xC5, 0x13, 0xC6, 0x13, 0xC7, 0x13, 0xC8, 0x13, 0xC9,
    0x13, 0xCA, 0x13, 0xCB, 0x13, 0xCC, 0x13, 0xCD, 0x13, 0xCE, 0x13, 0xCF, 0x13, 0xD0, 0x13, 0xD1,
    0x13, 0xD2, 0x13, 0xD3, 0x13, 0xD4, 0x13, 0xD5, 0x13, 0xD6, 0x13, 0xD7, 0x13, 0xD8, 0x13, 0xD9,
    0x13, 0xDA, 0x13, 0xC1, 0x00, 0x3B, 0xDB, 0x03, 0xDC, 0x43, 0xDD, 0x73, 0xDE, 0x73, 0xDF, 0x73,
    0xE0, 0x63, 0xE1, 0x13, 0xE2, 0x13, 0xE3, 0x13, 0xE4, 0x13, 0xE5, 0x13, 0xE6, 0x13, 0xE7, 0x13,
    0xE8, 0x13, 0xE9, 0x13, 0xEA, 0x13, 0xEB, 0x13, 0xEC, 0x13, 0xED, 0x13, 0xEE, 0x13, 0xEF, 0x13,
    0xF0, 0x13, 0xF1, 0x13, 0xF2, 0x13, 0xF3, 0x13, 0xF4, 0x13, 0xF5, 0x13, 0xF6, 0x13, 0xF7, 0x13,
    0xF8, 0x13, 0xFF, 0x00, 0xFF, 0x00, 0xFF, 0x00, 0xFF, 0x00, 0xFF, 0x00, 0xFF, 0x00, 0xFF, 0x00,
    0xFF, 0x00, 0xFF, 0x00, 0xFF, 0x00, 0xFF, 0x00, 0xFF, 0x00, 0xFF, 0x00, 0xFF, 0x00, 0xFF, 0x00,
    0xFF, 0x00, 0xFF, 0x00, 0xFF, 0x00, 0xFF, 0x00, 0xFF, 0x00, 0xFF, 0x00, 0xFF, 0x00, 0xFF, 0x00,
    0xFF, 0x00, 0xFF, 0x00, 0xFF, 0x00, 0xFF, 0x00, 0xFF, 0x00, 0xFF, 0x00, 0xE5, 0x00, 0x00, 0x00,
};

alignas(int) static const uint16_t rin_h2_v2_used[1017] = {
    0, 1, 2, 3, 4, 5, 6, 7, 8, 9, 10, 11, 12, 13, 14, 15,
    16, 17, 18, 19, 20, 21, 22, 23, 24, 25, 26, 27, 28, 29, 30, 31,
    32, 33, 34, 35, 36, 37, 38, 39, 40, 41, 42, 43, 44, 45, 46, 47,
    48, 49, 50, 51, 52, 53, 54, 55, 56, 57, 58, 59, 60, 61, 62, 63,
    64, 65, 66, 67, 68, 69, 70, 71, 72, 73, 74, 75, 76, 77, 78, 79,
    80, 81, 82, 83, 84, 85, 86, 87, 88, 89, 90, 91, 92, 93, 94, 95,
    96, 97, 98, 99, 100, 101, 102, 103, 104, 105, 106, 107, 108, 109, 110, 111,
    112, 113, 114, 115, 116, 117, 118, 119, 120, 121, 122, 123, 124, 125, 126, 127,
    128, 129, 130, 131, 132, 133, 134, 135, 136, 137, 138, 139, 140, 141, 142, 143,
    144, 145, 146, 147, 148, 149, 150, 151, 152, 153, 154, 155, 156, 157, 158, 159,
    160, 161, 162, 163, 164, 165, 166, 167, 168, 169, 170, 171, 172, 173, 174, 175,
    176, 177, 178, 179, 180, 181, 182, 183, 184, 185, 186, 187, 188, 189, 190, 191,
    192, 193, 194, 195, 196, 197, 198, 199, 200, 1038, 1039, 1040, 204, 205, 206, 207,
    208, 209, 210, 211, 212, 213, 214, 215, 216, 217, 218, 219, 220, 221, 222, 223,
    224, 225, 226, 227, 228, 229, 1041, 1042, 1043, 1044, 234, 1045, 236, 237, 238, 239,
    240, 241, 242, 243, 244, 245, 246, 247, 248, 249, 250, 251, 252, 253, 254, 255,
    256, 257, 258, 259, 1046, 261, 1047, 263, 1048, 1049, 266, 267, 268, 269, 270, 271,
    272, 273, 274, 275, 276, 277, 278, 279, 280, 281, 282, 283, 284, 285, 286, 287,
    288, 289, 290, 291, 292, 293, 1050, 1051, 1052, 297, 298, 299, 300, 301, 302, 303,
    304, 305, 306, 307, 308, 309, 310, 311, 312, 313, 314, 315, 316, 317, 318, 319,
    320, 1053, 1054, 323, 1055, 1056, 1057, 327, 328, 329, 330, 331, 332, 333, 334, 335,
    336, 337, 338, 339, 340, 341, 342, 343, 344, 345, 346, 347, 348, 349, 350, 351,
    352, 353, 1058, 1059, 356, 357, 358, 359, 360, 361, 362, 363, 364, 365, 366, 367,
    368, 369, 370, 371, 372, 373, 374, 375, 376, 377, 378, 379, 380, 381, 382, 383,
    384, 385, 386, 387, 388, 389, 390, 391, 392, 393, 394, 395, 396, 397, 398, 399,
    400, 401, 402, 403, 404, 405, 406, 407, 408, 409, 410, 411, 412, 413, 414, 415,
    416, 417, 418, 419, 420, 421, 422, 423, 424, 425, 426, 427, 428, 429, 430, 431,
    432, 433, 434, 435, 436, 437, 438, 439, 440, 441, 442, 443, 444, 445, 446, 447,
    448, 449, 450, 451, 452, 453, 454, 455, 456, 457, 458, 459, 460, 461, 462, 463,
    464, 465, 466, 467, 468, 469, 470, 471, 472, 473, 474, 475, 476, 477, 478, 479,
    480, 481, 482, 483, 484, 485, 486, 487, 488, 489, 490, 491, 492, 493, 494, 495,
    496, 497, 498, 499, 500, 501, 502, 503, 504, 505, 506, 507, 508, 509, 510, 511,
    512, 513, 514, 515, 516, 517, 518, 519, 520, 521, 522, 523, 524, 525, 526, 527,
    528, 529, 530, 531, 532, 533, 534, 535, 536, 537, 538, 539, 540, 541, 542, 543,
    544, 545, 546, 547, 548, 549, 550, 551, 552, 553, 554, 555, 556, 557, 558, 559,
    560, 561, 562, 563, 564, 565, 566, 567, 568, 569, 570, 571, 572, 573, 574, 575,
    576, 577, 578, 579, 580, 581, 582, 583, 584, 585, 586, 587, 588, 589, 590, 591,
    592, 593, 594, 595, 596, 597, 598, 599, 600, 601, 602, 603, 604, 605, 606, 607,
    608, 609, 610, 611, 612, 613, 614, 615, 616, 617, 618, 619, 620, 621, 622, 623,
    624, 625, 626, 627, 628, 629, 630, 631, 632, 633, 634, 635, 636, 637, 638, 639,
    640, 641, 642, 643, 644, 645, 646, 647, 648, 649, 650, 651, 652, 653, 654, 655,
    656, 657, 658, 659, 660, 661, 662, 663, 664, 665, 666, 667, 668, 669, 670, 671,
    672, 673, 674, 675, 676, 677, 678, 679, 680, 681, 682, 683, 684, 685, 686, 687,
    688, 689, 690, 691, 692, 693, 694, 695, 696, 697, 698, 699, 700, 701, 702, 703,
    704, 705, 706, 707, 708, 709, 710, 711, 712, 713, 714, 715, 716, 717, 718, 719,
    720, 721, 722, 723, 724, 725, 726, 727, 728, 729, 730, 731, 732, 733, 734, 735,
    736, 737, 738, 739, 740, 741, 742, 743, 744, 745, 746, 747, 748, 749, 750, 751,
    752, 753, 754, 755, 756, 757, 758, 759, 760, 761, 762, 763, 764, 765, 766, 767,
    768, 769, 770, 771, 772, 773, 774, 775, 776, 777, 778, 779, 780, 781, 782, 783,
    784, 785, 786, 787, 788, 789, 790, 791, 792, 793, 794, 795, 796, 797, 798, 799,
    800, 801, 802, 803, 804, 805, 806, 807, 808, 809, 810, 811, 812, 813, 814, 815,
    816, 817, 818, 819, 820, 821, 822, 823, 824, 825, 826, 827, 828, 829, 830, 831,
    832, 833, 834, 835, 836, 837, 838, 839, 840, 841, 842, 843, 844, 845, 846, 847,
    848, 849, 850, 851, 852, 853, 854, 855, 856, 857, 858, 859, 860, 861, 862, 863,
    864, 865, 866, 867, 868, 869, 870, 871, 872, 873, 874, 875, 876, 877, 878, 879,
    880, 881, 882, 883, 884, 885, 886, 887, 888, 889, 890, 891, 892, 893, 894, 895,
    896, 897, 898, 899, 900, 901, 902, 903, 904, 905, 906, 907, 908, 909, 910, 911,
    912, 913, 914, 915, 916, 917, 918, 919, 920, 921, 922, 923, 924, 925, 926, 927,
    928, 929, 930, 931, 932, 933, 934, 935, 936, 937, 938, 939, 940, 941, 942, 943,
    944, 945, 946, 947, 948, 949, 950, 951, 952, 953, 954, 955, 956, 957, 958, 959,
    960, 961, 962, 963, 964, 965, 966, 967, 968, 969, 970, 971, 972, 973, 974, 975,
    976, 977, 978, 979, 980, 981, 982, 983, 984, 985, 986, 987, 988, 989, 990, 991,
    992, 993, 994, 995, 996, 997, 998, 999, 1000, 1001, 1002, 1003, 1004, 1005, 1006, 1007,
    1008, 1009, 1010, 1011, 1012, 1013, 1014, 1015, 1016,
};

alignas(int) static const unsigned char rin_h2_v2_map_rle[2208] = {
    0x30, 0x00, 0x20, 0x00, 0x9F, 0x00, 0x3B, 0x01, 0x10, 0x02, 0x10, 0x03, 0x10, 0x04, 0x10, 0x05,
    0x10, 0x06, 0x20, 0x07, 0x20, 0x08, 0x20, 0x09, 0x20, 0x0A, 0x20, 0x0B, 0x20, 0x0C, 0x20, 0x0D,
    0x20, 0x0E, 0x20, 0x0F, 0x20, 0x10, 0x20, 0x11, 0x20, 0x12, 0x20, 0x13, 0x30, 0x14, 0x30, 0x15,
    0x30, 0x16, 0x30, 0x17, 0x60, 0x18, 0x30, 0x19, 0x30, 0x1A, 0x30, 0x1B, 0x30, 0x1C, 0x30, 0x1D,
    0x30, 0x1E, 0x30, 0xC1, 0x00, 0x3B, 0x1F, 0x10, 0x20, 0x10, 0x21, 0x10, 0x22, 0x10, 0x23, 0x10,
    0x24, 0x20, 0x25, 0x20, 0x26, 0x20, 0x27, 0x20, 0x28, 0x20, 0x29, 0x20, 0x2A, 0x20, 0x2B, 0x20,
    0x2C, 0x20, 0x2D, 0x20, 0x2E, 0x20, 0x2F, 0x20, 0x30, 0x60, 0x31, 0x30, 0x32, 0x30, 0x33, 0x30,
    0x34, 0x30, 0x35, 0x60, 0x36, 0x50, 0x37, 0x50, 0x38, 0x50, 0x39, 0x50, 0x3A, 0x20, 0x3B, 0x30,
    0x3C, 0x30, 0xC1, 0x00, 0x3B, 0x3D, 0x10, 0x3E, 0x10, 0x3F, 0x10, 0x40, 0x10, 0x41, 0x10, 0x42,
    0x20, 0x43, 0x20, 0x44, 0x20, 0x45, 0x20, 0x46, 0x20, 0x47, 0x20, 0x48, 0x10, 0x49, 0x20, 0x4A,
    0x20, 0x4B, 0x20, 0x4C, 0x20, 0x4D, 0x20, 0x4E, 0x60, 0x4F, 0x30, 0x50, 0x30, 0x51, 0x30, 0x52,
    0x30, 0x53, 0x50, 0x54, 0x50, 0x55, 0x50, 0x56, 0x50, 0x57, 0x50, 0x58, 0x50, 0x59, 0x50, 0x5A,
    0x30, 0xC1, 0x00, 0x3B, 0x5B, 0x10, 0x5C, 0x10, 0x5D, 0x10, 0x5E, 0x10, 0x5F, 0x10, 0x60, 0x10,
    0x61, 0x10, 0x62, 0x10, 0x63, 0x10, 0x64, 0x10, 0x65, 0x10, 0x66, 0x10, 0x67, 0x20, 0x68, 0x20,
    0x69, 0x20, 0x6A, 0x20, 0x6B, 0x20, 0x6C, 0x60, 0x6D, 0x30, 0x6E, 0x30, 0x6F, 0x50, 0x70, 0x50,
    0x71, 0x50, 0x72, 0x50, 0x73, 0x50, 0x74, 0x50, 0x75, 0x50, 0x76, 0x50, 0x77, 0x50, 0x78, 0x60,
    0xC1, 0x00, 0x3B, 0x79, 0x10, 0x7A, 0x10, 0x7B, 0x10, 0x7C, 0x10, 0x7D, 0x10, 0x7E, 0x10, 0x7F,
    0x10, 0x80, 0x10, 0x81, 0x10, 0x82, 0x10, 0x83, 0x10, 0x84, 0x10, 0x85, 0x20, 0x86, 0x20, 0x87,
    0x20, 0x88, 0x20, 0x89, 0x20, 0x8A, 0x60, 0x8B, 0x30, 0x8C, 0x20, 0x8D, 0x50, 0x8E, 0x50, 0x8F,
    0x50, 0x90, 0x50, 0x91, 0x50, 0x92, 0x50, 0x93, 0x50, 0x94, 0x50, 0x95, 0x50, 0x96, 0x50, 0xC1,
    0x00, 0x3B, 0x97, 0x10, 0x98, 0x10, 0x99, 0x10, 0x9A, 0x10, 0x9B, 0x10, 0x9C, 0x10, 0x9D, 0x10,
    0x9E, 0x10, 0x9F, 0x10, 0xA0, 0x10, 0xA1, 0x10, 0xA2, 0x10, 0xA3, 0x20, 0xA4, 0x20, 0xA5, 0x20,
    0xA6, 0x20, 0xA7, 0x20, 0xA8, 0x10, 0xA9, 0x60, 0xAA, 0x50, 0xAB, 0x50, 0xAC, 0x50, 0xAD, 0x50,
    0xAE, 0x50, 0xAF, 0x50, 0xB0, 0x50, 0xB1, 0x50, 0xB2, 0x50, 0xB3, 0x50, 0xB4, 0x50, 0xC1, 0x00,
    0x3B, 0xB5, 0x10, 0xB6, 0x10, 0xB7, 0x10, 0xB8, 0x10, 0xB9, 0x10, 0xBA, 0x10, 0xBB, 0x10, 0xBC,
    0x10, 0xBD, 0x10, 0xBE, 0x10, 0xBF, 0x10, 0xC0, 0x10, 0xC1, 0x20, 0xC2, 0x20, 0xC3, 0x20, 0xC4,
    0x20, 0xC5, 0x20, 0xC6, 0x20, 0xC7, 0x60, 0xC8, 0x50, 0xC9, 0x50, 0xCA, 0x60, 0xCB, 0x60, 0xCC,
    0x50, 0xCD, 0x50, 0xCE, 0x50, 0xCF, 0x50, 0xD0, 0x50, 0xD1, 0x50, 0xD2, 0x20, 0xC1, 0x00, 0x3B,
    0xD3, 0x10, 0xD4, 0x10, 0xD5, 0x10, 0xD6, 0x10, 0xD7, 0x10, 0xD8, 0x10, 0xD9, 0x10, 0xDA, 0x10,
    0xDB, 0x10, 0xDC, 0x10, 0xDD, 0x10, 0xDE, 0x10, 0xDF, 0x10, 0xE0, 0x20, 0xE1, 0x20, 0xE2, 0x20,
    0xE3, 0x20, 0xE4, 0x20, 0xE5, 0x70, 0xE6, 0x60, 0xE7, 0x60, 0xE8, 0x70, 0xE9, 0x60, 0xEA, 0x70,
    0xEB, 0x50, 0xEC, 0x50, 0xED, 0x50, 0xEE, 0x50, 0xEF, 0x50, 0xF0, 0x30, 0xC1, 0x00, 0x3B, 0xF1,
    0x10, 0xF2, 0x10, 0xF3, 0x10, 0xF4, 0x10, 0xF5, 0x10, 0xF6, 0x10, 0xF7, 0x10, 0xF8, 0x10, 0xF9,
    0x10, 0xFA, 0x10, 0xFB, 0x10, 0xFC, 0x10, 0xFD, 0x10, 0xFE, 0x10, 0xFF, 0x10, 0x00, 0x21, 0x01,
    0x21, 0x02, 0x61, 0x03, 0x71, 0x04, 0x71, 0x05, 0x71, 0x06, 0x71, 0x07, 0x71, 0x08, 0x71, 0x09,
    0x61, 0x0A, 0x51, 0x0B, 0x51, 0x0C, 0x51, 0x0D, 0x51, 0x0E, 0x31, 0xC1, 0x00, 0x02, 0x0F, 0x11,
    0x10, 0x80, 0x11, 0x35, 0x12, 0x11, 0x13, 0x11, 0x14, 0x11, 0x15, 0x11, 0x16, 0x11, 0x17, 0x11,
    0x18, 0x11, 0x19, 0x11, 0x1A, 0x61, 0x1B, 0x61, 0x1C, 0x61, 0x1D, 0x21, 0x1E, 0x21, 0x1F, 0x21,
    0x20, 0x71, 0x21, 0x71, 0x22, 0x71, 0x23, 0x71, 0x24, 0x41, 0x25, 0x41, 0x26, 0x71, 0x27, 0x71,
    0x28, 0x51, 0x29, 0x51, 0x2A, 0x61, 0x2B, 0x51, 0x2C, 0x31, 0xC1, 0x00, 0x3B, 0x2D, 0x11, 0x2E,
    0x11, 0x2F, 0x11, 0x30, 0x11, 0x31, 0x11, 0x32, 0x11, 0x33, 0x01, 0x34, 0x01, 0x35, 0x01, 0x36,
    0x01, 0x37, 0x01, 0x38, 0x01, 0x39, 0x01, 0x3A, 0x61, 0x3B, 0x21, 0x3C, 0x21, 0x3D, 0x61, 0x3E,
    0x71, 0x3F, 0x71, 0x40, 0x71, 0x41, 0x71, 0x42, 0x71, 0x43, 0x41, 0x44, 0x41, 0x45, 0x61, 0x46,
    0x51, 0x47, 0x51, 0x48, 0x51, 0x49, 0x51, 0x4A, 0x31, 0xC1, 0x00, 0x3B, 0x4B, 0x11, 0x4C, 0x11,
    0x4D, 0x11, 0x4E, 0x11, 0x4F, 0x01, 0x50, 0x01, 0x51, 0x01, 0x52, 0x01, 0x53, 0x01, 0x54, 0x01,
    0x55, 0x01, 0x56, 0x01, 0x57, 0x01, 0x58, 0x61, 0x59, 0x21, 0x5A, 0x21, 0x5B, 0x61, 0x5C, 0x71,
    0x5D, 0x71, 0x5E, 0x71, 0x5F, 0x71, 0x60, 0x71, 0x61, 0x71, 0x62, 0x61, 0x63, 0x61, 0x64, 0x61,
    0x65, 0x61, 0x66, 0x31, 0x67, 0x31, 0x68, 0x31, 0xC1, 0x00, 0x3B, 0x69, 0x01, 0x6A, 0x01, 0x6B,
    0x11, 0x6C, 0x11, 0x6D, 0x01, 0x6E, 0x01, 0x6F, 0x01, 0x70, 0x01, 0x71, 0x01, 0x72, 0x01, 0x73,
    0x01, 0x74, 0x01, 0x75, 0x01, 0x76, 0x01, 0x77, 0x61, 0x78, 0x21, 0x79, 0x61, 0x7A, 0x71, 0x7B,
    0x41, 0x7C, 0x41, 0x7D, 0x41, 0x7E, 0x41, 0x7F, 0x41, 0x80, 0x41, 0x81, 0x11, 0x82, 0x11, 0x83,
    0x01, 0x84, 0x31, 0x85, 0x31, 0x86, 0x31, 0xC1, 0x00, 0x3B, 0x87, 0x71, 0x88, 0x71, 0x89, 0x61,
    0x8A, 0x11, 0x8B, 0x01, 0x8C, 0x01, 0x8D, 0x01, 0x8E, 0x01, 0x8F, 0x01, 0x90, 0x01, 0x91, 0x01,
    0x92, 0x01, 0x93, 0x01, 0x94, 0x01, 0x95, 0x71, 0x96, 0x71, 0x97, 0x61, 0x98, 0x41, 0x99, 0x41,
    0x9A, 0x41, 0x9B, 0x41, 0x9C, 0x41, 0x9D, 0x41, 0x9E, 0x41, 0x9F, 0x61, 0xA0, 0x61, 0xA1, 0x01,
    0xA2, 0x01, 0xA3, 0x31, 0xA4, 0x31, 0xC1, 0x00, 0x3B, 0xA5, 0x71, 0xA6, 0x71, 0xA7, 0x71, 0xA8,
    0x71, 0xA9, 0x71, 0xAA, 0x01, 0xAB, 0x01, 0xAC, 0x01, 0xAD, 0x01, 0xAE, 0x01, 0xAF, 0x01, 0xB0,
    0x01, 0xB1, 0x01, 0xB2, 0x01, 0xB3, 0x41, 0xB4, 0x41, 0xB5, 0x31, 0xB6, 0x31, 0xB7, 0x31, 0xB8,
    0x61, 0xB9, 0x61, 0xBA, 0x71, 0xBB, 0x41, 0xBC, 0x41, 0xBD, 0x61, 0xBE, 0x21, 0xBF, 0x61, 0xC0,
    0x11, 0xC1, 0x11, 0xC2, 0x31, 0xC1, 0x00, 0x3B, 0xC3, 0x71, 0xC4, 0x71, 0xC5, 0x71, 0xC6, 0x71,
    0xC7, 0x71, 0xC8, 0x71, 0xC9, 0x41, 0xCA, 0x41, 0xCB, 0x41, 0xCC, 0x41, 0xCD, 0x01, 0xCE, 0x01,
    0xCF, 0x01, 0xD0, 0x01, 0xD1, 0x41, 0xD2, 0x41, 0xD3, 0x31, 0xD4, 0x31, 0xD5, 0x31, 0xD6, 0x31,
    0xD7, 0x71, 0xD8, 0x71, 0xD9, 0x41, 0xDA, 0x41, 0xDB, 0x61, 0xDC, 0x21, 0xDD, 0x21, 0xDE, 0x61,
    0xDF, 0x11, 0xE0, 0x11, 0xC1, 0x00, 0x3B, 0xE1, 0x71, 0xE2, 0x71, 0xE3, 0x71, 0xC5, 0x71, 0xE4,
    0x71, 0xE5, 0x71, 0xE6, 0x71, 0xE7, 0x71, 0xE8, 0x41, 0xE9, 0x41, 0xEA, 0x41, 0xEB, 0x71, 0xEC,
    0x01, 0xED, 0x71, 0xEE, 0x41, 0xEF, 0x71, 0xF0, 0x41, 0xF1, 0x31, 0xF2, 0x31, 0xF3, 0x31, 0xF4,
    0x61, 0xF5, 0x41, 0xF6, 0x41, 0xF7, 0x41, 0xF8, 0x61, 0xF9, 0x21, 0xFA, 0x21, 0xFB, 0x21, 0xFC,
    0x61, 0xFD, 0x11, 0xC1, 0x00, 0x3B, 0xFE, 0x71, 0xFF, 0x71, 0x00, 0x72, 0x01, 0x72, 0x02, 0x72,
    0x03, 0x72, 0x04, 0x72, 0x05, 0x72, 0x06, 0x72, 0x07, 0x42, 0x08, 0x42, 0x09, 0x72, 0x0A, 0x72,
    0x0B, 0x72, 0x0C, 0x42, 0x0D, 0x72, 0x0E, 0x42, 0x0F, 0x72, 0x10, 0x72, 0x11, 0x72, 0x12, 0x72,
    0x13, 0x42, 0x14, 0x42, 0x15, 0x72, 0x16, 0x12, 0x17, 0x22, 0xF9, 0x21, 0x18, 0x22, 0x19, 0x22,
    0x1A, 0x62, 0xC1, 0x00, 0x3B, 0x1B, 0x72, 0x1C, 0x72, 0x1D, 0x02, 0x1E, 0x62, 0x1F, 0x62, 0x20,
    0x72, 0x21, 0x72, 0x22, 0x72, 0x23, 0x72, 0x24, 0x72, 0x25, 0x42, 0x26, 0x72, 0x27, 0x72, 0x28,
    0x42, 0x29, 0x42, 0x2A, 0x42, 0x2B, 0x42, 0x2C, 0x72, 0x2D, 0x72, 0x2E, 0x72, 0x2F, 0x02, 0x30,
    0x72, 0x31, 0x72, 0x32, 0x72, 0x33, 0x12, 0x34, 0x22, 0xF9, 0x21, 0x35, 0x22, 0x36, 0x22, 0x37,
    0x22, 0xC1, 0x00, 0x3B, 0x38, 0x72, 0x39, 0x72, 0x3A, 0x02, 0x3B, 0x12, 0x3C, 0x12, 0x3D, 0x12,
    0x3E, 0x72, 0x3F, 0x72, 0x40, 0x72, 0x41, 0x72, 0x42, 0x72, 0x43, 0x72, 0x44, 0x62, 0x45, 0x42,
    0x46, 0x42, 0x47, 0x42, 0x48, 0x42, 0x49, 0x42, 0x4A, 0x72, 0x4B, 0x02, 0x4C, 0x02, 0x4D, 0x72,
    0x4E, 0x72, 0x4F, 0x72, 0x50, 0x02, 0x51, 0x62, 0x52, 0x22, 0x53, 0x22, 0x54, 0x22, 0x55, 0x22,
    0xC1, 0x00, 0x3B, 0x56, 0x72, 0x57, 0x02, 0x58, 0x02, 0x59, 0x12, 0x5A, 0x12, 0x5B, 0x12, 0x5C,
    0x12, 0x5D, 0x62, 0x5E, 0x72, 0x5F, 0x72, 0x60, 0x72, 0x61, 0x72, 0x62, 0x62, 0x63, 0x42, 0x64,
    0x42, 0x65, 0x42, 0x66, 0x42, 0x67, 0x72, 0x68, 0x72, 0x69, 0x02, 0x6A, 0x02, 0x6B, 0x02, 0x6C,
    0x02, 0x6D, 0x02, 0x6E, 0x02, 0x6F, 0x02, 0x70, 0x62, 0x71, 0x22, 0x72, 0x22, 0x73, 0x22, 0xC1,
    0x00, 0x3B, 0x74, 0x02, 0x75, 0x02, 0x76, 0x02, 0x77, 0x12, 0x78, 0x12, 0x79, 0x12, 0x7A, 0x12,
    0x7B, 0x12, 0x7C, 0x62, 0x7D, 0x72, 0x7E, 0x72, 0x7F, 0x72, 0x80, 0x32, 0x81, 0x42, 0x82, 0x42,
    0x83, 0x42, 0x84, 0x42, 0x85, 0x72, 0x86, 0x72, 0x87, 0x02, 0x88, 0x02, 0x89, 0x02, 0x8A, 0x02,
    0x8B, 0x02, 0x8C, 0x02, 0x8D, 0x02, 0x8E, 0x02, 0x8F, 0x12, 0x90, 0x22, 0x91, 0x22, 0xC1, 0x00,
    0x3B, 0x92, 0x02, 0x93, 0x02, 0x94, 0x02, 0x95, 0x12, 0x78, 0x12, 0x96, 0x12, 0x97, 0x12, 0x98,
    0x12, 0x99, 0x12, 0x9A, 0x12, 0x9B, 0x62, 0x9C, 0x62, 0x9D, 0x32, 0x9E, 0x32, 0x9F, 0x42, 0xA0,
    0x42, 0xA1, 0x42, 0xA2, 0x72, 0xA3, 0x72, 0xA4, 0x42, 0xA5, 0x02, 0xA6, 0x02, 0xA7, 0x02, 0xA8,
    0x02, 0xA9, 0x02, 0xAA, 0x02, 0xAB, 0x02, 0xAC, 0x02, 0xAD, 0x12, 0xAE, 0x22, 0xC1, 0x00, 0x3B,
    0xAF, 0x02, 0xB0, 0x02, 0xB1, 0x02, 0xB2, 0x12, 0xB3, 0x12, 0xB4, 0x12, 0xB5, 0x12, 0xB6, 0x12,
    0xB7, 0x12, 0xB8, 0x02, 0xB9, 0x02, 0xBA, 0x12, 0xBB, 0x62, 0xBC, 0x62, 0xBD, 0x32, 0xBE, 0x32,
    0xBF, 0x62, 0xC0, 0x42, 0xC1, 0x62, 0xC2, 0x32, 0xC3, 0x02, 0xC4, 0x02, 0xC5, 0x02, 0xC6, 0x02,
    0xC7, 0x02, 0xC8, 0x02, 0xC9, 0x02, 0xCA, 0x02, 0xCB, 0x02, 0xCC, 0x22, 0xC1, 0x00, 0x3B, 0xCD,
    0x02, 0xCE, 0x02, 0xCF, 0x02, 0xD0, 0x12, 0xD1, 0x12, 0xD2, 0x12, 0xD3, 0x12, 0xD4, 0x12, 0xD5,
    0x12, 0xD6, 0x12, 0xD7, 0x02, 0xD8, 0x72, 0xD9, 0x42, 0xDA, 0x42, 0xDB, 0x42, 0xDC, 0x32, 0xDD,
    0x32, 0xDE, 0x32, 0xDF, 0x32, 0xE0, 0x32, 0xE1, 0x02, 0xE2, 0x02, 0xE3, 0x02, 0xE4, 0x02, 0xE5,
    0x02, 0xE6, 0x02, 0xE7, 0x02, 0xE8, 0x02, 0xE9, 0x02, 0xEA, 0x02, 0xC1, 0x00, 0x2E, 0xEB, 0x02,
    0xEC, 0x02, 0xED, 0x02, 0xEE, 0x12, 0xEF, 0x12, 0xF0, 0x12, 0xF1, 0x12, 0xF2, 0x12, 0xF3, 0x12,
    0xF4, 0x42, 0xF5, 0x42, 0xF6, 0x42, 0xF7, 0x42, 0xF8, 0x42, 0xF9, 0x42, 0xFA, 0x42, 0xFB, 0x42,
    0xFC, 0x42, 0xFD, 0x32, 0xFE, 0x62, 0xFF, 0x02, 0x00, 0x03, 0x01, 0x03, 0x02, 0x80, 0x03, 0x09,
    0x04, 0x03, 0x05, 0x03, 0x06, 0x03, 0x07, 0x03, 0x08, 0x03, 0xC1, 0x00, 0x3B, 0x09, 0x03, 0x0A,
    0x03, 0x0B, 0x03, 0x0C, 0x13, 0x0D, 0x03, 0x0E, 0x03, 0x0F, 0x13, 0x10, 0x63, 0x11, 0x43, 0x12,
    0x43, 0x13, 0x43, 0x14, 0x43, 0x15, 0x43, 0x16, 0x43, 0x17, 0x43, 0x18, 0x43, 0x19, 0x43, 0x1A,
    0x43, 0x1B, 0x73, 0x1C, 0x03, 0x1D, 0x03, 0x1E, 0x03, 0x1F, 0x03, 0x20, 0x03, 0x21, 0x03, 0x22,
    0x03, 0x23, 0x03, 0x24, 0x03, 0x25, 0x03, 0x26, 0x03, 0xC1, 0x00, 0x3B, 0x27, 0x03, 0x28, 0x03,
    0x29, 0x03, 0x2A, 0x03, 0x2B, 0x03, 0x2C, 0x03, 0x2D, 0x43, 0x2E, 0x43, 0x2F, 0x43, 0x30, 0x43,
    0x31, 0x43, 0x32, 0x43, 0x33, 0x43, 0x34, 0x43, 0x35, 0x43, 0x36, 0x43, 0x37, 0x43, 0x38, 0x73,
    0x39, 0x03, 0x3A, 0x03, 0x3B, 0x03, 0x3C, 0x03, 0x3D, 0x03, 0x3E, 0x03, 0x3F, 0x03, 0x40, 0x03,
    0x41, 0x03, 0x42, 0x03, 0x43, 0x03, 0x44, 0x03, 0xC1, 0x00, 0x3B, 0x45, 0x03, 0x46, 0x03, 0x47,
    0x03, 0x48, 0x03, 0x49, 0x03, 0x4A, 0x43, 0x4B, 0x43, 0x4C, 0x43, 0x4D, 0x43, 0x4E, 0x43, 0x4F,
    0x43, 0x50, 0x43, 0x51, 0x43, 0x52, 0x43, 0x53, 0x43, 0x54, 0x43, 0x55, 0x03, 0x56, 0x03, 0x57,
    0x03, 0x58, 0x03, 0x59, 0x03, 0x5A, 0x03, 0x5B, 0x03, 0x5C, 0x03, 0x5D, 0x03, 0x5E, 0x03, 0x5F,
    0x03, 0x60, 0x03, 0x61, 0x03, 0x62, 0x13, 0xC1, 0x00, 0x3B, 0x63, 0x03, 0x64, 0x03, 0x65, 0x03,
    0x66, 0x03, 0x67, 0x43, 0x68, 0x43, 0x69, 0x43, 0x6A, 0x43, 0x6B, 0x43, 0x6C, 0x43, 0x6D, 0x43,
    0x6E, 0x43, 0x6F, 0x43, 0x70, 0x73, 0x71, 0x03, 0x72, 0x03, 0x73, 0x03, 0x74, 0x03, 0x75, 0x03,
    0x76, 0x03, 0x77, 0x03, 0x78, 0x03, 0x79, 0x03, 0x7A, 0x13, 0x7B, 0x13, 0x7C, 0x13, 0x7D, 0x13,
    0x7E, 0x13, 0x7F, 0x13, 0x80, 0x13, 0xC1, 0x00, 0x3B, 0x81, 0x03, 0x82, 0x03, 0x83, 0x43, 0x84,
    0x43, 0x85, 0x43, 0x86, 0x43, 0x87, 0x43, 0x88, 0x43, 0x89, 0x43, 0x8A, 0x73, 0x8B, 0x73, 0x8C,
    0x73, 0x8D, 0x03, 0x8E, 0x03, 0x8F, 0x03, 0x90, 0x03, 0x91, 0x03, 0x92, 0x03, 0x93, 0x13, 0x94,
    0x13, 0x95, 0x13, 0x96, 0x13, 0x97, 0x13, 0x98, 0x13, 0x99, 0x13, 0x9A, 0x13, 0x9B, 0x13, 0x9C,
    0x13, 0x9D, 0x13, 0x9E, 0x13, 0xC1, 0x00, 0x3B, 0x9F, 0x03, 0xA0, 0x43, 0xA1, 0x43, 0xA2, 0x43,
    0xA3, 0x43, 0xA4, 0x43, 0xA5, 0x73, 0xA6, 0x73, 0xA7, 0x73, 0xA8, 0x63, 0xA9, 0x13, 0xAA, 0x13,
    0xAB, 0x13, 0xAC, 0x13, 0xAD, 0x13, 0xAE, 0x13, 0xAF, 0x13, 0xB0, 0x13, 0xB1, 0x13, 0xB2, 0x13,
    0xB3, 0x13, 0xB4, 0x13, 0xB5, 0x13, 0xB6, 0x13, 0xB7, 0x13, 0xB8, 0x13, 0xB9, 0x13, 0xBA, 0x13,
    0xBB, 0x13, 0xBC, 0x13, 0xC1, 0x00, 0x3B, 0xBD, 0x03, 0xBE, 0x43, 0xBF, 0x43, 0xC0, 0x73, 0xC1,
    0x73, 0xC2, 0x73, 0xC3, 0x73, 0xC4, 0x63, 0xC5, 0x13, 0xC6, 0x13, 0xC7, 0x13, 0xC8, 0x13, 0xC9,
    0x13, 0xCA, 0x13, 0xCB, 0x13, 0xCC, 0x13, 0xCD, 0x13, 0xCE, 0x13, 0xCF, 0x13, 0xD0, 0x13, 0xD1,
    0x13, 0xD2, 0x13, 0xD3, 0x13, 0xD4, 0x13, 0xD5, 0x13, 0xD6, 0x13, 0xD7, 0x13, 0xD8, 0x13, 0xD9,
    0x13, 0xDA, 0x13, 0xC1, 0x00, 0x3B, 0xDB, 0x03, 0xDC, 0x43, 0xDD, 0x73, 0xDE, 0x73, 0xDF, 0x73,
    0xE0, 0x63, 0xE1, 0x13, 0xE2, 0x13, 0xE3, 0x13, 0xE4, 0x13, 0xE5, 0x13, 0xE6, 0x13, 0xE7, 0x13,
    0xE8, 0x13, 0xE9, 0x13, 0xEA, 0x13, 0xEB, 0x13, 0xEC, 0x13, 0xED, 0x13, 0xEE, 0x13, 0xEF, 0x13,
    0xF0, 0x13, 0xF1, 0x13, 0xF2, 0x13, 0xF3, 0x13, 0xF4, 0x13, 0xF5, 0x13, 0xF6, 0x13, 0xF7, 0x13,
    0xF8, 0x13, 0xFF, 0x00, 0xFF, 0x00, 0xFF, 0x00, 0xFF, 0x00, 0xFF, 0x00, 0xFF, 0x00, 0xFF, 0x00,
    0xFF, 0x00, 0xFF, 0x00, 0xFF, 0x00, 0xFF, 0x00, 0xFF, 0x00, 0xFF, 0x00, 0xFF, 0x00, 0xFF, 0x00,
    0xFF, 0x00, 0xFF, 0x00, 0xFF, 0x00, 0xFF, 0x00, 0xFF, 0x00, 0xFF, 0x00, 0xFF, 0x00, 0xFF, 0x00,
    0xFF, 0x00, 0xFF, 0x00, 0xFF, 0x00, 0xFF, 0x00, 0xFF, 0x00, 0xFF, 0x00, 0xE5, 0x00, 0x00, 0x00,
};

alignas(int) static const uint16_t rin_h2_v3_used[1017] = {
    0, 1, 2, 3, 4, 5, 6, 7, 8, 9, 10, 11, 12, 13, 14, 15,
    16, 17, 18, 19, 20, 21, 22, 23, 24, 25, 26, 27, 28, 29, 30, 31,
    32, 33, 34, 35, 36, 37, 38, 39, 40, 41, 42, 43, 44, 45, 46, 47,
    48, 49, 50, 51, 52, 53, 54, 55, 56, 57, 58, 59, 60, 61, 62, 63,
    64, 65, 66, 67, 68, 69, 70, 71, 72, 73, 74, 75, 76, 77, 78, 79,
    80, 81, 82, 83, 84, 85, 86, 87, 88, 89, 90, 91, 92, 93, 94, 95,
    96, 97, 98, 99, 100, 101, 102, 103, 104, 105, 106, 107, 108, 109, 110, 111,
    112, 113, 114, 115, 116, 117, 118, 119, 120, 121, 122, 123, 124, 125, 126, 127,
    128, 129, 130, 131, 132, 133, 134, 135, 136, 137, 138, 139, 140, 141, 142, 143,
    144, 145, 146, 147, 148, 149, 150, 151, 152, 153, 154, 155, 156, 157, 158, 159,
    160, 161, 162, 163, 164, 165, 166, 167, 168, 169, 170, 171, 172, 173, 174, 175,
    176, 177, 178, 179, 180, 181, 182, 183, 184, 185, 186, 187, 188, 189, 190, 191,
    192, 193, 194, 195, 196, 197, 198, 199, 200, 1038, 1039, 1040, 204, 205, 206, 207,
    208, 209, 210, 211, 212, 213, 214, 215, 216, 217, 218, 219, 220, 221, 222, 223,
    224, 225, 226, 227, 228, 229, 1041, 1042, 1043, 1044, 234, 1045, 236, 237, 238, 239,
    240, 241, 242, 243, 244, 245, 246, 247, 248, 249, 250, 251, 252, 253, 254, 255,
    256, 257, 258, 259, 1046, 261, 1047, 263, 1048, 1049, 266, 267, 268, 269, 270, 271,
    272, 273, 274, 275, 276, 277, 278, 279, 280, 281, 282, 283, 284, 285, 286, 287,
    288, 289, 290, 291, 292, 293, 1050, 1051, 1052, 297, 298, 299, 300, 301, 302, 303,
    304, 305, 306, 307, 308, 309, 310, 311, 312, 313, 314, 315, 316, 317, 318, 319,
    320, 1053, 1054, 323, 1055, 1056, 1057, 327, 328, 329, 330, 331, 332, 333, 334, 335,
    336, 337, 338, 339, 340, 341, 342, 343, 344, 345, 346, 347, 348, 349, 350, 351,
    352, 353, 1058, 1060, 356, 357, 358, 359, 360, 361, 362, 363, 364, 365, 366, 367,
    368, 369, 370, 371, 372, 373, 374, 375, 376, 377, 378, 379, 380, 381, 382, 383,
    384, 385, 386, 387, 388, 389, 390, 391, 392, 393, 394, 395, 396, 397, 398, 399,
    400, 401, 402, 403, 404, 405, 406, 407, 408, 409, 410, 411, 412, 413, 414, 415,
    416, 417, 418, 419, 420, 421, 422, 423, 424, 425, 426, 427, 428, 429, 430, 431,
    432, 433, 434, 435, 436, 437, 438, 439, 440, 441, 442, 443, 444, 445, 446, 447,
    448, 449, 450, 451, 452, 453, 454, 455, 456, 457, 458, 459, 460, 461, 462, 463,
    464, 465, 466, 467, 468, 469, 470, 471, 472, 473, 474, 475, 476, 477, 478, 479,
    480, 481, 482, 483, 484, 485, 486, 487, 488, 489, 490, 491, 1061, 493, 494, 495,
    496, 497, 498, 499, 500, 501, 502, 503, 504, 505, 506, 507, 508, 509, 510, 511,
    512, 513, 514, 515, 516, 517, 518, 519, 520, 521, 1062, 523, 524, 525, 526, 527,
    528, 529, 530, 531, 532, 533, 534, 535, 536, 537, 538, 539, 540, 541, 542, 543,
    544, 545, 546, 547, 548, 549, 1063, 1064, 552, 553, 554, 555, 556, 557, 558, 559,
    560, 561, 562, 563, 564, 565, 566, 567, 568, 569, 570, 571, 572, 573, 574, 575,
    576, 577, 578, 1065, 1066, 581, 582, 583, 584, 585, 586, 587, 588, 589, 590, 591,
    592, 593, 594, 595, 596, 597, 598, 599, 600, 601, 602, 603, 604, 605, 606, 607,
    608, 1067, 1068, 611, 612, 613, 614, 615, 616, 617, 618, 619, 620, 621, 622, 623,
    624, 625, 626, 627, 628, 629, 630, 631, 632, 633, 634, 635, 636, 637, 638, 1069,
    1070, 1071, 642, 643, 644, 645, 646, 647, 648, 649, 650, 651, 652, 653, 654, 655,
    656, 657, 658, 659, 660, 661, 662, 663, 664, 665, 666, 667, 1072, 1073, 1074, 1075,
    672, 673, 674, 1076, 1077, 677, 678, 679, 680, 681, 682, 683, 684, 685, 686, 687,
    688, 689, 690, 691, 692, 693, 694, 695, 696, 697, 1078, 1079, 1080, 1081, 1082, 1083,
    1084, 1085, 1086, 707, 708, 709, 710, 711, 712, 713, 714, 715, 716, 717, 718, 719,
    720, 721, 722, 723, 724, 725, 726, 727, 728, 729, 730, 1087, 1088, 1089, 1090, 1091,
    1092, 737, 738, 739, 740, 741, 742, 743, 744, 745, 746, 747, 748, 749, 750, 751,
    752, 753, 754, 755, 756, 757, 758, 759, 760, 761, 762, 1093, 1094, 1095, 1096, 767,
    768, 769, 770, 771, 772, 773, 774, 775, 776, 777, 778, 779, 780, 781, 782, 783,
    784, 785, 786, 787, 788, 789, 790, 791, 792, 793, 794, 1097, 1098, 797, 798, 799,
    800, 801, 802, 803, 804, 805, 806, 807, 808, 809, 810, 811, 812, 813, 814, 815,
    816, 817, 818, 819, 820, 821, 822, 823, 824, 825, 826, 827, 828, 829, 830, 831,
    832, 833, 834, 835, 836, 837, 838, 839, 840, 841, 842, 843, 844, 845, 846, 847,
    848, 849, 850, 851, 852, 853, 854, 855, 856, 857, 858, 859, 860, 861, 862, 863,
    864, 865, 866, 867, 868, 869, 870, 871, 872, 873, 874, 875, 876, 877, 878, 879,
    880, 881, 882, 883, 884, 885, 886, 887, 888, 889, 890, 891, 892, 893, 894, 895,
    896, 897, 898, 899, 900, 901, 902, 903, 904, 905, 906, 907, 908, 909, 910, 911,
    912, 913, 914, 915, 916, 917, 918, 919, 920, 921, 922, 923, 924, 925, 926, 927,
    928, 929, 930, 931, 932, 933, 934, 935, 936, 937, 938, 939, 940, 941, 942, 943,
    944, 945, 946, 947, 948, 949, 950, 951, 952, 953, 954, 955, 956, 957, 958, 959,
    960, 961, 962, 963, 964, 965, 966, 967, 968, 969, 970, 971, 972, 973, 974, 975,
    976, 977, 978, 979, 980, 981, 982, 983, 984, 985, 986, 987, 988, 989, 990, 991,
    992, 993, 994, 995, 996, 997, 998, 999, 1000, 1001, 1002, 1003, 1004, 1005, 1006, 1007,
    1008, 1009, 1010, 1011, 1012, 1013, 1014, 1015, 1016,
};

alignas(int) static const unsigned char rin_h2_v3_map_rle[2208] = {
    0x30, 0x00, 0x20, 0x00, 0x9F, 0x00, 0x3B, 0x01, 0x10, 0x02, 0x10, 0x03, 0x10, 0x04, 0x10, 0x05,
    0x10, 0x06, 0x20, 0x07, 0x20, 0x08, 0x20, 0x09, 0x20, 0x0A, 0x20, 0x0B, 0x20, 0x0C, 0x20, 0x0D,
    0x20, 0x0E, 0x20, 0x0F, 0x20, 0x10, 0x20, 0x11, 0x20, 0x12, 0x20, 0x13, 0x30, 0x14, 0x30, 0x15,
    0x30, 0x16, 0x30, 0x17, 0x60, 0x18, 0x30, 0x19, 0x30, 0x1A, 0x30, 0x1B, 0x30, 0x1C, 0x30, 0x1D,
    0x30, 0x1E, 0x30, 0xC1, 0x00, 0x3B, 0x1F, 0x10, 0x20, 0x10, 0x21, 0x10, 0x22, 0x10, 0x23, 0x10,
    0x24, 0x20, 0x25, 0x20, 0x26, 0x20, 0x27, 0x20, 0x28, 0x20, 0x29, 0x20, 0x2A, 0x20, 0x2B, 0x20,
    0x2C, 0x20, 0x2D, 0x20, 0x2E, 0x20, 0x2F, 0x20, 0x30, 0x60, 0x31, 0x30, 0x32, 0x30, 0x33, 0x30,
    0x34, 0x30, 0x35, 0x60, 0x36, 0x50, 0x37, 0x50, 0x38, 0x50, 0x39, 0x50, 0x3A, 0x20, 0x3B, 0x30,
    0x3C, 0x30, 0xC1, 0x00, 0x3B, 0x3D, 0x10, 0x3E, 0x10, 0x3F, 0x10, 0x40, 0x10, 0x41, 0x10, 0x42,
    0x20, 0x43, 0x20, 0x44, 0x20, 0x45, 0x20, 0x46, 0x20, 0x47, 0x20, 0x48, 0x10, 0x49, 0x20, 0x4A,
    0x20, 0x4B, 0x20, 0x4C, 0x20, 0x4D, 0x20, 0x4E, 0x60, 0x4F, 0x30, 0x50, 0x30, 0x51, 0x30, 0x52,
    0x30, 0x53, 0x50, 0x54, 0x50, 0x55, 0x50, 0x56, 0x50, 0x57, 0x50, 0x58, 0x50, 0x59, 0x50, 0x5A,
    0x30, 0xC1, 0x00, 0x3B, 0x5B, 0x10, 0x5C, 0x10, 0x5D, 0x10, 0x5E, 0x10, 0x5F, 0x10, 0x60, 0x10,
    0x61, 0x10, 0x62, 0x10, 0x63, 0x10, 0x64, 0x10, 0x65, 0x10, 0x66, 0x10, 0x67, 0x20, 0x68, 0x20,
    0x69, 0x20, 0x6A, 0x20, 0x6B, 0x20, 0x6C, 0x60, 0x6D, 0x30, 0x6E, 0x30, 0x6F, 0x50, 0x70, 0x50,
    0x71, 0x50, 0x72, 0x50, 0x73, 0x50, 0x74, 0x50, 0x75, 0x50, 0x76, 0x50, 0x77, 0x50, 0x78, 0x60,
    0xC1, 0x00, 0x3B, 0x79, 0x10, 0x7A, 0x10, 0x7B, 0x10, 0x7C, 0x10, 0x7D, 0x10, 0x7E, 0x10, 0x7F,
    0x10, 0x80, 0x10, 0x81, 0x10, 0x82, 0x10, 0x83, 0x10, 0x84, 0x10, 0x85, 0x20, 0x86, 0x20, 0x87,
    0x20, 0x88, 0x20, 0x89, 0x20, 0x8A, 0x60, 0x8B, 0x30, 0x8C, 0x20, 0x8D, 0x50, 0x8E, 0x50, 0x8F,
    0x50, 0x90, 0x50, 0x91, 0x50, 0x92, 0x50, 0x93, 0x50, 0x94, 0x50, 0x95, 0x50, 0x96, 0x50, 0xC1,
    0x00, 0x3B, 0x97, 0x10, 0x98, 0x10, 0x99, 0x10, 0x9A, 0x10, 0x9B, 0x10, 0x9C, 0x10, 0x9D, 0x10,
    0x9E, 0x10, 0x9F, 0x10, 0xA0, 0x10, 0xA1, 0x10, 0xA2, 0x10, 0xA3, 0x20, 0xA4, 0x20, 0xA5, 0x20,
    0xA6, 0x20, 0xA7, 0x20, 0xA8, 0x10, 0xA9, 0x60, 0xAA, 0x50, 0xAB, 0x50, 0xAC, 0x50, 0xAD, 0x50,
    0xAE, 0x50, 0xAF, 0x50, 0xB0, 0x50, 0xB1, 0x50, 0xB2, 0x50, 0xB3, 0x50, 0xB4, 0x50, 0xC1, 0x00,
    0x3B, 0xB5, 0x10, 0xB6, 0x10, 0xB7, 0x10, 0xB8, 0x10, 0xB9, 0x10, 0xBA, 0x10, 0xBB, 0x10, 0xBC,
    0x10, 0xBD, 0x10, 0xBE, 0x10, 0xBF, 0x10, 0xC0, 0x10, 0xC1, 0x20, 0xC2, 0x20, 0xC3, 0x20, 0xC4,
    0x20, 0xC5, 0x20, 0xC6, 0x20, 0xC7, 0x60, 0xC8, 0x50, 0xC9, 0x50, 0xCA, 0x60, 0xCB, 0x60, 0xCC,
    0x50, 0xCD, 0x50, 0xCE, 0x50, 0xCF, 0x50, 0xD0, 0x50, 0xD1, 0x50, 0xD2, 0x20, 0xC1, 0x00, 0x3B,
    0xD3, 0x10, 0xD4, 0x10, 0xD5, 0x10, 0xD6, 0x10, 0xD7, 0x10, 0xD8, 0x10, 0xD9, 0x10, 0xDA, 0x10,
    0xDB, 0x10, 0xDC, 0x10, 0xDD, 0x10, 0xDE, 0x10, 0xDF, 0x10, 0xE0, 0x20, 0xE1, 0x20, 0xE2, 0x20,
    0xE3, 0x20, 0xE4, 0x20, 0xE5, 0x70, 0xE6, 0x60, 0xE7, 0x60, 0xE8, 0x70, 0xE9, 0x60, 0xEA, 0x70,
    0xEB, 0x50, 0xEC, 0x50, 0xED, 0x50, 0xEE, 0x50, 0xEF, 0x50, 0xF0, 0x30, 0xC1, 0x00, 0x3B, 0xF1,
    0x10, 0xF2, 0x10, 0xF3, 0x10, 0xF4, 0x10, 0xF5, 0x10, 0xF6, 0x10, 0xF7, 0x10, 0xF8, 0x10, 0xF9,
    0x10, 0xFA, 0x10, 0xFB, 0x10, 0xFC, 0x10, 0xFD, 0x10, 0xFE, 0x10, 0xFF, 0x10, 0x00, 0x21, 0x01,
    0x21, 0x02, 0x61, 0x03, 0x71, 0x04, 0x71, 0x05, 0x71, 0x06, 0x71, 0x07, 0x71, 0x08, 0x71, 0x09,
    0x61, 0x0A, 0x51, 0x0B, 0x51, 0x0C, 0x51, 0x0D, 0x51, 0x0E, 0x31, 0xC1, 0x00, 0x02, 0x0F, 0x11,
    0x10, 0x80, 0x11, 0x35, 0x12, 0x11, 0x13, 0x11, 0x14, 0x11, 0x15, 0x11, 0x16, 0x11, 0x17, 0x11,
    0x18, 0x11, 0x19, 0x11, 0x1A, 0x61, 0x1B, 0x61, 0x1C, 0x61, 0x1D, 0x21, 0x1E, 0x21, 0x1F, 0x21,
    0x20, 0x71, 0x21, 0x71, 0x22, 0x71, 0x23, 0x71, 0x24, 0x41, 0x25, 0x41, 0x26, 0x71, 0x27, 0x71,
    0x28, 0x51, 0x29, 0x51, 0x2A, 0x61, 0x2B, 0x51, 0x2C, 0x31, 0xC1, 0x00, 0x3B, 0x2D, 0x11, 0x2E,
    0x11, 0x2F, 0x11, 0x30, 0x11, 0x31, 0x11, 0x32, 0x11, 0x33, 0x01, 0x34, 0x01, 0x35, 0x01, 0x36,
    0x01, 0x37, 0x01, 0x38, 0x01, 0x39, 0x01, 0x3A, 0x61, 0x3B, 0x21, 0x3C, 0x21, 0x3D, 0x61, 0x3E,
    0x71, 0x3F, 0x71, 0x40, 0x71, 0x41, 0x71, 0x42, 0x71, 0x43, 0x41, 0x44, 0x41, 0x45, 0x61, 0x46,
    0x51, 0x47, 0x51, 0x48, 0x51, 0x49, 0x51, 0x4A, 0x31, 0xC1, 0x00, 0x3B, 0x4B, 0x11, 0x4C, 0x11,
    0x4D, 0x11, 0x4E, 0x11, 0x4F, 0x01, 0x50, 0x01, 0x51, 0x01, 0x52, 0x01, 0x53, 0x01, 0x54, 0x01,
    0x55, 0x01, 0x56, 0x01, 0x57, 0x01, 0x58, 0x61, 0x59, 0x21, 0x5A, 0x21, 0x5B, 0x61, 0x5C, 0x71,
    0x5D, 0x71, 0x5E, 0x71, 0x5F, 0x71, 0x60, 0x71, 0x61, 0x71, 0x62, 0x61, 0x63, 0x61, 0x64, 0x61,
    0x65, 0x61, 0x66, 0x31, 0x67, 0x31, 0x68, 0x31, 0xC1, 0x00, 0x3B, 0x69, 0x01, 0x6A, 0x01, 0x6B,
    0x11, 0x6C, 0x11, 0x6D, 0x01, 0x6E, 0x01, 0x6F, 0x01, 0x70, 0x01, 0x71, 0x01, 0x72, 0x01, 0x73,
    0x01, 0x74, 0x01, 0x75, 0x01, 0x76, 0x01, 0x77, 0x61, 0x78, 0x21, 0x79, 0x61, 0x7A, 0x71, 0x7B,
    0x41, 0x7C, 0x41, 0x7D, 0x41, 0x7E, 0x41, 0x7F, 0x41, 0x80, 0x41, 0x81, 0x11, 0x82, 0x11, 0x83,
    0x01, 0x84, 0x31, 0x85, 0x31, 0x86, 0x31, 0xC1, 0x00, 0x3B, 0x87, 0x71, 0x88, 0x71, 0x89, 0x61,
    0x8A, 0x11, 0x8B, 0x01, 0x8C, 0x01, 0x8D, 0x01, 0x8E, 0x01, 0x8F, 0x01, 0x90, 0x01, 0x91, 0x01,
    0x92, 0x01, 0x93, 0x01, 0x94, 0x01, 0x95, 0x71, 0x96, 0x71, 0x97, 0x61, 0x98, 0x41, 0x99, 0x41,
    0x9A, 0x41, 0x9B, 0x41, 0x9C, 0x41, 0x9D, 0x41, 0x9E, 0x41, 0x9F, 0x61, 0xA0, 0x61, 0xA1, 0x01,
    0xA2, 0x01, 0xA3, 0x31, 0xA4, 0x31, 0xC1, 0x00, 0x3B, 0xA5, 0x71, 0xA6, 0x71, 0xA7, 0x71, 0xA8,
    0x71, 0xA9, 0x71, 0xAA, 0x01, 0xAB, 0x01, 0xAC, 0x01, 0xAD, 0x01, 0xAE, 0x01, 0xAF, 0x01, 0xB0,
    0x01, 0xB1, 0x01, 0xB2, 0x01, 0xB3, 0x41, 0xB4, 0x41, 0xB5, 0x31, 0xB6, 0x31, 0xB7, 0x31, 0xB8,
    0x61, 0xB9, 0x61, 0xBA, 0x71, 0xBB, 0x41, 0xBC, 0x41, 0xBD, 0x61, 0xBE, 0x21, 0xBF, 0x61, 0xC0,
    0x11, 0xC1, 0x11, 0xC2, 0x31, 0xC1, 0x00, 0x3B, 0xC3, 0x71, 0xC4, 0x71, 0xC5, 0x71, 0xC6, 0x71,
    0xC7, 0x71, 0xC8, 0x71, 0xC9, 0x41, 0xCA, 0x41, 0xCB, 0x41, 0xCC, 0x41, 0xCD, 0x01, 0xCE, 0x01,
    0xCF, 0x01, 0xD0, 0x01, 0xD1, 0x41, 0xD2, 0x41, 0xD3, 0x31, 0xD4, 0x31, 0xD5, 0x31, 0xD6, 0x31,
    0xD7, 0x71, 0xD8, 0x71, 0xD9, 0x41, 0xDA, 0x41, 0xDB, 0x61, 0xDC, 0x21, 0xDD, 0x21, 0xDE, 0x61,
    0xDF, 0x11, 0xE0, 0x11, 0xC1, 0x00, 0x3B, 0xE1, 0x71, 0xE2, 0x71, 0xE3, 0x71, 0xC5, 0x71, 0xE4,
    0x71, 0xE5, 0x71, 0xE6, 0x71, 0xE7, 0x71, 0xE8, 0x41, 0xE9, 0x41, 0xEA, 0x41, 0xEB, 0x71, 0xEC,
    0x01, 0xED, 0x71, 0xEE, 0x41, 0xEF, 0x71, 0xF0, 0x41, 0xF1, 0x31, 0xF2, 0x31, 0xF3, 0x31, 0xF4,
    0x61, 0xF5, 0x41, 0xF6, 0x41, 0xF7, 0x41, 0xF8, 0x61, 0xF9, 0x21, 0xFA, 0x21, 0xFB, 0x21, 0xFC,
    0x61, 0xFD, 0x11, 0xC1, 0x00, 0x3B, 0xFE, 0x71, 0xFF, 0x71, 0x00, 0x72, 0x01, 0x72, 0x02, 0x72,
    0x03, 0x72, 0x04, 0x72, 0x05, 0x72, 0x06, 0x72, 0x07, 0x42, 0x08, 0x42, 0x09, 0x72, 0x0A, 0x72,
    0x0B, 0x72, 0x0C, 0x42, 0x0D, 0x72, 0x0E, 0x42, 0x0F, 0x72, 0x10, 0x72, 0x11, 0x72, 0x12, 0x72,
    0x13, 0x42, 0x14, 0x42, 0x15, 0x72, 0x16, 0x12, 0x17, 0x22, 0xF9, 0x21, 0x18, 0x22, 0x19, 0x22,
    0x1A, 0x62, 0xC1, 0x00, 0x3B, 0x1B, 0x72, 0x1C, 0x72, 0x1D, 0x02, 0x1E, 0x62, 0x1F, 0x62, 0x20,
    0x72, 0x21, 0x72, 0x22, 0x72, 0x23, 0x72, 0x24, 0x72, 0x25, 0x42, 0x26, 0x72, 0x27, 0x72, 0x28,
    0x42, 0x29, 0x42, 0x2A, 0x42, 0x2B, 0x42, 0x2C, 0x72, 0x2D, 0x72, 0x2E, 0x72, 0x2F, 0x02, 0x30,
    0x72, 0x31, 0x72, 0x32, 0x72, 0x33, 0x12, 0x34, 0x22, 0xF9, 0x21, 0x35, 0x22, 0x36, 0x22, 0x37,
    0x22, 0xC1, 0x00, 0x3B, 0x38, 0x72, 0x39, 0x72, 0x3A, 0x02, 0x3B, 0x12, 0x3C, 0x12, 0x3D, 0x12,
    0x3E, 0x72, 0x3F, 0x72, 0x40, 0x72, 0x41, 0x72, 0x42, 0x72, 0x43, 0x72, 0x44, 0x72, 0x45, 0x42,
    0x46, 0x42, 0x47, 0x42, 0x48, 0x42, 0x49, 0x42, 0x4A, 0x72, 0x4B, 0x02, 0x4C, 0x02, 0x4D, 0x72,
    0x4E, 0x72, 0x4F, 0x72, 0x50, 0x02, 0x51, 0x62, 0x52, 0x22, 0x53, 0x22, 0x54, 0x22, 0x55, 0x22,
    0xC1, 0x00, 0x3B, 0x56, 0x72, 0x57, 0x02, 0x58, 0x02, 0x59, 0x12, 0x5A, 0x12, 0x5B, 0x12, 0x5C,
    0x12, 0x5D, 0x62, 0x5E, 0x72, 0x5F, 0x72, 0x60, 0x72, 0x61, 0x72, 0x62, 0x72, 0x63, 0x42, 0x64,
    0x42, 0x65, 0x42, 0x66, 0x42, 0x67, 0x72, 0x68, 0x72, 0x69, 0x02, 0x6A, 0x02, 0x6B, 0x02, 0x6C,
    0x02, 0x6D, 0x02, 0x6E, 0x02, 0x6F, 0x02, 0x70, 0x62, 0x71, 0x22, 0x72, 0x22, 0x73, 0x22, 0xC1,
    0x00, 0x3B, 0x74, 0x02, 0x75, 0x02, 0x76, 0x02, 0x77, 0x12, 0x78, 0x12, 0x79, 0x12, 0x7A, 0x12,
    0x7B, 0x12, 0x7C, 0x62, 0x7D, 0x72, 0x7E, 0x72, 0x7F, 0x72, 0x80, 0x72, 0x81, 0x42, 0x82, 0x42,
    0x83, 0x42, 0x84, 0x42, 0x85, 0x72, 0x86, 0x72, 0x87, 0x02, 0x88, 0x02, 0x89, 0x02, 0x8A, 0x02,
    0x8B, 0x02, 0x8C, 0x02, 0x8D, 0x02, 0x8E, 0x02, 0x8F, 0x12, 0x90, 0x22, 0x91, 0x22, 0xC1, 0x00,
    0x3B, 0x92, 0x02, 0x93, 0x02, 0x94, 0x02, 0x95, 0x12, 0x78, 0x12, 0x96, 0x12, 0x97, 0x12, 0x98,
    0x12, 0x99, 0x12, 0x9A, 0x12, 0x9B, 0x62, 0x9C, 0x72, 0x9D, 0x72, 0x9E, 0x42, 0x9F, 0x42, 0xA0,
    0x42, 0xA1, 0x42, 0xA2, 0x72, 0xA3, 0x72, 0xA4, 0x72, 0xA5, 0x02, 0xA6, 0x02, 0xA7, 0x02, 0xA8,
    0x02, 0xA9, 0x02, 0xAA, 0x02, 0xAB, 0x02, 0xAC, 0x02, 0xAD, 0x12, 0xAE, 0x22, 0xC1, 0x00, 0x3B,
    0xAF, 0x02, 0xB0, 0x02, 0xB1, 0x02, 0xB2, 0x12, 0xB3, 0x12, 0xB4, 0x12, 0xB5, 0x12, 0xB6, 0x12,
    0xB7, 0x12, 0xB8, 0x02, 0xB9, 0x02, 0xBA, 0x62, 0xBB, 0x72, 0xBC, 0x72, 0xBD, 0x42, 0xBE, 0x42,
    0xBF, 0x42, 0xC0, 0x42, 0xC1, 0x72, 0xC2, 0x72, 0xC3, 0x02, 0xC4, 0x02, 0xC5, 0x02, 0xC6, 0x02,
    0xC7, 0x02, 0xC8, 0x02, 0xC9, 0x02, 0xCA, 0x02, 0xCB, 0x02, 0xCC, 0x22, 0xC1, 0x00, 0x3B, 0xCD,
    0x02, 0xCE, 0x02, 0xCF, 0x02, 0xD0, 0x12, 0xD1, 0x12, 0xD2, 0x12, 0xD3, 0x12, 0xD4, 0x12, 0xD5,
    0x12, 0xD6, 0x12, 0xD7, 0x02, 0xD8, 0x72, 0xD9, 0x42, 0xDA, 0x42, 0xDB, 0x42, 0xDC, 0x42, 0xDD,
    0x42, 0xDE, 0x42, 0xDF, 0x72, 0xE0, 0x72, 0xE1, 0x02, 0xE2, 0x02, 0xE3, 0x02, 0xE4, 0x02, 0xE5,
    0x02, 0xE6, 0x02, 0xE7, 0x02, 0xE8, 0x02, 0xE9, 0x02, 0xEA, 0x02, 0xC1, 0x00, 0x2E, 0xEB, 0x02,
    0xEC, 0x02, 0xED, 0x02, 0xEE, 0x12, 0xEF, 0x12, 0xF0, 0x12, 0xF1, 0x12, 0xF2, 0x12, 0xF3, 0x12,
    0xF4, 0x42, 0xF5, 0x42, 0xF6, 0x42, 0xF7, 0x42, 0xF8, 0x42, 0xF9, 0x42, 0xFA, 0x42, 0xFB, 0x42,
    0xFC, 0x42, 0xFD, 0x42, 0xFE, 0x72, 0xFF, 0x02, 0x00, 0x03, 0x01, 0x03, 0x02, 0x80, 0x03, 0x09,
    0x04, 0x03, 0x05, 0x03, 0x06, 0x03, 0x07, 0x03, 0x08, 0x03, 0xC1, 0x00, 0x3B, 0x09, 0x03, 0x0A,
    0x03, 0x0B, 0x03, 0x0C, 0x13, 0x0D, 0x03, 0x0E, 0x03, 0x0F, 0x13, 0x10, 0x63, 0x11, 0x43, 0x12,
    0x43, 0x13, 0x43, 0x14, 0x43, 0x15, 0x43, 0x16, 0x43, 0x17, 0x43, 0x18, 0x43, 0x19, 0x43, 0x1A,
    0x43, 0x1B, 0x73, 0x1C, 0x03, 0x1D, 0x03, 0x1E, 0x03, 0x1F, 0x03, 0x20, 0x03, 0x21, 0x03, 0x22,
    0x03, 0x23, 0x03, 0x24, 0x03, 0x25, 0x03, 0x26, 0x03, 0xC1, 0x00, 0x3B, 0x27, 0x03, 0x28, 0x03,
    0x29, 0x03, 0x2A, 0x03, 0x2B, 0x03, 0x2C, 0x03, 0x2D, 0x43, 0x2E, 0x43, 0x2F, 0x43, 0x30, 0x43,
    0x31, 0x43, 0x32, 0x43, 0x33, 0x43, 0x34, 0x43, 0x35, 0x43, 0x36, 0x43, 0x37, 0x43, 0x38, 0x73,
    0x39, 0x03, 0x3A, 0x03, 0x3B, 0x03, 0x3C, 0x03, 0x3D, 0x03, 0x3E, 0x03, 0x3F, 0x03, 0x40, 0x03,
    0x41, 0x03, 0x42, 0x03, 0x43, 0x03, 0x44, 0x03, 0xC1, 0x00, 0x3B, 0x45, 0x03, 0x46, 0x03, 0x47,
    0x03, 0x48, 0x03, 0x49, 0x03, 0x4A, 0x43, 0x4B, 0x43, 0x4C, 0x43, 0x4D, 0x43, 0x4E, 0x43, 0x4F,
    0x43, 0x50, 0x43, 0x51, 0x43, 0x52, 0x43, 0x53, 0x43, 0x54, 0x43, 0x55, 0x03, 0x56, 0x03, 0x57,
    0x03, 0x58, 0x03, 0x59, 0x03, 0x5A, 0x03, 0x5B, 0x03, 0x5C, 0x03, 0x5D, 0x03, 0x5E, 0x03, 0x5F,
    0x03, 0x60, 0x03, 0x61, 0x03, 0x62, 0x13, 0xC1, 0x00, 0x3B, 0x63, 0x03, 0x64, 0x03, 0x65, 0x03,
    0x66, 0x03, 0x67, 0x43, 0x68, 0x43, 0x69, 0x43, 0x6A, 0x43, 0x6B, 0x43, 0x6C, 0x43, 0x6D, 0x43,
    0x6E, 0x43, 0x6F, 0x43, 0x70, 0x73, 0x71, 0x03, 0x72, 0x03, 0x73, 0x03, 0x74, 0x03, 0x75, 0x03,
    0x76, 0x03, 0x77, 0x03, 0x78, 0x03, 0x79, 0x03, 0x7A, 0x13, 0x7B, 0x13, 0x7C, 0x13, 0x7D, 0x13,
    0x7E, 0x13, 0x7F, 0x13, 0x80, 0x13, 0xC1, 0x00, 0x3B, 0x81, 0x03, 0x82, 0x03, 0x83, 0x43, 0x84,
    0x43, 0x85, 0x43, 0x86, 0x43, 0x87, 0x43, 0x88, 0x43, 0x89, 0x43, 0x8A, 0x73, 0x8B, 0x73, 0x8C,
    0x73, 0x8D, 0x03, 0x8E, 0x03, 0x8F, 0x03, 0x90, 0x03, 0x91, 0x03, 0x92, 0x03, 0x93, 0x13, 0x94,
    0x13, 0x95, 0x13, 0x96, 0x13, 0x97, 0x13, 0x98, 0x13, 0x99, 0x13, 0x9A, 0x13, 0x9B, 0x13, 0x9C,
    0x13, 0x9D, 0x13, 0x9E, 0x13, 0xC1, 0x00, 0x3B, 0x9F, 0x03, 0xA0, 0x43, 0xA1, 0x43, 0xA2, 0x43,
    0xA3, 0x43, 0xA4, 0x43, 0xA5, 0x73, 0xA6, 0x73, 0xA7, 0x73, 0xA8, 0x63, 0xA9, 0x13, 0xAA, 0x13,
    0xAB, 0x13, 0xAC, 0x13, 0xAD, 0x13, 0xAE, 0x13, 0xAF, 0x13, 0xB0, 0x13, 0xB1, 0x13, 0xB2, 0x13,
    0xB3, 0x13, 0xB4, 0x13, 0xB5, 0x13, 0xB6, 0x13, 0xB7, 0x13, 0xB8, 0x13, 0xB9, 0x13, 0xBA, 0x13,
    0xBB, 0x13, 0xBC, 0x13, 0xC1, 0x00, 0x3B, 0xBD, 0x03, 0xBE, 0x43, 0xBF, 0x43, 0xC0, 0x73, 0xC1,
    0x73, 0xC2, 0x73, 0xC3, 0x73, 0xC4, 0x63, 0xC5, 0x13, 0xC6, 0x13, 0xC7, 0x13, 0xC8, 0x13, 0xC9,
    0x13, 0xCA, 0x13, 0xCB, 0x13, 0xCC, 0x13, 0xCD, 0x13, 0xCE, 0x13, 0xCF, 0x13, 0xD0, 0x13, 0xD1,
    0x13, 0xD2, 0x13, 0xD3, 0x13, 0xD4, 0x13, 0xD5, 0x13, 0xD6, 0x13, 0xD7, 0x13, 0xD8, 0x13, 0xD9,
    0x13, 0xDA, 0x13, 0xC1, 0x00, 0x3B, 0xDB, 0x03, 0xDC, 0x43, 0xDD, 0x73, 0xDE, 0x73, 0xDF, 0x73,
    0xE0, 0x63, 0xE1, 0x13, 0xE2, 0x13, 0xE3, 0x13, 0xE4, 0x13, 0xE5, 0x13, 0xE6, 0x13, 0xE7, 0x13,
    0xE8, 0x13, 0xE9, 0x13, 0xEA, 0x13, 0xEB, 0x13, 0xEC, 0x13, 0xED, 0x13, 0xEE, 0x13, 0xEF, 0x13,
    0xF0, 0x13, 0xF1, 0x13, 0xF2, 0x13, 0xF3, 0x13, 0xF4, 0x13, 0xF5, 0x13, 0xF6, 0x13, 0xF7, 0x13,
    0xF8, 0x13, 0xFF, 0x00, 0xFF, 0x00, 0xFF, 0x00, 0xFF, 0x00, 0xFF, 0x00, 0xFF, 0x00, 0xFF, 0x00,
    0xFF, 0x00, 0xFF, 0x00, 0xFF, 0x00, 0xFF, 0x00, 0xFF, 0x00, 0xFF, 0x00, 0xFF, 0x00, 0xFF, 0x00,
    0xFF, 0x00, 0xFF, 0x00, 0xFF, 0x00, 0xFF, 0x00, 0xFF, 0x00, 0xFF, 0x00, 0xFF, 0x00, 0xFF, 0x00,
    0xFF, 0x00, 0xFF, 0x00, 0xFF, 0x00, 0xFF, 0x00, 0xFF, 0x00, 0xFF, 0x00, 0xE5, 0x00, 0x00, 0x00,
};

alignas(int) static const uint16_t rin_h2_v4_used[1017] = {
    0, 1, 2, 3, 4, 5, 6, 7, 8, 9, 10, 11, 12, 13, 14, 15,
    16, 17, 18, 19, 20, 21, 22, 23, 24, 25, 26, 27, 28, 29, 30, 31,
    32, 33, 34, 35, 36, 37, 38, 39, 40, 41, 42, 43, 44, 45, 46, 47,
    48, 49, 50, 51, 52, 53, 54, 55, 56, 57, 58, 59, 60, 61, 62, 63,
    64, 65, 66, 67, 68, 69, 70, 71, 72, 73, 74, 75, 76, 77, 78, 79,
    80, 81, 82, 83, 84, 85, 86, 87, 88, 89, 90, 91, 92, 93, 94, 95,
    96, 97, 98, 99, 100, 101, 102, 103, 104, 105, 106, 107, 108, 109, 110, 111,
    112, 113, 114, 115, 116, 117, 118, 119, 120, 121, 122, 123, 124, 125, 126, 127,
    128, 129, 130, 131, 132, 133, 134, 135, 136, 137, 138, 139, 140, 141, 142, 143,
    144, 145, 146, 147, 148, 149, 150, 151, 152, 153, 154, 155, 156, 157, 158, 159,
    160, 161, 162, 163, 164, 165, 166, 167, 168, 169, 170, 171, 172, 173, 174, 175,
    176, 177, 178, 179, 180, 181, 182, 183, 184, 185, 186, 187, 188, 189, 190, 191,
    192, 193, 194, 195, 196, 197, 198, 199, 200, 201, 202, 203, 204, 205, 206, 207,
    208, 209, 210, 211, 212, 213, 214, 215, 216, 217, 218, 219, 220, 221, 222, 223,
    224, 225, 226, 227, 228, 229, 230, 231, 232, 233, 234, 235, 236, 237, 238, 239,
    240, 241, 242, 243, 244, 245, 246, 247, 248, 249, 250, 251, 252, 253, 254, 255,
    256, 257, 258, 259, 260, 261, 262, 263, 264, 265, 266, 267, 268, 269, 270, 271,
    272, 273, 274, 275, 276, 277, 278, 279, 280, 281, 282, 283, 284, 285, 286, 287,
    288, 289, 290, 291, 292, 293, 294, 295, 296, 297, 298, 299, 300, 301, 302, 303,
    304, 305, 306, 307, 308, 309, 310, 311, 312, 313, 314, 315, 316, 317, 318, 319,
    320, 321, 322, 323, 324, 325, 326, 327, 328, 329, 330, 331, 332, 333, 334, 335,
    336, 337, 338, 339, 340, 341, 342, 343, 344, 345, 346, 347, 348, 349, 350, 351,
    352, 353, 1099, 355, 356, 357, 358, 359, 360, 361, 362, 363, 364, 365, 366, 367,
    368, 369, 370, 371, 372, 373, 374, 375, 376, 377, 378, 379, 380, 381, 382, 383,
    384, 385, 386, 387, 388, 389, 390, 391, 392, 393, 394, 395, 396, 397, 398, 399,
    400, 401, 402, 403, 404, 405, 406, 407, 408, 409, 410, 411, 412, 413, 414, 415,
    416, 417, 418, 419, 420, 421, 422, 423, 424, 425, 426, 427, 1100, 1101, 430, 431,
    432, 433, 434, 435, 436, 437, 438, 439, 440, 441, 442, 443, 444, 445, 446, 447,
    448, 449, 450, 451, 452, 453, 454, 455, 1102, 1103, 1104, 1105, 1106, 1107, 462, 463,
    464, 465, 466, 467, 468, 469, 470, 471, 472, 473, 474, 475, 476, 477, 478, 479,
    480, 481, 482, 483, 1108, 1109, 1110, 1111, 1112, 1113, 1114, 1115, 1116, 493, 494, 495,
    496, 497, 498, 499, 500, 501, 502, 503, 504, 505, 506, 507, 508, 509, 510, 511,
    512, 1117, 1118, 1119, 1120, 1121, 1122, 1123, 1124, 1125, 1126, 1127, 524, 525, 526, 527,
    528, 529, 530, 531, 532, 533, 534, 535, 536, 537, 538, 539, 540, 541, 1128, 1129,
    1130, 1131, 1132, 1133, 1134, 1135, 1136, 1137, 1138, 553, 554, 555, 556, 557, 558, 559,
    560, 561, 562, 563, 564, 565, 566, 567, 1139, 1140, 570, 1141, 1142, 1143, 1144, 1145,
    1146, 1147, 1148, 1149, 1150, 581, 582, 583, 584, 585, 586, 587, 588, 589, 590, 591,
    592, 593, 594, 595, 596, 597, 1151, 1152, 1153, 1154, 1155, 1156, 1157, 1158, 1159, 1160,
    1161, 1162, 1163, 611, 612, 613, 614, 615, 616, 617, 618, 619, 620, 621, 622, 623,
    624, 625, 626, 627, 1164, 1165, 1166, 1167, 1168, 1169, 1170, 1171, 1172, 1173, 1174, 1175,
    1176, 1177, 642, 643, 644, 645, 646, 647, 648, 649, 650, 651, 652, 653, 654, 655,
    656, 657, 1178, 1179, 1180, 1181, 1182, 1183, 1184, 1185, 1186, 1187, 1188, 1189, 1190, 1191,
    1192, 672, 673, 674, 675, 1193, 677, 678, 679, 680, 681, 682, 683, 684, 685, 686,
    1194, 1195, 1196, 1197, 1198, 1199, 1200, 1201, 1202, 1203, 1204, 1205, 1206, 1207, 1208, 1209,
    1210, 1211, 1085, 1212, 707, 708, 709, 710, 711, 712, 713, 714, 715, 716, 1213, 1214,
    1215, 1216, 1217, 1218, 1219, 1220, 1221, 1222, 1223, 1224, 729, 730, 1225, 1226, 1227, 1228,
    1229, 1230, 737, 738, 739, 740, 741, 742, 743, 744, 745, 746, 1231, 1232, 1233, 1234,
    1235, 1236, 1237, 1238, 1239, 1240, 757, 758, 759, 760, 761, 762, 1241, 1242, 1243, 1244,
    767, 768, 769, 770, 771, 772, 773, 774, 775, 776, 1245, 1246, 1247, 1248, 1249, 1250,
    1251, 1252, 785, 786, 787, 788, 789, 790, 791, 792, 793, 794, 1253, 1254, 797, 798,
    799, 800, 801, 802, 803, 804, 805, 806, 1255, 1256, 1257, 1258, 1259, 1260, 814, 815,
    816, 817, 818, 819, 820, 821, 822, 823, 824, 825, 826, 827, 828, 829, 830, 831,
    832, 833, 834, 835, 836, 1261, 1262, 1263, 1264, 1265, 1266, 843, 844, 845, 846, 847,
    848, 849, 850, 851, 852, 853, 854, 855, 856, 857, 858, 859, 860, 861, 862, 863,
    864, 865, 866, 1267, 1268, 1269, 1270, 1271, 872, 873, 874, 875, 876, 877, 878, 879,
    880, 881, 882, 883, 884, 885, 886, 887, 888, 889, 890, 891, 892, 893, 894, 895,
    896, 1272, 1273, 1274, 900, 901, 902, 903, 904, 905, 906, 907, 908, 909, 910, 911,
    912, 913, 914, 915, 916, 917, 918, 919, 920, 921, 922, 923, 924, 925, 926, 1275,
    1276, 929, 930, 931, 932, 933, 934, 935, 936, 937, 938, 939, 940, 941, 942, 943,
    944, 945, 946, 947, 948, 949, 950, 951, 952, 953, 954, 955, 956, 1277, 1278, 959,
    960, 961, 962, 1279, 1280, 1281, 966, 967, 968, 969, 970, 971, 972, 973, 974, 975,
    976, 977, 978, 979, 980, 981, 982, 983, 984, 985, 986, 1282, 1283, 989, 990, 991,
    1284, 1285, 1286, 1287, 996, 997, 998, 999, 1000, 1001, 1002, 1003, 1004, 1005, 1006, 1007,
    1008, 1009, 1010, 1011, 1012, 1013, 1014, 1015, 1016,
};

alignas(int) static const unsigned char rin_h2_v4_map_rle[2208] = {
    0x30, 0x00, 0x20, 0x00, 0x9F, 0x00, 0x3B, 0x01, 0x10, 0x02, 0x10, 0x03, 0x10, 0x04, 0x10, 0x05,
    0x10, 0x06, 0x20, 0x07, 0x20, 0x08, 0x20, 0x09, 0x20, 0x0A, 0x20, 0x0B, 0x20, 0x0C, 0x20, 0x0D,
    0x20, 0x0E, 0x20, 0x0F, 0x20, 0x10, 0x20, 0x11, 0x20, 0x12, 0x20, 0x13, 0x30, 0x14, 0x30, 0x15,
    0x30, 0x16, 0x30, 0x17, 0x60, 0x18, 0x30, 0x19, 0x30, 0x1A, 0x30, 0x1B, 0x30, 0x1C, 0x30, 0x1D,
    0x30, 0x1E, 0x30, 0xC1, 0x00, 0x3B, 0x1F, 0x10, 0x20, 0x10, 0x21, 0x10, 0x22, 0x10, 0x23, 0x10,
    0x24, 0x20, 0x25, 0x20, 0x26, 0x20, 0x27, 0x20, 0x28, 0x20, 0x29, 0x20, 0x2A, 0x20, 0x2B, 0x20,
    0x2C, 0x20, 0x2D, 0x20, 0x2E, 0x20, 0x2F, 0x20, 0x30, 0x60, 0x31, 0x30, 0x32, 0x30, 0x33, 0x30,
    0x34, 0x30, 0x35, 0x60, 0x36, 0x50, 0x37, 0x50, 0x38, 0x50, 0x39, 0x50, 0x3A, 0x20, 0x3B, 0x30,
    0x3C, 0x30, 0xC1, 0x00, 0x3B, 0x3D, 0x10, 0x3E, 0x10, 0x3F, 0x10, 0x40, 0x10, 0x41, 0x10, 0x42,
    0x20, 0x43, 0x20, 0x44, 0x20, 0x45, 0x20, 0x46, 0x20, 0x47, 0x20, 0x48, 0x10, 0x49, 0x20, 0x4A,
    0x20, 0x4B, 0x20, 0x4C, 0x20, 0x4D, 0x20, 0x4E, 0x60, 0x4F, 0x30, 0x50, 0x30, 0x51, 0x30, 0x52,
    0x30, 0x53, 0x50, 0x54, 0x50, 0x55, 0x50, 0x56, 0x50, 0x57, 0x50, 0x58, 0x50, 0x59, 0x50, 0x5A,
    0x30, 0xC1, 0x00, 0x3B, 0x5B, 0x10, 0x5C, 0x10, 0x5D, 0x10, 0x5E, 0x10, 0x5F, 0x10, 0x60, 0x10,
    0x61, 0x10, 0x62, 0x10, 0x63, 0x10, 0x64, 0x10, 0x65, 0x10, 0x66, 0x10, 0x67, 0x20, 0x68, 0x20,
    0x69, 0x20, 0x6A, 0x20, 0x6B, 0x20, 0x6C, 0x60, 0x6D, 0x30, 0x6E, 0x30, 0x6F, 0x50, 0x70, 0x50,
    0x71, 0x50, 0x72, 0x50, 0x73, 0x50, 0x74, 0x50, 0x75, 0x50, 0x76, 0x50, 0x77, 0x50, 0x78, 0x60,
    0xC1, 0x00, 0x3B, 0x79, 0x10, 0x7A, 0x10, 0x7B, 0x10, 0x7C, 0x10, 0x7D, 0x10, 0x7E, 0x10, 0x7F,
    0x10, 0x80, 0x10, 0x81, 0x10, 0x82, 0x10, 0x83, 0x10, 0x84, 0x10, 0x85, 0x20, 0x86, 0x20, 0x87,
    0x20, 0x88, 0x20, 0x89, 0x20, 0x8A, 0x60, 0x8B, 0x30, 0x8C, 0x20, 0x8D, 0x50, 0x8E, 0x50, 0x8F,
    0x50, 0x90, 0x50, 0x91, 0x50, 0x92, 0x50, 0x93, 0x50, 0x94, 0x50, 0x95, 0x50, 0x96, 0x50, 0xC1,
    0x00, 0x3B, 0x97, 0x10, 0x98, 0x10, 0x99, 0x10, 0x9A, 0x10, 0x9B, 0x10, 0x9C, 0x10, 0x9D, 0x10,
    0x9E, 0x10, 0x9F, 0x10, 0xA0, 0x10, 0xA1, 0x10, 0xA2, 0x10, 0xA3, 0x20, 0xA4, 0x20, 0xA5, 0x20,
    0xA6, 0x20, 0xA7, 0x20, 0xA8, 0x10, 0xA9, 0x60, 0xAA, 0x50, 0xAB, 0x50, 0xAC, 0x50, 0xAD, 0x50,
    0xAE, 0x50, 0xAF, 0x50, 0xB0, 0x50, 0xB1, 0x50, 0xB2, 0x50, 0xB3, 0x50, 0xB4, 0x50, 0xC1, 0x00,
    0x3B, 0xB5, 0x10, 0xB6, 0x10, 0xB7, 0x10, 0xB8, 0x10, 0xB9, 0x10, 0xBA, 0x10, 0xBB, 0x10, 0xBC,
    0x10, 0xBD, 0x10, 0xBE, 0x10, 0xBF, 0x10, 0xC0, 0x10, 0xC1, 0x20, 0xC2, 0x20, 0xC3, 0x20, 0xC4,
    0x20, 0xC5, 0x20, 0xC6, 0x20, 0xC7, 0x60, 0xC8, 0x50, 0xC9, 0x50, 0xCA, 0x60, 0xCB, 0x60, 0xCC,
    0x50, 0xCD, 0x50, 0xCE, 0x50, 0xCF, 0x50, 0xD0, 0x50, 0xD1, 0x50, 0xD2, 0x20, 0xC1, 0x00, 0x3B,
    0xD3, 0x10, 0xD4, 0x10, 0xD5, 0x10, 0xD6, 0x10, 0xD7, 0x10, 0xD8, 0x10, 0xD9, 0x10, 0xDA, 0x10,
    0xDB, 0x10, 0xDC, 0x10, 0xDD, 0x10, 0xDE, 0x10, 0xDF, 0x10, 0xE0, 0x20, 0xE1, 0x20, 0xE2, 0x20,
    0xE3, 0x20, 0xE4, 0x20, 0xE5, 0x70, 0xE6, 0x60, 0xE7, 0x60, 0xE8, 0x60, 0xE9, 0x60, 0xEA, 0x70,
    0xEB, 0x50, 0xEC, 0x50, 0xED, 0x50, 0xEE, 0x50, 0xEF, 0x50, 0xF0, 0x30, 0xC1, 0x00, 0x3B, 0xF1,
    0x10, 0xF2, 0x10, 0xF3, 0x10, 0xF4, 0x10, 0xF5, 0x10, 0xF6, 0x10, 0xF7, 0x10, 0xF8, 0x10, 0xF9,
    0x10, 0xFA, 0x10, 0xFB, 0x10, 0xFC, 0x10, 0xFD, 0x10, 0xFE, 0x10, 0xFF, 0x10, 0x00, 0x21, 0x01,
    0x21, 0x02, 0x61, 0x03, 0x71, 0x04, 0x71, 0x05, 0x71, 0x06, 0x41, 0x07, 0x71, 0x08, 0x71, 0x09,
    0x61, 0x0A, 0x51, 0x0B, 0x51, 0x0C, 0x51, 0x0D, 0x51, 0x0E, 0x31, 0xC1, 0x00, 0x02, 0x0F, 0x11,
    0x10, 0x80, 0x11, 0x35, 0x12, 0x11, 0x13, 0x11, 0x14, 0x11, 0x15, 0x11, 0x16, 0x11, 0x17, 0x11,
    0x18, 0x11, 0x19, 0x11, 0x1A, 0x61, 0x1B, 0x61, 0x1C, 0x61, 0x1D, 0x21, 0x1E, 0x21, 0x1F, 0x21,
    0x20, 0x71, 0x21, 0x71, 0x22, 0x71, 0x23, 0x71, 0x24, 0x41, 0x25, 0x41, 0x26, 0x61, 0x27, 0x61,
    0x28, 0x51, 0x29, 0x51, 0x2A, 0x61, 0x2B, 0x51, 0x2C, 0x31, 0xC1, 0x00, 0x3B, 0x2D, 0x11, 0x2E,
    0x11, 0x2F, 0x11, 0x30, 0x11, 0x31, 0x11, 0x32, 0x11, 0x33, 0x01, 0x34, 0x01, 0x35, 0x01, 0x36,
    0x01, 0x37, 0x01, 0x38, 0x01, 0x39, 0x01, 0x3A, 0x61, 0x3B, 0x21, 0x3C, 0x21, 0x3D, 0x61, 0x3E,
    0x71, 0x3F, 0x71, 0x40, 0x71, 0x41, 0x71, 0x42, 0x41, 0x43, 0x41, 0x44, 0x41, 0x45, 0x61, 0x46,
    0x51, 0x47, 0x51, 0x48, 0x51, 0x49, 0x51, 0x4A, 0x31, 0xC1, 0x00, 0x3B, 0x4B, 0x11, 0x4C, 0x11,
    0x4D, 0x11, 0x4E, 0x11, 0x4F, 0x01, 0x50, 0x01, 0x51, 0x01, 0x52, 0x01, 0x53, 0x01, 0x54, 0x01,
    0x55, 0x01, 0x56, 0x01, 0x57, 0x01, 0x58, 0x61, 0x59, 0x21, 0x5A, 0x21, 0x5B, 0x61, 0x5C, 0x71,
    0x5D, 0x71, 0x5E, 0x71, 0x5F, 0x71, 0x60, 0x71, 0x61, 0x71, 0x62, 0x61, 0x63, 0x61, 0x64, 0x61,
    0x65, 0x61, 0x66, 0x31, 0x67, 0x31, 0x68, 0x31, 0xC1, 0x00, 0x3B, 0x69, 0x01, 0x6A, 0x01, 0x6B,
    0x11, 0x6C, 0x11, 0x6D, 0x01, 0x6E, 0x01, 0x6F, 0x01, 0x70, 0x01, 0x71, 0x01, 0x72, 0x01, 0x73,
    0x01, 0x74, 0x01, 0x75, 0x01, 0x76, 0x01, 0x77, 0x61, 0x78, 0x21, 0x79, 0x61, 0x7A, 0x71, 0x7B,
    0x41, 0x7C, 0x41, 0x7D, 0x41, 0x7E, 0x41, 0x7F, 0x41, 0x80, 0x41, 0x81, 0x11, 0x82, 0x11, 0x83,
    0x01, 0x84, 0x31, 0x85, 0x31, 0x86, 0x31, 0xC1, 0x00, 0x3B, 0x87, 0x71, 0x88, 0x71, 0x89, 0x61,
    0x8A, 0x11, 0x8B, 0x01, 0x8C, 0x01, 0x8D, 0x01, 0x8E, 0x01, 0x8F, 0x01, 0x90, 0x01, 0x91, 0x01,
    0x92, 0x01, 0x93, 0x01, 0x94, 0x01, 0x95, 0x71, 0x96, 0x71, 0x97, 0x61, 0x98, 0x41, 0x99, 0x41,
    0x9A, 0x41, 0x9B, 0x41, 0x9C, 0x41, 0x9D, 0x41, 0x9E, 0x41, 0x9F, 0x61, 0xA0, 0x61, 0xA1, 0x01,
    0xA2, 0x01, 0xA3, 0x31, 0xA4, 0x31, 0xC1, 0x00, 0x3B, 0xA5, 0x71, 0xA6, 0x71, 0xA7, 0x71, 0xA8,
    0x71, 0xA9, 0x71, 0xAA, 0x01, 0xAB, 0x01, 0xAC, 0x01, 0xAD, 0x01, 0xAE, 0x01, 0xAF, 0x01, 0xB0,
    0x01, 0xB1, 0x01, 0xB2, 0x01, 0xB3, 0x41, 0xB4, 0x41, 0xB5, 0x31, 0xB6, 0x31, 0xB7, 0x31, 0xB8,
    0x61, 0xB9, 0x61, 0xBA, 0x71, 0xBB, 0x41, 0xBC, 0x41, 0xBD, 0x61, 0xBE, 0x21, 0xBF, 0x61, 0xC0,
    0x11, 0xC1, 0x11, 0xC2, 0x31, 0xC1, 0x00, 0x3B, 0xC3, 0x71, 0xC4, 0x71, 0xC5, 0x71, 0xC6, 0x71,
    0xC7, 0x71, 0xC8, 0x71, 0xC9, 0x01, 0xCA, 0x01, 0xCB, 0x01, 0xCC, 0x01, 0xCD, 0x01, 0xCE, 0x01,
    0xCF, 0x01, 0xD0, 0x01, 0xD1, 0x41, 0xD2, 0x41, 0xD3, 0x31, 0xD4, 0x31, 0xD5, 0x31, 0xD6, 0x31,
    0xD7, 0x71, 0xD8, 0x71, 0xD9, 0x41, 0xDA, 0x41, 0xDB, 0x61, 0xDC, 0x21, 0xDD, 0x21, 0xDE, 0x61,
    0xDF, 0x11, 0xE0, 0x11, 0xC1, 0x00, 0x3B, 0xE1, 0x71, 0xE2, 0x71, 0xE3, 0x71, 0xC5, 0x71, 0xE4,
    0x71, 0xE5, 0x01, 0xE6, 0x01, 0xE7, 0x01, 0xE8, 0x01, 0xE9, 0x01, 0xEA, 0x01, 0xEB, 0x01, 0xEC,
    0x01, 0xED, 0x71, 0xEE, 0x41, 0xEF, 0x71, 0xF0, 0x41, 0xF1, 0x31, 0xF2, 0x31, 0xF3, 0x31, 0xF4,
    0x61, 0xF5, 0x41, 0xF6, 0x41, 0xF7, 0x41, 0xF8, 0x61, 0xF9, 0x21, 0xFA, 0x21, 0xFB, 0x21, 0xFC,
    0x61, 0xFD, 0x11, 0xC1, 0x00, 0x3B, 0xFE, 0x71, 0xFF, 0x71, 0x00, 0x72, 0x01, 0x72, 0x02, 0x02,
    0x03, 0x02, 0x04, 0x02, 0x05, 0x02, 0x06, 0x02, 0x07, 0x02, 0x08, 0x02, 0x09, 0x02, 0x0A, 0x72,
    0x0B, 0x72, 0x0C, 0x42, 0x0D, 0x72, 0x0E, 0x42, 0x0F, 0x72, 0x10, 0x72, 0x11, 0x72, 0x12, 0x72,
    0x13, 0x42, 0x14, 0x42, 0x15, 0x72, 0x16, 0x12, 0x17, 0x22, 0xF9, 0x21, 0x18, 0x22, 0x19, 0x22,
    0x1A, 0x62, 0xC1, 0x00, 0x3B, 0x1B, 0x72, 0x1C, 0x72, 0x1D, 0x02, 0x1E, 0x12, 0x1F, 0x12, 0x20,
    0x12, 0x21, 0x12, 0x22, 0x02, 0x23, 0x02, 0x24, 0x02, 0x25, 0x02, 0x26, 0x02, 0x27, 0x02, 0x28,
    0x42, 0x29, 0x42, 0x2A, 0x42, 0x2B, 0x42, 0x2C, 0x72, 0x2D, 0x72, 0x2E, 0x72, 0x2F, 0x02, 0x30,
    0x72, 0x31, 0x72, 0x32, 0x72, 0x33, 0x12, 0x34, 0x22, 0xF9, 0x21, 0x35, 0x22, 0x36, 0x22, 0x37,
    0x22, 0xC1, 0x00, 0x3B, 0x38, 0x72, 0x39, 0x72, 0x3A, 0x02, 0x3B, 0x12, 0x3C, 0x12, 0x3D, 0x12,
    0x3E, 0x12, 0x3F, 0x02, 0x40, 0x02, 0x41, 0x02, 0x42, 0x02, 0x43, 0x02, 0x44, 0x02, 0x45, 0x42,
    0x46, 0x42, 0x47, 0x42, 0x48, 0x42, 0x49, 0x42, 0x4A, 0x72, 0x4B, 0x02, 0x4C, 0x02, 0x4D, 0x72,
    0x4E, 0x72, 0x4F, 0x72, 0x50, 0x02, 0x51, 0x62, 0x52, 0x22, 0x53, 0x22, 0x54, 0x22, 0x55, 0x22,
    0xC1, 0x00, 0x3B, 0x56, 0x62, 0x57, 0x32, 0x58, 0x32, 0x59, 0x62, 0x5A, 0x12, 0x5B, 0x12, 0x5C,
    0x12, 0x5D, 0x12, 0x5E, 0x12, 0x5F, 0x12, 0x60, 0x12, 0x61, 0x12, 0x62, 0x02, 0x63, 0x42, 0x64,
    0x42, 0x65, 0x42, 0x66, 0x42, 0x67, 0x72, 0x68, 0x72, 0x69, 0x02, 0x6A, 0x02, 0x6B, 0x02, 0x6C,
    0x02, 0x6D, 0x02, 0x6E, 0x02, 0x6F, 0x02, 0x70, 0x62, 0x71, 0x22, 0x72, 0x22, 0x73, 0x22, 0xC1,
    0x00, 0x3B, 0x74, 0x32, 0x75, 0x32, 0x76, 0x32, 0x77, 0x32, 0x78, 0x12, 0x79, 0x12, 0x7A, 0x12,
    0x7B, 0x12, 0x7C, 0x62, 0x7D, 0x12, 0x7E, 0x02, 0x7F, 0x02, 0x80, 0x72, 0x81, 0x42, 0x82, 0x42,
    0x83, 0x42, 0x84, 0x42, 0x85, 0x72, 0x86, 0x72, 0x87, 0x02, 0x88, 0x02, 0x89, 0x02, 0x8A, 0x02,
    0x8B, 0x02, 0x8C, 0x02, 0x8D, 0x02, 0x8E, 0x02, 0x8F, 0x12, 0x90, 0x22, 0x91, 0x22, 0xC1, 0x00,
    0x3B, 0x92, 0x32, 0x93, 0x32, 0x94, 0x32, 0x95, 0x32, 0x96, 0x62, 0x97, 0x12, 0x98, 0x12, 0x99,
    0x02, 0x9A, 0x02, 0x9B, 0x12, 0x9C, 0x02, 0x9D, 0x02, 0x9E, 0x72, 0x9F, 0x42, 0xA0, 0x42, 0xA1,
    0x42, 0xA2, 0x42, 0xA3, 0x72, 0xA4, 0x72, 0xA5, 0x72, 0xA6, 0x02, 0xA7, 0x02, 0xA8, 0x02, 0xA9,
    0x02, 0xAA, 0x02, 0xAB, 0x02, 0xAC, 0x02, 0xAD, 0x02, 0xAE, 0x12, 0xAF, 0x22, 0xC1, 0x00, 0x3B,
    0xB0, 0x32, 0xB1, 0x32, 0xB2, 0x32, 0xB3, 0x32, 0xB4, 0x12, 0xB5, 0x12, 0xB6, 0x12, 0xB7, 0x02,
    0xB8, 0x72, 0xB9, 0x02, 0xBA, 0x42, 0xBB, 0x02, 0xBC, 0x72, 0xBD, 0x72, 0xBE, 0x42, 0xBF, 0x42,
    0xC0, 0x42, 0xC1, 0x42, 0xC2, 0x72, 0xC3, 0x72, 0xC4, 0x02, 0xC5, 0x02, 0xC6, 0x02, 0xC7, 0x02,
    0xC8, 0x02, 0xC9, 0x02, 0xCA, 0x02, 0xCB, 0x02, 0xCC, 0x02, 0xCD, 0x22, 0xC1, 0x00, 0x3B, 0xCE,
    0x32, 0xCF, 0x32, 0xD0, 0x32, 0xD1, 0x32, 0xD2, 0x32, 0xD3, 0x32, 0xD4, 0x62, 0xD5, 0x72, 0xD6,
    0x72, 0xD7, 0x72, 0xD8, 0x42, 0xD9, 0x72, 0xDA, 0x42, 0xDB, 0x42, 0xDC, 0x42, 0xDD, 0x42, 0xDE,
    0x42, 0xDF, 0x42, 0xE0, 0x72, 0xE1, 0x72, 0xE2, 0x02, 0xE3, 0x02, 0xE4, 0x02, 0xE5, 0x02, 0xE6,
    0x02, 0xE7, 0x02, 0xE8, 0x02, 0xE9, 0x02, 0xEA, 0x02, 0xEB, 0x02, 0xC1, 0x00, 0x2C, 0xEC, 0x32,
    0xED, 0x32, 0xEE, 0x32, 0xEF, 0x32, 0xF0, 0x32, 0xF1, 0x32, 0xF2, 0x32, 0xF3, 0x62, 0xF4, 0x62,
    0xF5, 0x42, 0xF6, 0x42, 0xF7, 0x42, 0xF8, 0x42, 0xF9, 0x42, 0xFA, 0x42, 0xFB, 0x42, 0xFC, 0x42,
    0xFD, 0x42, 0xFE, 0x42, 0xFF, 0x72, 0x00, 0x03, 0x01, 0x03, 0x02, 0x80, 0x03, 0x0B, 0x04, 0x03,
    0x05, 0x03, 0x06, 0x03, 0x07, 0x03, 0x08, 0x03, 0x09, 0x03, 0xC1, 0x00, 0x3B, 0x0A, 0x23, 0x0B,
    0x33, 0x0C, 0x33, 0x0D, 0x33, 0x0E, 0x33, 0x0F, 0x33, 0x10, 0x23, 0x11, 0x63, 0x12, 0x43, 0x13,
    0x43, 0x14, 0x43, 0x15, 0x43, 0x16, 0x43, 0x17, 0x43, 0x18, 0x43, 0x19, 0x43, 0x1A, 0x43, 0x1B,
    0x43, 0x1C, 0x73, 0x1D, 0x03, 0x1E, 0x03, 0x1F, 0x03, 0x20, 0x03, 0x21, 0x03, 0x22, 0x03, 0x23,
    0x03, 0x24, 0x03, 0x25, 0x03, 0x26, 0x03, 0x27, 0x03, 0xC1, 0x00, 0x3B, 0x28, 0x23, 0x29, 0x33,
    0x2A, 0x33, 0x0C, 0x33, 0x2B, 0x33, 0x2C, 0x33, 0x2D, 0x43, 0x2E, 0x43, 0x2F, 0x43, 0x30, 0x43,
    0x31, 0x43, 0x32, 0x43, 0x33, 0x43, 0x34, 0x43, 0x35, 0x43, 0x36, 0x43, 0x37, 0x43, 0x38, 0x73,
    0x39, 0x03, 0x3A, 0x03, 0x3B, 0x03, 0x3C, 0x03, 0x3D, 0x03, 0x3E, 0x03, 0x3F, 0x03, 0x40, 0x03,
    0x41, 0x03, 0x42, 0x03, 0x43, 0x03, 0x44, 0x03, 0xC1, 0x00, 0x3B, 0x45, 0x23, 0x46, 0x33, 0x47,
    0x33, 0x48, 0x33, 0x49, 0x33, 0x4A, 0x43, 0x4B, 0x43, 0x4C, 0x43, 0x4D, 0x43, 0x4E, 0x43, 0x4F,
    0x43, 0x50, 0x43, 0x51, 0x43, 0x52, 0x43, 0x53, 0x43, 0x54, 0x43, 0x55, 0x03, 0x56, 0x03, 0x57,
    0x03, 0x58, 0x03, 0x59, 0x03, 0x5A, 0x03, 0x5B, 0x03, 0x5C, 0x03, 0x5D, 0x03, 0x5E, 0x03, 0x5F,
    0x03, 0x60, 0x03, 0x61, 0x03, 0x62, 0x13, 0xC1, 0x00, 0x3B, 0x63, 0x23, 0x64, 0x23, 0x65, 0x33,
    0x66, 0x63, 0x67, 0x43, 0x68, 0x43, 0x69, 0x43, 0x6A, 0x43, 0x6B, 0x43, 0x6C, 0x43, 0x6D, 0x43,
    0x6E, 0x43, 0x6F, 0x43, 0x70, 0x73, 0x71, 0x03, 0x72, 0x03, 0x73, 0x03, 0x74, 0x03, 0x75, 0x03,
    0x76, 0x03, 0x77, 0x03, 0x78, 0x03, 0x79, 0x03, 0x7A, 0x13, 0x7B, 0x13, 0x7C, 0x13, 0x7D, 0x13,
    0x7E, 0x13, 0x7F, 0x13, 0x80, 0x13, 0xC1, 0x00, 0x3B, 0x81, 0x23, 0x82, 0x33, 0x83, 0x43, 0x84,
    0x43, 0x85, 0x43, 0x86, 0x43, 0x87, 0x43, 0x88, 0x43, 0x89, 0x43, 0x8A, 0x73, 0x8B, 0x73, 0x8C,
    0x73, 0x8D, 0x03, 0x8E, 0x03, 0x8F, 0x03, 0x90, 0x03, 0x91, 0x03, 0x92, 0x03, 0x93, 0x13, 0x94,
    0x13, 0x95, 0x13, 0x96, 0x13, 0x97, 0x13, 0x98, 0x13, 0x99, 0x13, 0x9A, 0x13, 0x9B, 0x13, 0x9C,
    0x13, 0x9D, 0x13, 0x9E, 0x13, 0xC1, 0x00, 0x3B, 0x9F, 0x23, 0xA0, 0x43, 0xA1, 0x43, 0xA2, 0x43,
    0xA3, 0x43, 0xA4, 0x43, 0xA5, 0x73, 0xA6, 0x73, 0xA7, 0x73, 0xA8, 0x63, 0xA9, 0x13, 0xAA, 0x13,
    0xAB, 0x13, 0xAC, 0x13, 0xAD, 0x13, 0xAE, 0x13, 0xAF, 0x13, 0xB0, 0x13, 0xB1, 0x13, 0xB2, 0x13,
    0xB3, 0x13, 0xB4, 0x13, 0xB5, 0x13, 0xB6, 0x13, 0xB7, 0x13, 0xB8, 0x13, 0xB9, 0x13, 0xBA, 0x13,
    0xBB, 0x13, 0xBC, 0x13, 0xC1, 0x00, 0x3B, 0xBD, 0x23, 0xBE, 0x43, 0xBF, 0x43, 0xC0, 0x73, 0xC1,
    0x73, 0xC2, 0x73, 0xC3, 0x63, 0xC4, 0x63, 0xC5, 0x13, 0xC6, 0x13, 0xC7, 0x13, 0xC8, 0x13, 0xC9,
    0x13, 0xCA, 0x13, 0xCB, 0x13, 0xCC, 0x13, 0xCD, 0x13, 0xCE, 0x13, 0xCF, 0x13, 0xD0, 0x13, 0xD1,
    0x13, 0xD2, 0x13, 0xD3, 0x13, 0xD4, 0x13, 0xD5, 0x13, 0xD6, 0x13, 0xD7, 0x13, 0xD8, 0x13, 0xD9,
    0x13, 0xDA, 0x13, 0xC1, 0x00, 0x3B, 0xDB, 0x23, 0xDC, 0x43, 0xDD, 0x73, 0xDE, 0x73, 0xDF, 0x73,
    0xE0, 0x63, 0xE1, 0x23, 0xE2, 0x23, 0xE3, 0x23, 0xE4, 0x13, 0xE5, 0x13, 0xE6, 0x13, 0xE7, 0x13,
    0xE8, 0x13, 0xE9, 0x13, 0xEA, 0x13, 0xEB, 0x13, 0xEC, 0x13, 0xED, 0x13, 0xEE, 0x13, 0xEF, 0x13,
    0xF0, 0x13, 0xF1, 0x13, 0xF2, 0x13, 0xF3, 0x13, 0xF4, 0x13, 0xF5, 0x13, 0xF6, 0x13, 0xF7, 0x13,
    0xF8, 0x13, 0xFF, 0x00, 0xFF, 0x00, 0xFF, 0x00, 0xFF, 0x00, 0xFF, 0x00, 0xFF, 0x00, 0xFF, 0x00,
    0xFF, 0x00, 0xFF, 0x00, 0xFF, 0x00, 0xFF, 0x00, 0xFF, 0x00, 0xFF, 0x00, 0xFF, 0x00, 0xFF, 0x00,
    0xFF, 0x00, 0xFF, 0x00, 0xFF, 0x00, 0xFF, 0x00, 0xFF, 0x00, 0xFF, 0x00, 0xFF, 0x00, 0xFF, 0x00,
    0xFF, 0x00, 0xFF, 0x00, 0xFF, 0x00, 0xFF, 0x00, 0xFF, 0x00, 0xFF, 0x00, 0xE5, 0x00, 0x00, 0x00,
};

alignas(int) static const uint16_t rin_h2_v5_used[1017] = {
    0, 1, 2, 3, 4, 5, 6, 7, 8, 9, 10, 11, 12, 13, 14, 15,
    16, 17, 18, 19, 20, 21, 22, 23, 24, 25, 26, 27, 28, 29, 30, 31,
    32, 33, 34, 35, 36, 37, 38, 39, 40, 41, 42, 43, 44, 45, 46, 47,
    48, 49, 50, 51, 52, 53, 54, 55, 56, 57, 58, 59, 60, 61, 62, 63,
    64, 65, 66, 67, 68, 69, 70, 71, 72, 73, 74, 75, 76, 77, 78, 79,
    80, 81, 82, 83, 84, 85, 86, 87, 88, 89, 90, 91, 92, 93, 94, 95,
    96, 97, 98, 99, 100, 101, 102, 103, 104, 105, 106, 107, 108, 109, 110, 111,
    112, 113, 114, 115, 116, 117, 118, 119, 120, 121, 122, 123, 124, 125, 126, 127,
    128, 129, 130, 131, 132, 133, 134, 135, 136, 137, 138, 139, 140, 141, 142, 143,
    144, 145, 146, 147, 148, 149, 150, 151, 152, 153, 154, 155, 156, 157, 158, 159,
    160, 161, 162, 163, 164, 165, 166, 167, 168, 169, 170, 171, 172, 173, 174, 1017,
    176, 177, 178, 179, 180, 181, 182, 183, 184, 185, 186, 187, 188, 189, 190, 191,
    192, 193, 194, 195, 196, 197, 198, 199, 200, 1018, 1019, 1020, 1021, 1022, 206, 207,
    208, 209, 210, 211, 212, 213, 214, 215, 216, 217, 218, 219, 220, 221, 222, 223,
    224, 225, 226, 227, 228, 229, 230, 1023, 1024, 1025, 234, 1026, 1027, 237, 238, 239,
    240, 241, 242, 243, 244, 245, 246, 247, 248, 249, 250, 251, 252, 253, 254, 255,
    256, 257, 258, 259, 260, 1028, 1029, 263, 1030, 1031, 1032, 267, 268, 269, 270, 271,
    272, 273, 274, 275, 276, 277, 278, 279, 280, 281, 282, 283, 284, 285, 286, 287,
    288, 289, 290, 291, 292, 293, 1033, 1034, 1035, 297, 298, 299, 300, 301, 302, 303,
    304, 305, 306, 307, 308, 309, 310, 311, 312, 313, 314, 315, 316, 317, 318, 319,
    320, 321, 1036, 323, 324, 1037, 326, 327, 328, 329, 330, 331, 332, 333, 334, 335,
    336, 337, 338, 339, 340, 341, 342, 343, 344, 345, 346, 347, 348, 349, 350, 351,
    352, 353, 1099, 355, 356, 357, 358, 359, 360, 361, 362, 363, 364, 365, 366, 367,
    368, 369, 370, 371, 372, 373, 374, 375, 376, 377, 378, 379, 380, 381, 382, 383,
    384, 385, 386, 387, 388, 389, 390, 391, 392, 393, 394, 395, 396, 397, 398, 399,
    400, 401, 402, 403, 404, 405, 406, 407, 408, 409, 410, 411, 412, 413, 414, 415,
    416, 417, 418, 419, 420, 421, 422, 423, 424, 425, 426, 427, 1100, 1101, 430, 431,
    432, 433, 434, 435, 436, 437, 438, 439, 440, 441, 442, 443, 444, 445, 446, 447,
    448, 449, 450, 451, 452, 453, 454, 455, 1102, 1103, 1104, 1105, 1106, 1107, 462, 463,
    464, 465, 466, 467, 468, 469, 470, 471, 472, 473, 474, 475, 476, 477, 478, 479,
    480, 481, 482, 483, 1108, 1109, 1110, 1111, 1112, 1113, 1114, 1115, 1116, 493, 494, 495,
    496, 497, 498, 499, 500, 501, 502, 503, 504, 505, 506, 507, 508, 509, 510, 511,
    512, 1117, 1118, 1119, 1120, 1121, 1122, 1123, 1124, 1125, 1126, 1127, 524, 525, 526, 527,
    528, 529, 530, 531, 532, 533, 534, 535, 536, 537, 538, 539, 540, 541, 1128, 1129,
    1130, 1131, 1132, 1133, 1134, 1135, 1136, 1137, 1138, 553, 554, 555, 556, 557, 558, 559,
    560, 561, 562, 563, 564, 565, 566, 567, 1139, 1140, 570, 1141, 1142, 1143, 1144, 1145,
    1146, 1147, 1148, 1149, 1150, 581, 582, 583, 584, 585, 586, 587, 588, 589, 590, 591,
    592, 593, 594, 595, 596, 597, 1151, 1152, 1153, 1154, 1155, 1156, 1157, 1158, 1159, 1160,
    1161, 1162, 1163, 611, 612, 613, 614, 615, 616, 617, 618, 619, 620, 621, 622, 623,
    624, 625, 626, 627, 1164, 1165, 1166, 1167, 1168, 1169, 1170, 1171, 1172, 1173, 1174, 1175,
    1176, 1177, 642, 643, 644, 645, 646, 647, 648, 649, 650, 651, 652, 653, 654, 655,
    656, 657, 1178, 1179, 1180, 1181, 1182, 1183, 1184, 1185, 1186, 1187, 1188, 1189, 1190, 1191,
    1192, 672, 673, 674, 675, 1193, 677, 678, 679, 680, 681, 682, 683, 684, 685, 686,
    1194, 1195, 1196, 1197, 1198, 1199, 1200, 1201, 1202, 1203, 1204, 1205, 1206, 1207, 1208, 1209,
    1210, 1211, 1085, 1212, 707, 708, 709, 710, 711, 712, 713, 714, 715, 716, 1213, 1214,
    1215, 1216, 1217, 1218, 1219, 1220, 1221, 1222, 1223, 1224, 729, 730, 1225, 1226, 1227, 1228,
    1229, 1230, 737, 738, 739, 740, 741, 742, 743, 744, 745, 746, 1231, 1232, 1233, 1234,
    1235, 1236, 1237, 1238, 1239, 1240, 757, 758, 759, 760, 761, 762, 1241, 1242, 1243, 1244,
    767, 768, 769, 770, 771, 772, 773, 774, 775, 776, 1245, 1246, 1247, 1248, 1249, 1250,
    1251, 1252, 785, 786, 787, 788, 789, 790, 791, 792, 793, 794, 1253, 1254, 797, 798,
    799, 800, 801, 802, 803, 804, 805, 806, 1255, 1256, 1257, 1258, 1259, 1260, 814, 815,
    816, 817, 818, 819, 820, 821, 822, 823, 824, 825, 826, 827, 828, 829, 830, 831,
    832, 833, 834, 835, 836, 1261, 1262, 1263, 1264, 1265, 1266, 843, 844, 845, 846, 847,
    848, 849, 850, 851, 852, 853, 854, 855, 856, 857, 858, 859, 860, 861, 862, 863,
    864, 865, 866, 1267, 1268, 1269, 1270, 1271, 872, 873, 874, 875, 876, 877, 878, 879,
    880, 881, 882, 883, 884, 885, 886, 887, 888, 889, 890, 891, 892, 893, 894, 895,
    896, 1272, 1273, 1274, 900, 901, 902, 903, 904, 905, 906, 907, 908, 909, 910, 911,
    912, 913, 914, 915, 916, 917, 918, 919, 920, 921, 922, 923, 924, 925, 926, 1275,
    1276, 929, 930, 931, 932, 933, 934, 935, 936, 937, 938, 939, 940, 941, 942, 943,
    944, 945, 946, 947, 948, 949, 950, 951, 952, 953, 954, 955, 956, 1277, 1278, 959,
    960, 961, 962, 1279, 1280, 1281, 966, 967, 968, 969, 970, 971, 972, 973, 974, 975,
    976, 977, 978, 979, 980, 981, 982, 983, 984, 985, 986, 1282, 1283, 989, 990, 991,
    1284, 1285, 1286, 1287, 996, 997, 998, 999, 1000, 1001, 1002, 1003, 1004, 1005, 1006, 1007,
    1008, 1009, 1010, 1011, 1012, 1013, 1014, 1015, 1016,
};

alignas(int) static const unsigned char rin_h2_v5_map_rle[2208] = {
    0x30, 0x00, 0x20, 0x00, 0x9F, 0x00, 0x3B, 0x01, 0x10, 0x02, 0x10, 0x03, 0x10, 0x04, 0x10, 0x05,
    0x10, 0x06, 0x20, 0x07, 0x20, 0x08, 0x20, 0x09, 0x20, 0x0A, 0x20, 0x0B, 0x20, 0x0C, 0x20, 0x0D,
    0x20, 0x0E, 0x20, 0x0F, 0x20, 0x10, 0x20, 0x11, 0x20, 0x12, 0x20, 0x13, 0x30, 0x14, 0x30, 0x15,
    0x30, 0x16, 0x30, 0x17, 0x60, 0x18, 0x30, 0x19, 0x30, 0x1A, 0x30, 0x1B, 0x30, 0x1C, 0x30, 0x1D,
    0x30, 0x1E, 0x30, 0xC1, 0x00, 0x3B, 0x1F, 0x10, 0x20, 0x10, 0x21, 0x10, 0x22, 0x10, 0x23, 0x10,
    0x24, 0x20, 0x25, 0x20, 0x26, 0x20, 0x27, 0x20, 0x28, 0x20, 0x29, 0x20, 0x2A, 0x20, 0x2B, 0x20,
    0x2C, 0x20, 0x2D, 0x20, 0x2E, 0x20, 0x2F, 0x20, 0x30, 0x60, 0x31, 0x30, 0x32, 0x30, 0x33, 0x30,
    0x34, 0x30, 0x35, 0x60, 0x36, 0x50, 0x37, 0x50, 0x38, 0x50, 0x39, 0x50, 0x3A, 0x20, 0x3B, 0x30,
    0x3C, 0x30, 0xC1, 0x00, 0x3B, 0x3D, 0x10, 0x3E, 0x10, 0x3F, 0x10, 0x40, 0x10, 0x41, 0x10, 0x42,
    0x20, 0x43, 0x20, 0x44, 0x20, 0x45, 0x20, 0x46, 0x20, 0x47, 0x20, 0x48, 0x10, 0x49, 0x20, 0x4A,
    0x20, 0x4B, 0x20, 0x4C, 0x20, 0x4D, 0x20, 0x4E, 0x60, 0x4F, 0x30, 0x50, 0x30, 0x51, 0x30, 0x52,
    0x30, 0x53, 0x50, 0x54, 0x50, 0x55, 0x50, 0x56, 0x50, 0x57, 0x50, 0x58, 0x50, 0x59, 0x50, 0x5A,
    0x30, 0xC1, 0x00, 0x3B, 0x5B, 0x10, 0x5C, 0x10, 0x5D, 0x10, 0x5E, 0x10, 0x5F, 0x10, 0x60, 0x10,
    0x61, 0x10, 0x62, 0x10, 0x63, 0x10, 0x64, 0x10, 0x65, 0x10, 0x66, 0x10, 0x67, 0x20, 0x68, 0x20,
    0x69, 0x20, 0x6A, 0x20, 0x6B, 0x20, 0x6C, 0x60, 0x6D, 0x30, 0x6E, 0x30, 0x6F, 0x50, 0x70, 0x50,
    0x71, 0x50, 0x72, 0x50, 0x73, 0x50, 0x74, 0x50, 0x75, 0x50, 0x76, 0x50, 0x77, 0x50, 0x78, 0x60,
    0xC1, 0x00, 0x3B, 0x79, 0x10, 0x7A, 0x10, 0x7B, 0x10, 0x7C, 0x10, 0x7D, 0x10, 0x7E, 0x10, 0x7F,
    0x10, 0x80, 0x10, 0x81, 0x10, 0x82, 0x10, 0x83, 0x10, 0x84, 0x10, 0x85, 0x20, 0x86, 0x20, 0x87,
    0x20, 0x88, 0x20, 0x89, 0x20, 0x8A, 0x60, 0x8B, 0x30, 0x8C, 0x20, 0x8D, 0x50, 0x8E, 0x50, 0x8F,
    0x50, 0x90, 0x50, 0x91, 0x50, 0x92, 0x50, 0x93, 0x50, 0x94, 0x50, 0x95, 0x50, 0x96, 0x50, 0xC1,
    0x00, 0x3B, 0x97, 0x10, 0x98, 0x10, 0x99, 0x10, 0x9A, 0x10, 0x9B, 0x10, 0x9C, 0x10, 0x9D, 0x10,
    0x9E, 0x10, 0x9F, 0x10, 0xA0, 0x10, 0xA1, 0x10, 0xA2, 0x10, 0xA3, 0x20, 0xA4, 0x20, 0xA5, 0x20,
    0xA6, 0x20, 0xA7, 0x20, 0xA8, 0x10, 0xA9, 0x60, 0xAA, 0x50, 0xAB, 0x50, 0xAC, 0x50, 0xAD, 0x50,
    0xAE, 0x50, 0xAF, 0x50, 0xB0, 0x50, 0xB1, 0x50, 0xB2, 0x50, 0xB3, 0x50, 0xB4, 0x50, 0xC1, 0x00,
    0x3B, 0xB5, 0x10, 0xB6, 0x10, 0xB7, 0x10, 0xB8, 0x10, 0xB9, 0x10, 0xBA, 0x10, 0xBB, 0x10, 0xBC,
    0x10, 0xBD, 0x10, 0xBE, 0x10, 0xBF, 0x10, 0xC0, 0x10, 0xC1, 0x20, 0xC2, 0x20, 0xC3, 0x20, 0xC4,
    0x20, 0xC5, 0x20, 0xC6, 0x20, 0xC7, 0x60, 0xC8, 0x50, 0xC9, 0x50, 0xCA, 0x60, 0xCB, 0x60, 0xCC,
    0x50, 0xCD, 0x50, 0xCE, 0x50, 0xCF, 0x50, 0xD0, 0x50, 0xD1, 0x50, 0xD2, 0x20, 0xC1, 0x00, 0x3B,
    0xD3, 0x10, 0xD4, 0x10, 0xD5, 0x10, 0xD6, 0x10, 0xD7, 0x10, 0xD8, 0x10, 0xD9, 0x10, 0xDA, 0x10,
    0xDB, 0x10, 0xDC, 0x10, 0xDD, 0x10, 0xDE, 0x10, 0xDF, 0x10, 0xE0, 0x20, 0xE1, 0x20, 0xE2, 0x20,
    0xE3, 0x20, 0xE4, 0x20, 0xE5, 0x70, 0xE6, 0x60, 0xE7, 0x60, 0xE8, 0x60, 0xE9, 0x60, 0xEA, 0x70,
    0xEB, 0x50, 0xEC, 0x50, 0xED, 0x50, 0xEE, 0x50, 0xEF, 0x50, 0xF0, 0x30, 0xC1, 0x00, 0x3B, 0xF1,
    0x10, 0xF2, 0x10, 0xF3, 0x10, 0xF4, 0x10, 0xF5, 0x10, 0xF6, 0x10, 0xF7, 0x10, 0xF8, 0x10, 0xF9,
    0x10, 0xFA, 0x10, 0xFB, 0x10, 0xFC, 0x10, 0xFD, 0x10, 0xFE, 0x10, 0xFF, 0x10, 0x00, 0x21, 0x01,
    0x21, 0x02, 0x61, 0x03, 0x71, 0x04, 0x71, 0x05, 0x71, 0x06, 0x41, 0x07, 0x71, 0x08, 0x71, 0x09,
    0x61, 0x0A, 0x51, 0x0B, 0x51, 0x0C, 0x51, 0x0D, 0x51, 0x0E, 0x31, 0xC1, 0x00, 0x02, 0x0F, 0x11,
    0x10, 0x80, 0x11, 0x35, 0x12, 0x11, 0x13, 0x11, 0x14, 0x11, 0x15, 0x11, 0x16, 0x11, 0x17, 0x11,
    0x18, 0x11, 0x19, 0x11, 0x1A, 0x61, 0x1B, 0x61, 0x1C, 0x61, 0x1D, 0x21, 0x1E, 0x21, 0x1F, 0x21,
    0x20, 0x71, 0x21, 0x71, 0x22, 0x71, 0x23, 0x71, 0x24, 0x41, 0x25, 0x41, 0x26, 0x61, 0x27, 0x61,
    0x28, 0x51, 0x29, 0x51, 0x2A, 0x61, 0x2B, 0x51, 0x2C, 0x31, 0xC1, 0x00, 0x3B, 0x2D, 0x11, 0x2E,
    0x11, 0x2F, 0x11, 0x30, 0x11, 0x31, 0x11, 0x32, 0x11, 0x33, 0x01, 0x34, 0x01, 0x35, 0x01, 0x36,
    0x01, 0x37, 0x01, 0x38, 0x01, 0x39, 0x01, 0x3A, 0x61, 0x3B, 0x21, 0x3C, 0x21, 0x3D, 0x61, 0x3E,
    0x71, 0x3F, 0x71, 0x40, 0x71, 0x41, 0x71, 0x42, 0x41, 0x43, 0x41, 0x44, 0x41, 0x45, 0x61, 0x46,
    0x51, 0x47, 0x51, 0x48, 0x51, 0x49, 0x51, 0x4A, 0x31, 0xC1, 0x00, 0x3B, 0x4B, 0x11, 0x4C, 0x11,
    0x4D, 0x11, 0x4E, 0x11, 0x4F, 0x01, 0x50, 0x01, 0x51, 0x01, 0x52, 0x01, 0x53, 0x01, 0x54, 0x01,
    0x55, 0x01, 0x56, 0x01, 0x57, 0x01, 0x58, 0x61, 0x59, 0x21, 0x5A, 0x21, 0x5B, 0x61, 0x5C, 0x71,
    0x5D, 0x71, 0x5E, 0x71, 0x5F, 0x71, 0x60, 0x71, 0x61, 0x71, 0x62, 0x61, 0x63, 0x61, 0x64, 0x61,
    0x65, 0x61, 0x66, 0x31, 0x67, 0x31, 0x68, 0x31, 0xC1, 0x00, 0x3B, 0x69, 0x01, 0x6A, 0x01, 0x6B,
    0x11, 0x6C, 0x11, 0x6D, 0x01, 0x6E, 0x01, 0x6F, 0x01, 0x70, 0x01, 0x71, 0x01, 0x72, 0x01, 0x73,
    0x01, 0x74, 0x01, 0x75, 0x01, 0x76, 0x01, 0x77, 0x61, 0x78, 0x21, 0x79, 0x61, 0x7A, 0x71, 0x7B,
    0x41, 0x7C, 0x41, 0x7D, 0x41, 0x7E, 0x41, 0x7F, 0x41, 0x80, 0x41, 0x81, 0x11, 0x82, 0x11, 0x83,
    0x01, 0x84, 0x31, 0x85, 0x31, 0x86, 0x31, 0xC1, 0x00, 0x3B, 0x87, 0x71, 0x88, 0x71, 0x89, 0x61,
    0x8A, 0x11, 0x8B, 0x01, 0x8C, 0x01, 0x8D, 0x01, 0x8E, 0x01, 0x8F, 0x01, 0x90, 0x01, 0x91, 0x01,
    0x92, 0x01, 0x93, 0x01, 0x94, 0x01, 0x95, 0x71, 0x96, 0x71, 0x97, 0x61, 0x98, 0x41, 0x99, 0x41,
    0x9A, 0x41, 0x9B, 0x41, 0x9C, 0x41, 0x9D, 0x41, 0x9E, 0x41, 0x9F, 0x61, 0xA0, 0x61, 0xA1, 0x01,
    0xA2, 0x01, 0xA3, 0x31, 0xA4, 0x31, 0xC1, 0x00, 0x3B, 0xA5, 0x71, 0xA6, 0x71, 0xA7, 0x71, 0xA8,
    0x71, 0xA9, 0x71, 0xAA, 0x01, 0xAB, 0x01, 0xAC, 0x01, 0xAD, 0x01, 0xAE, 0x01, 0xAF, 0x01, 0xB0,
    0x01, 0xB1, 0x01, 0xB2, 0x01, 0xB3, 0x41, 0xB4, 0x41, 0xB5, 0x31, 0xB6, 0x31, 0xB7, 0x31, 0xB8,
    0x61, 0xB9, 0x61, 0xBA, 0x71, 0xBB, 0x41, 0xBC, 0x41, 0xBD, 0x61, 0xBE, 0x21, 0xBF, 0x61, 0xC0,
    0x11, 0xC1, 0x11, 0xC2, 0x31, 0xC1, 0x00, 0x3B, 0xC3, 0x71, 0xC4, 0x71, 0xC5, 0x71, 0xC6, 0x71,
    0xC7, 0x71, 0xC8, 0x71, 0xC9, 0x01, 0xCA, 0x01, 0xCB, 0x01, 0xCC, 0x01, 0xCD, 0x01, 0xCE, 0x01,
    0xCF, 0x01, 0xD0, 0x01, 0xD1, 0x41, 0xD2, 0x41, 0xD3, 0x31, 0xD4, 0x31, 0xD5, 0x31, 0xD6, 0x31,
    0xD7, 0x71, 0xD8, 0x71, 0xD9, 0x41, 0xDA, 0x41, 0xDB, 0x61, 0xDC, 0x21, 0xDD, 0x21, 0xDE, 0x61,
    0xDF, 0x11, 0xE0, 0x11, 0xC1, 0x00, 0x3B, 0xE1, 0x71, 0xE2, 0x71, 0xE3, 0x71, 0xC5, 0x71, 0xE4,
    0x71, 0xE5, 0x01, 0xE6, 0x01, 0xE7, 0x01, 0xE8, 0x01, 0xE9, 0x01, 0xEA, 0x01, 0xEB, 0x01, 0xEC,
    0x01, 0xED, 0x71, 0xEE, 0x41, 0xEF, 0x71, 0xF0, 0x41, 0xF1, 0x31, 0xF2, 0x31, 0xF3, 0x31, 0xF4,
    0x61, 0xF5, 0x41, 0xF6, 0x41, 0xF7, 0x41, 0xF8, 0x61, 0xF9, 0x21, 0xFA, 0x21, 0xFB, 0x21, 0xFC,
    0x61, 0xFD, 0x11, 0xC1, 0x00, 0x3B, 0xFE, 0x71, 0xFF, 0x71, 0x00, 0x72, 0x01, 0x72, 0x02, 0x02,
    0x03, 0x02, 0x04, 0x02, 0x05, 0x02, 0x06, 0x02, 0x07, 0x02, 0x08, 0x02, 0x09, 0x02, 0x0A, 0x72,
    0x0B, 0x72, 0x0C, 0x42, 0x0D, 0x72, 0x0E, 0x42, 0x0F, 0x72, 0x10, 0x72, 0x11, 0x72, 0x12, 0x72,
    0x13, 0x42, 0x14, 0x42, 0x15, 0x72, 0x16, 0x12, 0x17, 0x22, 0xF9, 0x21, 0x18, 0x22, 0x19, 0x22,
    0x1A, 0x62, 0xC1, 0x00, 0x3B, 0x1B, 0x72, 0x1C, 0x72, 0x1D, 0x02, 0x1E, 0x12, 0x1F, 0x12, 0x20,
    0x12, 0x21, 0x12, 0x22, 0x02, 0x23, 0x02, 0x24, 0x02, 0x25, 0x02, 0x26, 0x02, 0x27, 0x02, 0x28,
    0x42, 0x29, 0x42, 0x2A, 0x42, 0x2B, 0x42, 0x2C, 0x72, 0x2D, 0x72, 0x2E, 0x72, 0x2F, 0x02, 0x30,
    0x72, 0x31, 0x72, 0x32, 0x72, 0x33, 0x12, 0x34, 0x22, 0xF9, 0x21, 0x35, 0x22, 0x36, 0x22, 0x37,
    0x22, 0xC1, 0x00, 0x3B, 0x38, 0x72, 0x39, 0x72, 0x3A, 0x02, 0x3B, 0x12, 0x3C, 0x12, 0x3D, 0x12,
    0x3E, 0x12, 0x3F, 0x02, 0x40, 0x02, 0x41, 0x02, 0x42, 0x02, 0x43, 0x02, 0x44, 0x02, 0x45, 0x42,
    0x46, 0x42, 0x47, 0x42, 0x48, 0x42, 0x49, 0x42, 0x4A, 0x72, 0x4B, 0x02, 0x4C, 0x02, 0x4D, 0x72,
    0x4E, 0x72, 0x4F, 0x72, 0x50, 0x02, 0x51, 0x62, 0x52, 0x22, 0x53, 0x22, 0x54, 0x22, 0x55, 0x22,
    0xC1, 0x00, 0x3B, 0x56, 0x62, 0x57, 0x32, 0x58, 0x32, 0x59, 0x62, 0x5A, 0x12, 0x5B, 0x12, 0x5C,
    0x12, 0x5D, 0x12, 0x5E, 0x12, 0x5F, 0x12, 0x60, 0x12, 0x61, 0x12, 0x62, 0x02, 0x63, 0x42, 0x64,
    0x42, 0x65, 0x42, 0x66, 0x42, 0x67, 0x72, 0x68, 0x72, 0x69, 0x02, 0x6A, 0x02, 0x6B, 0x02, 0x6C,
    0x02, 0x6D, 0x02, 0x6E, 0x02, 0x6F, 0x02, 0x70, 0x62, 0x71, 0x22, 0x72, 0x22, 0x73, 0x22, 0xC1,
    0x00, 0x3B, 0x74, 0x32, 0x75, 0x32, 0x76, 0x32, 0x77, 0x32, 0x78, 0x12, 0x79, 0x12, 0x7A, 0x12,
    0x7B, 0x12, 0x7C, 0x62, 0x7D, 0x12, 0x7E, 0x02, 0x7F, 0x02, 0x80, 0x72, 0x81, 0x42, 0x82, 0x42,
    0x83, 0x42, 0x84, 0x42, 0x85, 0x72, 0x86, 0x72, 0x87, 0x02, 0x88, 0x02, 0x89, 0x02, 0x8A, 0x02,
    0x8B, 0x02, 0x8C, 0x02, 0x8D, 0x02, 0x8E, 0x02, 0x8F, 0x12, 0x90, 0x22, 0x91, 0x22, 0xC1, 0x00,
    0x3B, 0x92, 0x32, 0x93, 0x32, 0x94, 0x32, 0x95, 0x32, 0x96, 0x62, 0x97, 0x12, 0x98, 0x12, 0x99,
    0x02, 0x9A, 0x02, 0x9B, 0x12, 0x9C, 0x02, 0x9D, 0x02, 0x9E, 0x72, 0x9F, 0x42, 0xA0, 0x42, 0xA1,
    0x42, 0xA2, 0x42, 0xA3, 0x72, 0xA4, 0x72, 0xA5, 0x72, 0xA6, 0x02, 0xA7, 0x02, 0xA8, 0x02, 0xA9,
    0x02, 0xAA, 0x02, 0xAB, 0x02, 0xAC, 0x02, 0xAD, 0x02, 0xAE, 0x12, 0xAF, 0x22, 0xC1, 0x00, 0x3B,
    0xB0, 0x32, 0xB1, 0x32, 0xB2, 0x32, 0xB3, 0x32, 0xB4, 0x12, 0xB5, 0x12, 0xB6, 0x12, 0xB7, 0x02,
    0xB8, 0x72, 0xB9, 0x02, 0xBA, 0x42, 0xBB, 0x02, 0xBC, 0x72, 0xBD, 0x72, 0xBE, 0x42, 0xBF, 0x42,
    0xC0, 0x42, 0xC1, 0x42, 0xC2, 0x72, 0xC3, 0x72, 0xC4, 0x02, 0xC5, 0x02, 0xC6, 0x02, 0xC7, 0x02,
    0xC8, 0x02, 0xC9, 0x02, 0xCA, 0x02, 0xCB, 0x02, 0xCC, 0x02, 0xCD, 0x22, 0xC1, 0x00, 0x3B, 0xCE,
    0x32, 0xCF, 0x32, 0xD0, 0x32, 0xD1, 0x32, 0xD2, 0x32, 0xD3, 0x32, 0xD4, 0x62, 0xD5, 0x72, 0xD6,
    0x72, 0xD7, 0x72, 0xD8, 0x42, 0xD9, 0x72, 0xDA, 0x42, 0xDB, 0x42, 0xDC, 0x42, 0xDD, 0x42, 0xDE,
    0x42, 0xDF, 0x42, 0xE0, 0x72, 0xE1, 0x72, 0xE2, 0x02, 0xE3, 0x02, 0xE4, 0x02, 0xE5, 0x02, 0xE6,
    0x02, 0xE7, 0x02, 0xE8, 0x02, 0xE9, 0x02, 0xEA, 0x02, 0xEB, 0x02, 0xC1, 0x00, 0x2C, 0xEC, 0x32,
    0xED, 0x32, 0xEE, 0x32, 0xEF, 0x32, 0xF0, 0x32, 0xF1, 0x32, 0xF2, 0x32, 0xF3, 0x62, 0xF4, 0x62,
    0xF5, 0x42, 0xF6, 0x42, 0xF7, 0x42, 0xF8, 0x42, 0xF9, 0x42, 0xFA, 0x42, 0xFB, 0x42, 0xFC, 0x42,
    0xFD, 0x42, 0xFE, 0x42, 0xFF, 0x72, 0x00, 0x03, 0x01, 0x03, 0x02, 0x80, 0x03, 0x0B, 0x04, 0x03,
    0x05, 0x03, 0x06, 0x03, 0x07, 0x03, 0x08, 0x03, 0x09, 0x03, 0xC1, 0x00, 0x3B, 0x0A, 0x23, 0x0B,
    0x33, 0x0C, 0x33, 0x0D, 0x33, 0x0E, 0x33, 0x0F, 0x33, 0x10, 0x23, 0x11, 0x63, 0x12, 0x43, 0x13,
    0x43, 0x14, 0x43, 0x15, 0x43, 0x16, 0x43, 0x17, 0x43, 0x18, 0x43, 0x19, 0x43, 0x1A, 0x43, 0x1B,
    0x43, 0x1C, 0x73, 0x1D, 0x03, 0x1E, 0x03, 0x1F, 0x03, 0x20, 0x03, 0x21, 0x03, 0x22, 0x03, 0x23,
    0x03, 0x24, 0x03, 0x25, 0x03, 0x26, 0x03, 0x27, 0x03, 0xC1, 0x00, 0x3B, 0x28, 0x23, 0x29, 0x33,
    0x2A, 0x33, 0x0C, 0x33, 0x2B, 0x33, 0x2C, 0x33, 0x2D, 0x43, 0x2E, 0x43, 0x2F, 0x43, 0x30, 0x43,
    0x31, 0x43, 0x32, 0x43, 0x33, 0x43, 0x34, 0x43, 0x35, 0x43, 0x36, 0x43, 0x37, 0x43, 0x38, 0x73,
    0x39, 0x03, 0x3A, 0x03, 0x3B, 0x03, 0x3C, 0x03, 0x3D, 0x03, 0x3E, 0x03, 0x3F, 0x03, 0x40, 0x03,
    0x41, 0x03, 0x42, 0x03, 0x43, 0x03, 0x44, 0x03, 0xC1, 0x00, 0x3B, 0x45, 0x23, 0x46, 0x33, 0x47,
    0x33, 0x48, 0x33, 0x49, 0x33, 0x4A, 0x43, 0x4B, 0x43, 0x4C, 0x43, 0x4D, 0x43, 0x4E, 0x43, 0x4F,
    0x43, 0x50, 0x43, 0x51, 0x43, 0x52, 0x43, 0x53, 0x43, 0x54, 0x43, 0x55, 0x03, 0x56, 0x03, 0x57,
    0x03, 0x58, 0x03, 0x59, 0x03, 0x5A, 0x03, 0x5B, 0x03, 0x5C, 0x03, 0x5D, 0x03, 0x5E, 0x03, 0x5F,
    0x03, 0x60, 0x03, 0x61, 0x03, 0x62, 0x13, 0xC1, 0x00, 0x3B, 0x63, 0x23, 0x64, 0x23, 0x65, 0x33,
    0x66, 0x63, 0x67, 0x43, 0x68, 0x43, 0x69, 0x43, 0x6A, 0x43, 0x6B, 0x43, 0x6C, 0x43, 0x6D, 0x43,
    0x6E, 0x43, 0x6F, 0x43, 0x70, 0x73, 0x71, 0x03, 0x72, 0x03, 0x73, 0x03, 0x74, 0x03, 0x75, 0x03,
    0x76, 0x03, 0x77, 0x03, 0x78, 0x03, 0x79, 0x03, 0x7A, 0x13, 0x7B, 0x13, 0x7C, 0x13, 0x7D, 0x13,
    0x7E, 0x13, 0x7F, 0x13, 0x80, 0x13, 0xC1, 0x00, 0x3B, 0x81, 0x23, 0x82, 0x33, 0x83, 0x43, 0x84,
    0x43, 0x85, 0x43, 0x86, 0x43, 0x87, 0x43, 0x88, 0x43, 0x89, 0x43, 0x8A, 0x73, 0x8B, 0x73, 0x8C,
    0x73, 0x8D, 0x03, 0x8E, 0x03, 0x8F, 0x03, 0x90, 0x03, 0x91, 0x03, 0x92, 0x03, 0x93, 0x13, 0x94,
    0x13, 0x95, 0x13, 0x96, 0x13, 0x97, 0x13, 0x98, 0x13, 0x99, 0x13, 0x9A, 0x13, 0x9B, 0x13, 0x9C,
    0x13, 0x9D, 0x13, 0x9E, 0x13, 0xC1, 0x00, 0x3B, 0x9F, 0x23, 0xA0, 0x43, 0xA1, 0x43, 0xA2, 0x43,
    0xA3, 0x43, 0xA4, 0x43, 0xA5, 0x73, 0xA6, 0x73, 0xA7, 0x73, 0xA8, 0x63, 0xA9, 0x13, 0xAA, 0x13,
    0xAB, 0x13, 0xAC, 0x13, 0xAD, 0x13, 0xAE, 0x13, 0xAF, 0x13, 0xB0, 0x13, 0xB1, 0x13, 0xB2, 0x13,
    0xB3, 0x13, 0xB4, 0x13, 0xB5, 0x13, 0xB6, 0x13, 0xB7, 0x13, 0xB8, 0x13, 0xB9, 0x13, 0xBA, 0x13,
    0xBB, 0x13, 0xBC, 0x13, 0xC1, 0x00, 0x3B, 0xBD, 0x23, 0xBE, 0x43, 0xBF, 0x43, 0xC0, 0x73, 0xC1,
    0x73, 0xC2, 0x73, 0xC3, 0x63, 0xC4, 0x63, 0xC5, 0x13, 0xC6, 0x13, 0xC7, 0x13, 0xC8, 0x13, 0xC9,
    0x13, 0xCA, 0x13, 0xCB, 0x13, 0xCC, 0x13, 0xCD, 0x13, 0xCE, 0x13, 0xCF, 0x13, 0xD0, 0x13, 0xD1,
    0x13, 0xD2, 0x13, 0xD3, 0x13, 0xD4, 0x13, 0xD5, 0x13, 0xD6, 0x13, 0xD7, 0x13, 0xD8, 0x13, 0xD9,
    0x13, 0xDA, 0x13, 0xC1, 0x00, 0x3B, 0xDB, 0x23, 0xDC, 0x43, 0xDD, 0x73, 0xDE, 0x73, 0xDF, 0x73,
    0xE0, 0x63, 0xE1, 0x23, 0xE2, 0x23, 0xE3, 0x23, 0xE4, 0x13, 0xE5, 0x13, 0xE6, 0x13, 0xE7, 0x13,
    0xE8, 0x13, 0xE9, 0x13, 0xEA, 0x13, 0xEB, 0x13, 0xEC, 0x13, 0xED, 0x13, 0xEE, 0x13, 0xEF, 0x13,
    0xF0, 0x13, 0xF1, 0x13, 0xF2, 0x13, 0xF3, 0x13, 0xF4, 0x13, 0xF5, 0x13, 0xF6, 0x13, 0xF7, 0x13,
    0xF8, 0x13, 0xFF, 0x00, 0xFF, 0x00, 0xFF, 0x00, 0xFF, 0x00, 0xFF, 0x00, 0xFF, 0x00, 0xFF, 0x00,
    0xFF, 0x00, 0xFF, 0x00, 0xFF, 0x00, 0xFF, 0x00, 0xFF, 0x00, 0xFF, 0x00, 0xFF, 0x00, 0xFF, 0x00,
    0xFF, 0x00, 0xFF, 0x00, 0xFF, 0x00, 0xFF, 0x00, 0xFF, 0x00, 0xFF, 0x00, 0xFF, 0x00, 0xFF, 0x00,
    0xFF, 0x00, 0xFF, 0x00, 0xFF, 0x00, 0xFF, 0x00, 0xFF, 0x00, 0xFF, 0x00, 0xE5, 0x00, 0x00, 0x00,
};

alignas(int) static const uint16_t rin_h2_v6_used[1017] = {
    0, 1, 2, 3, 4, 5, 6, 7, 8, 9, 10, 11, 12, 13, 14, 15,
    16, 17, 18, 19, 20, 21, 22, 23, 24, 25, 26, 27, 28, 29, 30, 31,
    32, 33, 34, 35, 36, 37, 38, 39, 40, 41, 42, 43, 44, 45, 46, 47,
    48, 49, 50, 51, 52, 53, 54, 55, 56, 57, 58, 59, 60, 61, 62, 63,
    64, 65, 66, 67, 68, 69, 70, 71, 72, 73, 74, 75, 76, 77, 78, 79,
    80, 81, 82, 83, 84, 85, 86, 87, 88, 89, 90, 91, 92, 93, 94, 95,
    96, 97, 98, 99, 100, 101, 102, 103, 104, 105, 106, 107, 108, 109, 110, 111,
    112, 113, 114, 115, 116, 117, 118, 119, 120, 121, 122, 123, 124, 125, 126, 127,
    128, 129, 130, 131, 132, 133, 134, 135, 136, 137, 138, 139, 140, 141, 142, 143,
    144, 145, 146, 147, 148, 149, 150, 151, 152, 153, 154, 155, 156, 157, 158, 159,
    160, 161, 162, 163, 164, 165, 166, 167, 168, 169, 170, 171, 172, 173, 174, 175,
    176, 177, 178, 179, 180, 181, 182, 183, 184, 185, 186, 187, 188, 189, 190, 191,
    192, 193, 194, 195, 196, 197, 198, 199, 200, 1038, 1039, 1040, 204, 205, 206, 207,
    208, 209, 210, 211, 212, 213, 214, 215, 216, 217, 218, 219, 220, 221, 222, 223,
    224, 225, 226, 227, 228, 229, 1041, 1042, 1043, 1044, 234, 1045, 236, 237, 238, 239,
    240, 241, 242, 243, 244, 245, 246, 247, 248, 249, 250, 251, 252, 253, 254, 255,
    256, 257, 258, 259, 1046, 261, 1047, 263, 1048, 1049, 266, 267, 268, 269, 270, 271,
    272, 273, 274, 275, 276, 277, 278, 279, 280, 281, 282, 283, 284, 285, 286, 287,
    288, 289, 290, 291, 292, 293, 1050, 1051, 1052, 297, 298, 299, 300, 301, 302, 303,
    304, 305, 306, 307, 308, 309, 310, 311, 312, 313, 314, 315, 316, 317, 318, 319,
    320, 1053, 1054, 323, 1055, 1056, 1057, 327, 328, 329, 330, 331, 332, 333, 334, 335,
    336, 337, 338, 339, 340, 341, 342, 343, 344, 345, 346, 347, 348, 349, 350, 351,
    352, 353, 1288, 1289, 356, 357, 358, 359, 360, 361, 362, 363, 364, 365, 366, 367,
    368, 369, 370, 371, 372, 373, 374, 375, 376, 377, 378, 379, 380, 381, 382, 383,
    384, 385, 386, 387, 388, 389, 390, 391, 392, 393, 394, 395, 396, 397, 398, 399,
    400, 401, 402, 403, 404, 405, 406, 407, 408, 409, 410, 411, 412, 413, 414, 415,
    416, 417, 418, 419, 420, 421, 422, 423, 424, 425, 426, 427, 1100, 1101, 430, 431,
    432, 433, 434, 435, 436, 437, 438, 439, 440, 441, 442, 443, 444, 445, 446, 447,
    448, 449, 450, 451, 452, 453, 454, 455, 1102, 1103, 1104, 1105, 1106, 1107, 462, 463,
    464, 465, 466, 467, 468, 469, 470, 471, 472, 473, 474, 475, 476, 477, 478, 479,
    480, 481, 482, 483, 1108, 1109, 1110, 1111, 1112, 1113, 1114, 1115, 1116, 493, 494, 495,
    496, 497, 498, 499, 500, 501, 502, 503, 504, 505, 506, 507, 508, 509, 510, 511,
    512, 1117, 1118, 1119, 1120, 1121, 1122, 1123, 1124, 1125, 1126, 1127, 524, 525, 526, 527,
    528, 529, 530, 531, 532, 533, 534, 535, 536, 537, 538, 539, 540, 541, 1128, 1129,
    1130, 1131, 1132, 1133, 1134, 1135, 1136, 1137, 1138, 553, 554, 555, 556, 557, 558, 559,
    560, 561, 562, 563, 564, 565, 566, 567, 1139, 1140, 570, 1141, 1142, 1143, 1144, 1145,
    1146, 1147, 1148, 1149, 1150, 581, 582, 583, 584, 585, 586, 587, 588, 589, 590, 591,
    592, 593, 594, 595, 596, 597, 1151, 1152, 1153, 1154, 1155, 1156, 1157, 1158, 1159, 1160,
    1161, 1162, 1163, 611, 612, 613, 614, 615, 616, 617, 618, 619, 620, 621, 622, 623,
    624, 625, 626, 627, 1164, 1165, 1166, 1167, 1168, 1169, 1170, 1171, 1172, 1173, 1174, 1175,
    1176, 1177, 642, 643, 644, 645, 646, 647, 648, 649, 650, 651, 652, 653, 654, 655,
    656, 657, 1178, 1179, 1180, 1181, 1182, 1183, 1184, 1185, 1186, 1187, 1188, 1189, 1190, 1191,
    1192, 672, 673, 674, 675, 1193, 677, 678, 679, 680, 681, 682, 683, 684, 685, 686,
    1194, 1195, 1196, 1197, 1198, 1199, 1200, 1201, 1202, 1203, 1204, 1205, 1206, 1207, 1208, 1209,
    1210, 1211, 1085, 1212, 707, 708, 709, 710, 711, 712, 713, 714, 715, 716, 1213, 1214,
    1215, 1216, 1217, 1218, 1219, 1220, 1221, 1222, 1223, 1224, 729, 730, 1225, 1226, 1227, 1228,
    1229, 1230, 737, 738, 739, 740, 741, 742, 743, 744, 745, 746, 1231, 1232, 1233, 1234,
    1235, 1236, 1237, 1238, 1239, 1240, 757, 758, 759, 760, 761, 762, 1241, 1242, 1243, 1244,
    767, 768, 769, 770, 771, 772, 773, 774, 775, 776, 1245, 1246, 1247, 1248, 1249, 1250,
    1251, 1252, 785, 786, 787, 788, 789, 790, 791, 792, 793, 794, 1253, 1254, 797, 798,
    799, 800, 801, 802, 803, 804, 805, 806, 1255, 1256, 1257, 1258, 1259, 1260, 814, 815,
    816, 817, 818, 819, 820, 821, 822, 823, 824, 825, 826, 827, 828, 829, 830, 831,
    832, 833, 834, 835, 836, 1261, 1262, 1263, 1264, 1265, 1266, 843, 844, 845, 846, 847,
    848, 849, 850, 851, 852, 853, 854, 855, 856, 857, 858, 859, 860, 861, 862, 863,
    864, 865, 866, 1267, 1268, 1269, 1270, 1271, 872, 873, 874, 875, 876, 877, 878, 879,
    880, 881, 882, 883, 884, 885, 886, 887, 888, 889, 890, 891, 892, 893, 894, 895,
    896, 1272, 1273, 1274, 900, 901, 902, 903, 904, 905, 906, 907, 908, 909, 910, 911,
    912, 913, 914, 915, 916, 917, 918, 919, 920, 921, 922, 923, 924, 925, 926, 1275,
    1276, 929, 930, 931, 932, 933, 934, 935, 936, 937, 938, 939, 940, 941, 942, 943,
    944, 945, 946, 947, 948, 949, 950, 951, 952, 953, 954, 955, 956, 1277, 1278, 959,
    960, 961, 962, 1279, 1280, 1281, 966, 967, 968, 969, 970, 971, 972, 973, 974, 975,
    976, 977, 978, 979, 980, 981, 982, 983, 984, 985, 986, 1282, 1283, 989, 990, 991,
    1284, 1285, 1286, 1287, 996, 997, 998, 999, 1000, 1001, 1002, 1003, 1004, 1005, 1006, 1007,
    1008, 1009, 1010, 1011, 1012, 1013, 1014, 1015, 1016,
};

alignas(int) static const unsigned char rin_h2_v6_map_rle[2208] = {
    0x30, 0x00, 0x20, 0x00, 0x9F, 0x00, 0x3B, 0x01, 0x10, 0x02, 0x10, 0x03, 0x10, 0x04, 0x10, 0x05,
    0x10, 0x06, 0x20, 0x07, 0x20, 0x08, 0x20, 0x09, 0x20, 0x0A, 0x20, 0x0B, 0x20, 0x0C, 0x20, 0x0D,
    0x20, 0x0E, 0x20, 0x0F, 0x20, 0x10, 0x20, 0x11, 0x20, 0x12, 0x20, 0x13, 0x30, 0x14, 0x30, 0x15,
    0x30, 0x16, 0x30, 0x17, 0x60, 0x18, 0x30, 0x19, 0x30, 0x1A, 0x30, 0x1B, 0x30, 0x1C, 0x30, 0x1D,
    0x30, 0x1E, 0x30, 0xC1, 0x00, 0x3B, 0x1F, 0x10, 0x20, 0x10, 0x21, 0x10, 0x22, 0x10, 0x23, 0x10,
    0x24, 0x20, 0x25, 0x20, 0x26, 0x20, 0x27, 0x20, 0x28, 0x20, 0x29, 0x20, 0x2A, 0x20, 0x2B, 0x20,
    0x2C, 0x20, 0x2D, 0x20, 0x2E, 0x20, 0x2F, 0x20, 0x30, 0x60, 0x31, 0x30, 0x32, 0x30, 0x33, 0x30,
    0x34, 0x30, 0x35, 0x60, 0x36, 0x50, 0x37, 0x50, 0x38, 0x50, 0x39, 0x50, 0x3A, 0x20, 0x3B, 0x30,
    0x3C, 0x30, 0xC1, 0x00, 0x3B, 0x3D, 0x10, 0x3E, 0x10, 0x3F, 0x10, 0x40, 0x10, 0x41, 0x10, 0x42,
    0x20, 0x43, 0x20, 0x44, 0x20, 0x45, 0x20, 0x46, 0x20, 0x47, 0x20, 0x48, 0x10, 0x49, 0x20, 0x4A,
    0x20, 0x4B, 0x20, 0x4C, 0x20, 0x4D, 0x20, 0x4E, 0x60, 0x4F, 0x30, 0x50, 0x30, 0x51, 0x30, 0x52,
    0x30, 0x53, 0x50, 0x54, 0x50, 0x55, 0x50, 0x56, 0x50, 0x57, 0x50, 0x58, 0x50, 0x59, 0x50, 0x5A,
    0x30, 0xC1, 0x00, 0x3B, 0x5B, 0x10, 0x5C, 0x10, 0x5D, 0x10, 0x5E, 0x10, 0x5F, 0x10, 0x60, 0x10,
    0x61, 0x10, 0x62, 0x10, 0x63, 0x10, 0x64, 0x10, 0x65, 0x10, 0x66, 0x10, 0x67, 0x20, 0x68, 0x20,
    0x69, 0x20, 0x6A, 0x20, 0x6B, 0x20, 0x6C, 0x60, 0x6D, 0x30, 0x6E, 0x30, 0x6F, 0x50, 0x70, 0x50,
    0x71, 0x50, 0x72, 0x50, 0x73, 0x50, 0x74, 0x50, 0x75, 0x50, 0x76, 0x50, 0x77, 0x50, 0x78, 0x60,
    0xC1, 0x00, 0x3B, 0x79, 0x10, 0x7A, 0x10, 0x7B, 0x10, 0x7C, 0x10, 0x7D, 0x10, 0x7E, 0x10, 0x7F,
    0x10, 0x80, 0x10, 0x81, 0x10, 0x82, 0x10, 0x83, 0x10, 0x84, 0x10, 0x85, 0x20, 0x86, 0x20, 0x87,
    0x20, 0x88, 0x20, 0x89, 0x20, 0x8A, 0x60, 0x8B, 0x30, 0x8C, 0x20, 0x8D, 0x50, 0x8E, 0x50, 0x8F,
    0x50, 0x90, 0x50, 0x91, 0x50, 0x92, 0x50, 0x93, 0x50, 0x94, 0x50, 0x95, 0x50, 0x96, 0x50, 0xC1,
    0x00, 0x3B, 0x97, 0x10, 0x98, 0x10, 0x99, 0x10, 0x9A, 0x10, 0x9B, 0x10, 0x9C, 0x10, 0x9D, 0x10,
    0x9E, 0x10, 0x9F, 0x10, 0xA0, 0x10, 0xA1, 0x10, 0xA2, 0x10, 0xA3, 0x20, 0xA4, 0x20, 0xA5, 0x20,
    0xA6, 0x20, 0xA7, 0x20, 0xA8, 0x10, 0xA9, 0x60, 0xAA, 0x50, 0xAB, 0x50, 0xAC, 0x50, 0xAD, 0x50,
    0xAE, 0x50, 0xAF, 0x50, 0xB0, 0x50, 0xB1, 0x50, 0xB2, 0x50, 0xB3, 0x50, 0xB4, 0x50, 0xC1, 0x00,
    0x3B, 0xB5, 0x10, 0xB6, 0x10, 0xB7, 0x10, 0xB8, 0x10, 0xB9, 0x10, 0xBA, 0x10, 0xBB, 0x10, 0xBC,
    0x10, 0xBD, 0x10, 0xBE, 0x10, 0xBF, 0x10, 0xC0, 0x10, 0xC1, 0x20, 0xC2, 0x20, 0xC3, 0x20, 0xC4,
    0x20, 0xC5, 0x20, 0xC6, 0x20, 0xC7, 0x60, 0xC8, 0x50, 0xC9, 0x50, 0xCA, 0x60, 0xCB, 0x60, 0xCC,
    0x50, 0xCD, 0x50, 0xCE, 0x50, 0xCF, 0x50, 0xD0, 0x50, 0xD1, 0x50, 0xD2, 0x20, 0xC1, 0x00, 0x3B,
    0xD3, 0x10, 0xD4, 0x10, 0xD5, 0x10, 0xD6, 0x10, 0xD7, 0x10, 0xD8, 0x10, 0xD9, 0x10, 0xDA, 0x10,
    0xDB, 0x10, 0xDC, 0x10, 0xDD, 0x10, 0xDE, 0x10, 0xDF, 0x10, 0xE0, 0x20, 0xE1, 0x20, 0xE2, 0x20,
    0xE3, 0x20, 0xE4, 0x20, 0xE5, 0x70, 0xE6, 0x60, 0xE7, 0x60, 0xE8, 0x70, 0xE9, 0x60, 0xEA, 0x70,
    0xEB, 0x50, 0xEC, 0x50, 0xED, 0x50, 0xEE, 0x50, 0xEF, 0x50, 0xF0, 0x30, 0xC1, 0x00, 0x3B, 0xF1,
    0x10, 0xF2, 0x10, 0xF3, 0x10, 0xF4, 0x10, 0xF5, 0x10, 0xF6, 0x10, 0xF7, 0x10, 0xF8, 0x10, 0xF9,
    0x10, 0xFA, 0x10, 0xFB, 0x10, 0xFC, 0x10, 0xFD, 0x10, 0xFE, 0x10, 0xFF, 0x10, 0x00, 0x21, 0x01,
    0x21, 0x02, 0x61, 0x03, 0x71, 0x04, 0x71, 0x05, 0x71, 0x06, 0x71, 0x07, 0x71, 0x08, 0x71, 0x09,
    0x61, 0x0A, 0x51, 0x0B, 0x51, 0x0C, 0x51, 0x0D, 0x51, 0x0E, 0x31, 0xC1, 0x00, 0x02, 0x0F, 0x11,
    0x10, 0x80, 0x11, 0x35, 0x12, 0x11, 0x13, 0x11, 0x14, 0x11, 0x15, 0x11, 0x16, 0x11, 0x17, 0x11,
    0x18, 0x11, 0x19, 0x11, 0x1A, 0x61, 0x1B, 0x61, 0x1C, 0x61, 0x1D, 0x21, 0x1E, 0x21, 0x1F, 0x21,
    0x20, 0x71, 0x21, 0x71, 0x22, 0x71, 0x23, 0x71, 0x24, 0x41, 0x25, 0x41, 0x26, 0x71, 0x27, 0x71,
    0x28, 0x51, 0x29, 0x51, 0x2A, 0x61, 0x2B, 0x51, 0x2C, 0x31, 0xC1, 0x00, 0x3B, 0x2D, 0x11, 0x2E,
    0x11, 0x2F, 0x11, 0x30, 0x11, 0x31, 0x11, 0x32, 0x11, 0x33, 0x01, 0x34, 0x01, 0x35, 0x01, 0x36,
    0x01, 0x37, 0x01, 0x38, 0x01, 0x39, 0x01, 0x3A, 0x61, 0x3B, 0x21, 0x3C, 0x21, 0x3D, 0x61, 0x3E,
    0x71, 0x3F, 0x71, 0x40, 0x71, 0x41, 0x71, 0x42, 0x71, 0x43, 0x41, 0x44, 0x41, 0x45, 0x61, 0x46,
    0x51, 0x47, 0x51, 0x48, 0x51, 0x49, 0x51, 0x4A, 0x31, 0xC1, 0x00, 0x3B, 0x4B, 0x11, 0x4C, 0x11,
    0x4D, 0x11, 0x4E, 0x11, 0x4F, 0x01, 0x50, 0x01, 0x51, 0x01, 0x52, 0x01, 0x53, 0x01, 0x54, 0x01,
    0x55, 0x01, 0x56, 0x01, 0x57, 0x01, 0x58, 0x61, 0x59, 0x21, 0x5A, 0x21, 0x5B, 0x61, 0x5C, 0x71,
    0x5D, 0x71, 0x5E, 0x71, 0x5F, 0x71, 0x60, 0x71, 0x61, 0x71, 0x62, 0x61, 0x63, 0x61, 0x64, 0x61,
    0x65, 0x61, 0x66, 0x31, 0x67, 0x31, 0x68, 0x31, 0xC1, 0x00, 0x3B, 0x69, 0x01, 0x6A, 0x01, 0x6B,
    0x11, 0x6C, 0x11, 0x6D, 0x01, 0x6E, 0x01, 0x6F, 0x01, 0x70, 0x01, 0x71, 0x01, 0x72, 0x01, 0x73,
    0x01, 0x74, 0x01, 0x75, 0x01, 0x76, 0x01, 0x77, 0x61, 0x78, 0x21, 0x79, 0x61, 0x7A, 0x71, 0x7B,
    0x41, 0x7C, 0x41, 0x7D, 0x41, 0x7E, 0x41, 0x7F, 0x41, 0x80, 0x41, 0x81, 0x11, 0x82, 0x11, 0x83,
    0x01, 0x84, 0x31, 0x85, 0x31, 0x86, 0x31, 0xC1, 0x00, 0x3B, 0x87, 0x71, 0x88, 0x71, 0x89, 0x61,
    0x8A, 0x11, 0x8B, 0x01, 0x8C, 0x01, 0x8D, 0x01, 0x8E, 0x01, 0x8F, 0x01, 0x90, 0x01, 0x91, 0x01,
    0x92, 0x01, 0x93, 0x01, 0x94, 0x01, 0x95, 0x71, 0x96, 0x71, 0x97, 0x61, 0x98, 0x41, 0x99, 0x41,
    0x9A, 0x41, 0x9B, 0x41, 0x9C, 0x41, 0x9D, 0x41, 0x9E, 0x41, 0x9F, 0x61, 0xA0, 0x61, 0xA1, 0x01,
    0xA2, 0x01, 0xA3, 0x31, 0xA4, 0x31, 0xC1, 0x00, 0x3B, 0xA5, 0x71, 0xA6, 0x71, 0xA7, 0x71, 0xA8,
    0x71, 0xA9, 0x71, 0xAA, 0x01, 0xAB, 0x01, 0xAC, 0x01, 0xAD, 0x01, 0xAE, 0x01, 0xAF, 0x01, 0xB0,
    0x01, 0xB1, 0x01, 0xB2, 0x01, 0xB3, 0x41, 0xB4, 0x41, 0xB5, 0x31, 0xB6, 0x31, 0xB7, 0x31, 0xB8,
    0x61, 0xB9, 0x61, 0xBA, 0x71, 0xBB, 0x41, 0xBC, 0x41, 0xBD, 0x61, 0xBE, 0x21, 0xBF, 0x61, 0xC0,
    0x11, 0xC1, 0x11, 0xC2, 0x31, 0xC1, 0x00, 0x3B, 0xC3, 0x71, 0xC4, 0x71, 0xC5, 0x71, 0xC6, 0x71,
    0xC7, 0x71, 0xC8, 0x71, 0xC9, 0x01, 0xCA, 0x01, 0xCB, 0x01, 0xCC, 0x01, 0xCD, 0x01, 0xCE, 0x01,
    0xCF, 0x01, 0xD0, 0x01, 0xD1, 0x41, 0xD2, 0x41, 0xD3, 0x31, 0xD4, 0x31, 0xD5, 0x31, 0xD6, 0x31,
    0xD7, 0x71, 0xD8, 0x71, 0xD9, 0x41, 0xDA, 0x41, 0xDB, 0x61, 0xDC, 0x21, 0xDD, 0x21, 0xDE, 0x61,
    0xDF, 0x11, 0xE0, 0x11, 0xC1, 0x00, 0x3B, 0xE1, 0x71, 0xE2, 0x71, 0xE3, 0x71, 0xC5, 0x71, 0xE4,
    0x71, 0xE5, 0x01, 0xE6, 0x01, 0xE7, 0x01, 0xE8, 0x01, 0xE9, 0x01, 0xEA, 0x01, 0xEB, 0x01, 0xEC,
    0x01, 0xED, 0x71, 0xEE, 0x41, 0xEF, 0x71, 0xF0, 0x41, 0xF1, 0x31, 0xF2, 0x31, 0xF3, 0x31, 0xF4,
    0x61, 0xF5, 0x41, 0xF6, 0x41, 0xF7, 0x41, 0xF8, 0x61, 0xF9, 0x21, 0xFA, 0x21, 0xFB, 0x21, 0xFC,
    0x61, 0xFD, 0x11, 0xC1, 0x00, 0x3B, 0xFE, 0x71, 0xFF, 0x71, 0x00, 0x72, 0x01, 0x72, 0x02, 0x02,
    0x03, 0x02, 0x04, 0x02, 0x05, 0x02, 0x06, 0x02, 0x07, 0x02, 0x08, 0x02, 0x09, 0x02, 0x0A, 0x72,
    0x0B, 0x72, 0x0C, 0x42, 0x0D, 0x72, 0x0E, 0x42, 0x0F, 0x72, 0x10, 0x72, 0x11, 0x72, 0x12, 0x72,
    0x13, 0x42, 0x14, 0x42, 0x15, 0x72, 0x16, 0x12, 0x17, 0x22, 0xF9, 0x21, 0x18, 0x22, 0x19, 0x22,
    0x1A, 0x62, 0xC1, 0x00, 0x3B, 0x1B, 0x72, 0x1C, 0x72, 0x1D, 0x02, 0x1E, 0x12, 0x1F, 0x12, 0x20,
    0x12, 0x21, 0x12, 0x22, 0x02, 0x23, 0x02, 0x24, 0x02, 0x25, 0x02, 0x26, 0x02, 0x27, 0x02, 0x28,
    0x42, 0x29, 0x42, 0x2A, 0x42, 0x2B, 0x42, 0x2C, 0x72, 0x2D, 0x72, 0x2E, 0x72, 0x2F, 0x02, 0x30,
    0x72, 0x31, 0x72, 0x32, 0x72, 0x33, 0x12, 0x34, 0x22, 0xF9, 0x21, 0x35, 0x22, 0x36, 0x22, 0x37,
    0x22, 0xC1, 0x00, 0x3B, 0x38, 0x72, 0x39, 0x72, 0x3A, 0x02, 0x3B, 0x12, 0x3C, 0x12, 0x3D, 0x12,
    0x3E, 0x12, 0x3F, 0x02, 0x40, 0x02, 0x41, 0x02, 0x42, 0x02, 0x43, 0x02, 0x44, 0x02, 0x45, 0x42,
    0x46, 0x42, 0x47, 0x42, 0x48, 0x42, 0x49, 0x42, 0x4A, 0x72, 0x4B, 0x02, 0x4C, 0x02, 0x4D, 0x72,
    0x4E, 0x72, 0x4F, 0x72, 0x50, 0x02, 0x51, 0x62, 0x52, 0x22, 0x53, 0x22, 0x54, 0x22, 0x55, 0x22,
    0xC1, 0x00, 0x3B, 0x56, 0x62, 0x57, 0x32, 0x58, 0x32, 0x59, 0x62, 0x5A, 0x12, 0x5B, 0x12, 0x5C,
    0x12, 0x5D, 0x12, 0x5E, 0x12, 0x5F, 0x12, 0x60, 0x12, 0x61, 0x12, 0x62, 0x02, 0x63, 0x42, 0x64,
    0x42, 0x65, 0x42, 0x66, 0x42, 0x67, 0x72, 0x68, 0x72, 0x69, 0x02, 0x6A, 0x02, 0x6B, 0x02, 0x6C,
    0x02, 0x6D, 0x02, 0x6E, 0x02, 0x6F, 0x02, 0x70, 0x62, 0x71, 0x22, 0x72, 0x22, 0x73, 0x22, 0xC1,
    0x00, 0x3B, 0x74, 0x32, 0x75, 0x32, 0x76, 0x32, 0x77, 0x32, 0x78, 0x12, 0x79, 0x12, 0x7A, 0x12,
    0x7B, 0x12, 0x7C, 0x62, 0x7D, 0x12, 0x7E, 0x02, 0x7F, 0x02, 0x80, 0x72, 0x81, 0x42, 0x82, 0x42,
    0x83, 0x42, 0x84, 0x42, 0x85, 0x72, 0x86, 0x72, 0x87, 0x02, 0x88, 0x02, 0x89, 0x02, 0x8A, 0x02,
    0x8B, 0x02, 0x8C, 0x02, 0x8D, 0x02, 0x8E, 0x02, 0x8F, 0x12, 0x90, 0x22, 0x91, 0x22, 0xC1, 0x00,
    0x3B, 0x92, 0x32, 0x93, 0x32, 0x94, 0x32, 0x95, 0x32, 0x96, 0x62, 0x97, 0x12, 0x98, 0x12, 0x99,
    0x02, 0x9A, 0x02, 0x9B, 0x12, 0x9C, 0x02, 0x9D, 0x02, 0x9E, 0x72, 0x9F, 0x42, 0xA0, 0x42, 0xA1,
    0x42, 0xA2, 0x42, 0xA3, 0x72, 0xA4, 0x72, 0xA5, 0x72, 0xA6, 0x02, 0xA7, 0x02, 0xA8, 0x02, 0xA9,
    0x02, 0xAA, 0x02, 0xAB, 0x02, 0xAC, 0x02, 0xAD, 0x02, 0xAE, 0x12, 0xAF, 0x22, 0xC1, 0x00, 0x3B,
    0xB0, 0x32, 0xB1, 0x32, 0xB2, 0x32, 0xB3, 0x32, 0xB4, 0x12, 0xB5, 0x12, 0xB6, 0x12, 0xB7, 0x02,
    0xB8, 0x72, 0xB9, 0x02, 0xBA, 0x42, 0xBB, 0x02, 0xBC, 0x72, 0xBD, 0x72, 0xBE, 0x42, 0xBF, 0x42,
    0xC0, 0x42, 0xC1, 0x42, 0xC2, 0x72, 0xC3, 0x72, 0xC4, 0x02, 0xC5, 0x02, 0xC6, 0x02, 0xC7, 0x02,
    0xC8, 0x02, 0xC9, 0x02, 0xCA, 0x02, 0xCB, 0x02, 0xCC, 0x02, 0xCD, 0x22, 0xC1, 0x00, 0x3B, 0xCE,
    0x32, 0xCF, 0x32, 0xD0, 0x32, 0xD1, 0x32, 0xD2, 0x32, 0xD3, 0x32, 0xD4, 0x62, 0xD5, 0x72, 0xD6,
    0x72, 0xD7, 0x72, 0xD8, 0x42, 0xD9, 0x72, 0xDA, 0x42, 0xDB, 0x42, 0xDC, 0x42, 0xDD, 0x42, 0xDE,
    0x42, 0xDF, 0x42, 0xE0, 0x72, 0xE1, 0x72, 0xE2, 0x02, 0xE3, 0x02, 0xE4, 0x02, 0xE5, 0x02, 0xE6,
    0x02, 0xE7, 0x02, 0xE8, 0x02, 0xE9, 0x02, 0xEA, 0x02, 0xEB, 0x02, 0xC1, 0x00, 0x2C, 0xEC, 0x32,
    0xED, 0x32, 0xEE, 0x32, 0xEF, 0x32, 0xF0, 0x32, 0xF1, 0x32, 0xF2, 0x32, 0xF3, 0x62, 0xF4, 0x62,
    0xF5, 0x42, 0xF6, 0x42, 0xF7, 0x42, 0xF8, 0x42, 0xF9, 0x42, 0xFA, 0x42, 0xFB, 0x42, 0xFC, 0x42,
    0xFD, 0x42, 0xFE, 0x42, 0xFF, 0x72, 0x00, 0x03, 0x01, 0x03, 0x02, 0x80, 0x03, 0x0B, 0x04, 0x03,
    0x05, 0x03, 0x06, 0x03, 0x07, 0x03, 0x08, 0x03, 0x09, 0x03, 0xC1, 0x00, 0x3B, 0x0A, 0x23, 0x0B,
    0x33, 0x0C, 0x33, 0x0D, 0x33, 0x0E, 0x33, 0x0F, 0x33, 0x10, 0x23, 0x11, 0x63, 0x12, 0x43, 0x13,
    0x43, 0x14, 0x43, 0x15, 0x43, 0x16, 0x43, 0x17, 0x43, 0x18, 0x43, 0x19, 0x43, 0x1A, 0x43, 0x1B,
    0x43, 0x1C, 0x73, 0x1D, 0x03, 0x1E, 0x03, 0x1F, 0x03, 0x20, 0x03, 0x21, 0x03, 0x22, 0x03, 0x23,
    0x03, 0x24, 0x03, 0x25, 0x03, 0x26, 0x03, 0x27, 0x03, 0xC1, 0x00, 0x3B, 0x28, 0x23, 0x29, 0x33,
    0x2A, 0x33, 0x0C, 0x33, 0x2B, 0x33, 0x2C, 0x33, 0x2D, 0x43, 0x2E, 0x43, 0x2F, 0x43, 0x30, 0x43,
    0x31, 0x43, 0x32, 0x43, 0x33, 0x43, 0x34, 0x43, 0x35, 0x43, 0x36, 0x43, 0x37, 0x43, 0x38, 0x73,
    0x39, 0x03, 0x3A, 0x03, 0x3B, 0x03, 0x3C, 0x03, 0x3D, 0x03, 0x3E, 0x03, 0x3F, 0x03, 0x40, 0x03,
    0x41, 0x03, 0x42, 0x03, 0x43, 0x03, 0x44, 0x03, 0xC1, 0x00, 0x3B, 0x45, 0x23, 0x46, 0x33, 0x47,
    0x33, 0x48, 0x33, 0x49, 0x33, 0x4A, 0x43, 0x4B, 0x43, 0x4C, 0x43, 0x4D, 0x43, 0x4E, 0x43, 0x4F,
    0x43, 0x50, 0x43, 0x51, 0x43, 0x52, 0x43, 0x53, 0x43, 0x54, 0x43, 0x55, 0x03, 0x56, 0x03, 0x57,
    0x03, 0x58, 0x03, 0x59, 0x03, 0x5A, 0x03, 0x5B, 0x03, 0x5C, 0x03, 0x5D, 0x03, 0x5E, 0x03, 0x5F,
    0x03, 0x60, 0x03, 0x61, 0x03, 0x62, 0x13, 0xC1, 0x00, 0x3B, 0x63, 0x23, 0x64, 0x23, 0x65, 0x33,
    0x66, 0x63, 0x67, 0x43, 0x68, 0x43, 0x69, 0x43, 0x6A, 0x43, 0x6B, 0x43, 0x6C, 0x43, 0x6D, 0x43,
    0x6E, 0x43, 0x6F, 0x43, 0x70, 0x73, 0x71, 0x03, 0x72, 0x03, 0x73, 0x03, 0x74, 0x03, 0x75, 0x03,
    0x76, 0x03, 0x77, 0x03, 0x78, 0x03, 0x79, 0x03, 0x7A, 0x13, 0x7B, 0x13, 0x7C, 0x13, 0x7D, 0x13,
    0x7E, 0x13, 0x7F, 0x13, 0x80, 0x13, 0xC1, 0x00, 0x3B, 0x81, 0x23, 0x82, 0x33, 0x83, 0x43, 0x84,
    0x43, 0x85, 0x43, 0x86, 0x43, 0x87, 0x43, 0x88, 0x43, 0x89, 0x43, 0x8A, 0x73, 0x8B, 0x73, 0x8C,
    0x73, 0x8D, 0x03, 0x8E, 0x03, 0x8F, 0x03, 0x90, 0x03, 0x91, 0x03, 0x92, 0x03, 0x93, 0x13, 0x94,
    0x13, 0x95, 0x13, 0x96, 0x13, 0x97, 0x13, 0x98, 0x13, 0x99, 0x13, 0x9A, 0x13, 0x9B, 0x13, 0x9C,
    0x13, 0x9D, 0x13, 0x9E, 0x13, 0xC1, 0x00, 0x3B, 0x9F, 0x23, 0xA0, 0x43, 0xA1, 0x43, 0xA2, 0x43,
    0xA3, 0x43, 0xA4, 0x43, 0xA5, 0x73, 0xA6, 0x73, 0xA7, 0x73, 0xA8, 0x63, 0xA9, 0x13, 0xAA, 0x13,
    0xAB, 0x13, 0xAC, 0x13, 0xAD, 0x13, 0xAE, 0x13, 0xAF, 0x13, 0xB0, 0x13, 0xB1, 0x13, 0xB2, 0x13,
    0xB3, 0x13, 0xB4, 0x13, 0xB5, 0x13, 0xB6, 0x13, 0xB7, 0x13, 0xB8, 0x13, 0xB9, 0x13, 0xBA, 0x13,
    0xBB, 0x13, 0xBC, 0x13, 0xC1, 0x00, 0x3B, 0xBD, 0x23, 0xBE, 0x43, 0xBF, 0x43, 0xC0, 0x73, 0xC1,
    0x73, 0xC2, 0x73, 0xC3, 0x63, 0xC4, 0x63, 0xC5, 0x13, 0xC6, 0x13, 0xC7, 0x13, 0xC8, 0x13, 0xC9,
    0x13, 0xCA, 0x13, 0xCB, 0x13, 0xCC, 0x13, 0xCD, 0x13, 0xCE, 0x13, 0xCF, 0x13, 0xD0, 0x13, 0xD1,
    0x13, 0xD2, 0x13, 0xD3, 0x13, 0xD4, 0x13, 0xD5, 0x13, 0xD6, 0x13, 0xD7, 0x13, 0xD8, 0x13, 0xD9,
    0x13, 0xDA, 0x13, 0xC1, 0x00, 0x3B, 0xDB, 0x23, 0xDC, 0x43, 0xDD, 0x73, 0xDE, 0x73, 0xDF, 0x73,
    0xE0, 0x63, 0xE1, 0x23, 0xE2, 0x23, 0xE3, 0x23, 0xE4, 0x13, 0xE5, 0x13, 0xE6, 0x13, 0xE7, 0x13,
    0xE8, 0x13, 0xE9, 0x13, 0xEA, 0x13, 0xEB, 0x13, 0xEC, 0x13, 0xED, 0x13, 0xEE, 0x13, 0xEF, 0x13,
    0xF0, 0x13, 0xF1, 0x13, 0xF2, 0x13, 0xF3, 0x13, 0xF4, 0x13, 0xF5, 0x13, 0xF6, 0x13, 0xF7, 0x13,
    0xF8, 0x13, 0xFF, 0x00, 0xFF, 0x00, 0xFF, 0x00, 0xFF, 0x00, 0xFF, 0x00, 0xFF, 0x00, 0xFF, 0x00,
    0xFF, 0x00, 0xFF, 0x00, 0xFF, 0x00, 0xFF, 0x00, 0xFF, 0x00, 0xFF, 0x00, 0xFF, 0x00, 0xFF, 0x00,
    0xFF, 0x00, 0xFF, 0x00, 0xFF, 0x00, 0xFF, 0x00, 0xFF, 0x00, 0xFF, 0x00, 0xFF, 0x00, 0xFF, 0x00,
    0xFF, 0x00, 0xFF, 0x00, 0xFF, 0x00, 0xFF, 0x00, 0xFF, 0x00, 0xFF, 0x00, 0xE5, 0x00, 0x00, 0x00,
};

static const composite_variant rin_h2_variants[7] = {
    { rin_h2_v0_used, 1017, rin_h2_v0_map_rle },
    { rin_h2_v1_used, 1017, rin_h2_v1_map_rle },
    { rin_h2_v2_used, 1017, rin_h2_v2_map_rle },
    { rin_h2_v3_used, 1017, rin_h2_v3_map_rle },
    { rin_h2_v4_used, 1017, rin_h2_v4_map_rle },
    { rin_h2_v5_used, 1017, rin_h2_v5_map_rle },
    { rin_h2_v6_used, 1017, rin_h2_v6_map_rle },
};

extern const composite_bg_asset rin_h2_asset = {
    /* tileset        */ &rin_h2_tileset,
    /* palette        */ &bn::bg_palette_items::rin_h2_palette,
    /* variants       */ rin_h2_variants,
    /* variant_count  */ 7,
    /* max_vram_tiles */ 1017,
    /* map_w_px       */ 512,
    /* map_h_px       */ 512,
    /* huge           */ true,
};

}  // namespace ks::composites
