#include "composite_bg_asset.h"
#include "bn_bg_palette_item.h"
#include "bn_regular_bg_tiles_item.h"
#include "bn_regular_bg_tiles_items_shizune_hcg_tied_tiles_0.h"
#include "bn_regular_bg_tiles_items_shizune_hcg_tied_tiles_1.h"
#include "bn_bg_palette_items_shizune_hcg_tied_palette.h"

namespace ks::composites {

static const bn::regular_bg_tiles_item* const shizune_hcg_tied_slabs[2] = {
    &bn::regular_bg_tiles_items::shizune_hcg_tied_tiles_0,
    &bn::regular_bg_tiles_items::shizune_hcg_tied_tiles_1,
};

static const composite_tileset shizune_hcg_tied_tileset = {
    /* slabs      */ shizune_hcg_tied_slabs,
    /* slab_count */ 2,
};

alignas(int) static const uint16_t shizune_hcg_tied_v0_used[601] = {
    0, 1, 2, 3, 4, 5, 6, 7, 8, 9, 10, 11, 12, 13, 14, 15,
    16, 17, 18, 19, 20, 21, 22, 23, 24, 25, 26, 27, 28, 29, 30, 31,
    32, 33, 34, 35, 36, 37, 38, 39, 40, 41, 42, 43, 44, 45, 46, 47,
    48, 49, 50, 51, 52, 53, 54, 55, 56, 57, 58, 59, 60, 61, 62, 63,
    64, 65, 66, 67, 68, 69, 70, 71, 72, 73, 74, 75, 76, 77, 78, 79,
    80, 81, 82, 83, 84, 85, 86, 87, 88, 89, 90, 91, 92, 93, 94, 95,
    96, 97, 98, 99, 100, 101, 102, 103, 104, 105, 106, 107, 108, 109, 110, 111,
    112, 113, 114, 115, 116, 117, 118, 119, 120, 121, 122, 123, 124, 125, 126, 127,
    128, 129, 130, 131, 132, 133, 134, 135, 136, 137, 138, 139, 140, 141, 142, 143,
    144, 145, 146, 147, 148, 149, 150, 151, 152, 153, 154, 155, 156, 157, 158, 159,
    160, 161, 162, 163, 164, 165, 166, 167, 168, 169, 170, 171, 172, 173, 174, 175,
    176, 177, 178, 179, 180, 181, 182, 183, 184, 185, 186, 187, 188, 189, 190, 191,
    192, 193, 194, 195, 196, 197, 198, 199, 200, 201, 202, 203, 204, 205, 206, 207,
    208, 209, 210, 211, 212, 213, 214, 215, 216, 217, 218, 219, 220, 221, 222, 223,
    224, 225, 226, 227, 228, 229, 230, 231, 232, 233, 234, 235, 236, 237, 238, 239,
    240, 241, 242, 243, 244, 245, 246, 247, 248, 249, 250, 251, 252, 253, 254, 255,
    256, 257, 258, 259, 260, 261, 262, 263, 264, 265, 266, 267, 268, 269, 270, 271,
    272, 273, 274, 275, 276, 277, 278, 279, 280, 281, 282, 283, 284, 285, 286, 287,
    288, 289, 290, 291, 292, 293, 294, 295, 296, 297, 298, 299, 300, 301, 302, 303,
    304, 305, 306, 307, 308, 309, 310, 311, 312, 313, 314, 315, 316, 317, 318, 319,
    320, 321, 322, 323, 324, 325, 326, 327, 328, 329, 330, 331, 332, 333, 334, 335,
    336, 337, 338, 339, 340, 341, 342, 343, 344, 345, 346, 347, 348, 349, 350, 351,
    352, 353, 354, 355, 356, 357, 358, 359, 360, 361, 362, 363, 364, 365, 366, 367,
    368, 369, 370, 371, 372, 373, 374, 375, 376, 377, 378, 379, 380, 381, 382, 383,
    384, 385, 386, 387, 388, 389, 390, 391, 392, 393, 394, 395, 396, 397, 398, 399,
    400, 401, 402, 403, 404, 405, 406, 407, 408, 409, 410, 411, 412, 413, 414, 415,
    416, 417, 418, 419, 420, 421, 422, 423, 424, 425, 426, 427, 428, 429, 430, 431,
    432, 433, 434, 435, 436, 437, 438, 439, 440, 441, 442, 443, 444, 445, 446, 447,
    448, 449, 450, 451, 452, 453, 454, 455, 456, 457, 458, 459, 460, 461, 462, 463,
    464, 465, 466, 467, 468, 469, 470, 471, 472, 473, 474, 475, 476, 477, 478, 479,
    480, 481, 482, 483, 484, 485, 486, 487, 488, 489, 490, 491, 492, 493, 494, 495,
    496, 497, 498, 499, 500, 501, 502, 503, 504, 505, 506, 507, 508, 509, 510, 511,
    512, 513, 514, 515, 516, 517, 518, 519, 520, 521, 522, 523, 524, 525, 526, 527,
    528, 529, 530, 531, 532, 533, 534, 535, 536, 537, 538, 539, 540, 541, 542, 543,
    544, 545, 546, 547, 548, 549, 550, 551, 552, 553, 554, 555, 556, 557, 558, 559,
    560, 561, 562, 563, 564, 565, 566, 567, 568, 569, 570, 571, 572, 573, 574, 575,
    576, 577, 578, 579, 580, 581, 582, 583, 584, 585, 586, 587, 588, 589, 590, 591,
    592, 593, 594, 595, 596, 597, 598, 599, 600,
};

alignas(int) static const unsigned char shizune_hcg_tied_v0_map_rle[1276] = {
    0x30, 0x00, 0x08, 0x00, 0xFF, 0x00, 0xFF, 0x00, 0xFB, 0x00, 0x3B, 0x01, 0x10, 0x02, 0x10, 0x03,
    0x10, 0x04, 0x10, 0x05, 0x10, 0x06, 0x50, 0x07, 0x40, 0x08, 0x40, 0x09, 0x40, 0x0A, 0x40, 0x0B,
    0x40, 0x0C, 0x40, 0x0D, 0x40, 0x0E, 0x40, 0x0F, 0x40, 0x10, 0x40, 0x11, 0x60, 0x12, 0x60, 0x13,
    0x60, 0x14, 0x40, 0x15, 0x40, 0x16, 0x40, 0x17, 0x40, 0x18, 0x40, 0x19, 0x40, 0x1A, 0x40, 0x1B,
    0x40, 0x1C, 0x40, 0x1D, 0x70, 0x1E, 0x70, 0x81, 0x00, 0x3B, 0x1F, 0x10, 0x20, 0x10, 0x21, 0x10,
    0x22, 0x10, 0x23, 0x10, 0x24, 0x50, 0x25, 0x10, 0x26, 0x10, 0x27, 0x10, 0x28, 0x50, 0x29, 0x40,
    0x2A, 0x40, 0x2B, 0x40, 0x2C, 0x40, 0x2D, 0x40, 0x2E, 0x60, 0x2F, 0x60, 0x30, 0x00, 0x31, 0x00,
    0x32, 0x00, 0x33, 0x20, 0x34, 0x40, 0x35, 0x40, 0x36, 0x40, 0x37, 0x40, 0x38, 0x40, 0x39, 0x40,
    0x3A, 0x70, 0x3B, 0x70, 0x3C, 0x70, 0x81, 0x00, 0x3B, 0x3D, 0x10, 0x3E, 0x50, 0x3F, 0x50, 0x40,
    0x10, 0x41, 0x10, 0x42, 0x10, 0x43, 0x10, 0x44, 0x10, 0x45, 0x50, 0x46, 0x50, 0x47, 0x40, 0x48,
    0x40, 0x49, 0x40, 0x4A, 0x40, 0x4B, 0x40, 0x4C, 0x60, 0x4D, 0x60, 0x4E, 0x60, 0x4F, 0x00, 0x50,
    0x00, 0x51, 0x60, 0x52, 0x40, 0x53, 0x40, 0x54, 0x40, 0x55, 0x40, 0x56, 0x40, 0x57, 0x70, 0x58,
    0x70, 0x59, 0x70, 0x5A, 0x70, 0x81, 0x00, 0x3B, 0x5B, 0x10, 0x5C, 0x50, 0x5D, 0x50, 0x5E, 0x50,
    0x5F, 0x50, 0x60, 0x10, 0x61, 0x10, 0x62, 0x10, 0x63, 0x10, 0x64, 0x50, 0x65, 0x40, 0x66, 0x40,
    0x67, 0x40, 0x68, 0x40, 0x69, 0x60, 0x6A, 0x20, 0x6B, 0x20, 0x6C, 0x20, 0x6D, 0x20, 0x6E, 0x60,
    0x6F, 0x40, 0x70, 0x30, 0x71, 0x30, 0x72, 0x30, 0x73, 0x30, 0x74, 0x40, 0x75, 0x70, 0x76, 0x70,
    0x77, 0x70, 0x78, 0x70, 0x81, 0x00, 0x3B, 0x79, 0x10, 0x7A, 0x50, 0x7B, 0x50, 0x7C, 0x50, 0x7D,
    0x50, 0x7E, 0x50, 0x7F, 0x50, 0x80, 0x50, 0x81, 0x50, 0x82, 0x50, 0x83, 0x40, 0x84, 0x40, 0x85,
    0x40, 0x86, 0x40, 0x87, 0x60, 0x88, 0x60, 0x89, 0x50, 0x8A, 0x20, 0x8B, 0x20, 0x8C, 0x20, 0x8D,
    0x40, 0x8E, 0x40, 0x8F, 0x30, 0x90, 0x30, 0x91, 0x30, 0x92, 0x30, 0x93, 0x30, 0x94, 0x70, 0x95,
    0x70, 0x96, 0x70, 0x81, 0x00, 0x3B, 0x97, 0x10, 0x98, 0x10, 0x99, 0x10, 0x9A, 0x10, 0x9B, 0x10,
    0x9C, 0x50, 0x9D, 0x40, 0x9E, 0x40, 0x9F, 0x50, 0xA0, 0x50, 0xA1, 0x40, 0xA2, 0x40, 0xA3, 0x10,
    0xA4, 0x50, 0xA5, 0x50, 0xA6, 0x20, 0xA7, 0x50, 0xA8, 0x50, 0xA9, 0x50, 0xAA, 0x20, 0xAB, 0x50,
    0xAC, 0x20, 0xAD, 0x20, 0xAE, 0x30, 0xAF, 0x30, 0xB0, 0x30, 0xB1, 0x40, 0xB2, 0x40, 0xB3, 0x40,
    0xB4, 0x30, 0x81, 0x00, 0x3B, 0xB5, 0x10, 0xB6, 0x10, 0xB7, 0x10, 0xB8, 0x10, 0xB9, 0x50, 0xBA,
    0x10, 0xBB, 0x10, 0xBC, 0x10, 0xBD, 0x50, 0xBE, 0x50, 0xBF, 0x40, 0xC0, 0x40, 0xC1, 0x10, 0xC2,
    0x50, 0xC3, 0x50, 0xC4, 0x50, 0xC5, 0x70, 0xC6, 0x20, 0xC7, 0x20, 0xC8, 0x20, 0xC9, 0x50, 0xCA,
    0x50, 0xCB, 0x70, 0xCC, 0x30, 0xCD, 0x30, 0xCE, 0x30, 0xCF, 0x30, 0xD0, 0x40, 0xD1, 0x40, 0xD2,
    0x40, 0x81, 0x00, 0x3B, 0xD3, 0x10, 0xD4, 0x10, 0xD5, 0x10, 0xD6, 0x10, 0xD7, 0x10, 0xD8, 0x40,
    0xD9, 0x40, 0xDA, 0x40, 0xDB, 0x50, 0xDC, 0x50, 0xDD, 0x40, 0xDE, 0x40, 0xDF, 0x50, 0xE0, 0x50,
    0xE1, 0x20, 0xE2, 0x50, 0xE3, 0x70, 0xE4, 0x20, 0xE5, 0x40, 0xE6, 0x20, 0xE7, 0x50, 0xE8, 0x50,
    0xE9, 0x70, 0xEA, 0x30, 0xEB, 0x30, 0xEC, 0x30, 0xED, 0x30, 0xEE, 0x30, 0xEF, 0x30, 0xF0, 0x30,
    0x81, 0x00, 0x3B, 0xF1, 0x10, 0xF2, 0x10, 0xF3, 0x10, 0xF4, 0x10, 0xF5, 0x10, 0xF6, 0x10, 0xF7,
    0x20, 0xF8, 0x40, 0xF9, 0x50, 0xFA, 0x40, 0xFB, 0x40, 0xFC, 0x40, 0xFD, 0x50, 0xFE, 0x20, 0xFF,
    0x20, 0x00, 0x21, 0x01, 0x51, 0x02, 0x21, 0x03, 0x51, 0x04, 0x21, 0x05, 0x51, 0x06, 0x51, 0x07,
    0x71, 0x08, 0x31, 0x09, 0x31, 0x0A, 0x31, 0x0B, 0x31, 0x0C, 0x31, 0x0D, 0x31, 0x0E, 0x31, 0x81,
    0x00, 0x02, 0x0F, 0x11, 0x10, 0x80, 0x11, 0x1C, 0x12, 0x11, 0x13, 0x11, 0x14, 0x11, 0x15, 0x11,
    0x16, 0x11, 0x17, 0x11, 0x18, 0x41, 0x19, 0x41, 0x1A, 0x41, 0x1B, 0x51, 0x1C, 0x51, 0x1D, 0x11,
    0x1E, 0x11, 0x1F, 0x21, 0x20, 0x80, 0x21, 0x15, 0x22, 0x11, 0x23, 0x61, 0x24, 0x61, 0x25, 0x61,
    0x26, 0x41, 0x27, 0x41, 0x28, 0x31, 0x29, 0x31, 0x2A, 0x31, 0x2B, 0x31, 0x2C, 0x31, 0x81, 0x00,
    0x3B, 0x2D, 0x11, 0x2E, 0x11, 0x2F, 0x11, 0x30, 0x11, 0x31, 0x11, 0x32, 0x11, 0x33, 0x11, 0x34,
    0x11, 0x35, 0x11, 0x36, 0x11, 0x37, 0x41, 0x38, 0x41, 0x39, 0x51, 0x3A, 0x51, 0x3B, 0x41, 0x3C,
    0x41, 0x3D, 0x41, 0x3E, 0x11, 0x3F, 0x11, 0x40, 0x11, 0x41, 0x61, 0x42, 0x01, 0x43, 0x01, 0x44,
    0x01, 0x45, 0x61, 0x46, 0x31, 0x47, 0x41, 0x48, 0x31, 0x49, 0x31, 0x4A, 0x31, 0x81, 0x00, 0x3B,
    0x4B, 0x11, 0x4C, 0x11, 0x4D, 0x11, 0x4E, 0x11, 0x4F, 0x11, 0x50, 0x11, 0x51, 0x11, 0x52, 0x11,
    0x53, 0x11, 0x54, 0x11, 0x55, 0x11, 0x56, 0x21, 0x57, 0x21, 0x58, 0x51, 0x59, 0x41, 0x5A, 0x41,
    0x5B, 0x41, 0x5C, 0x41, 0x5D, 0x11, 0x5E, 0x11, 0x5F, 0x61, 0x60, 0x01, 0x61, 0x01, 0x62, 0x01,
    0x63, 0x01, 0x64, 0x31, 0x65, 0x41, 0x66, 0x41, 0x67, 0x31, 0x68, 0x31, 0x81, 0x00, 0x3B, 0x69,
    0x41, 0x6A, 0x11, 0x6B, 0x11, 0x6C, 0x11, 0x6D, 0x11, 0x6E, 0x11, 0x6F, 0x11, 0x70, 0x11, 0x71,
    0x11, 0x72, 0x11, 0x73, 0x21, 0x74, 0x71, 0x75, 0x21, 0x76, 0x21, 0x77, 0x61, 0x78, 0x61, 0x79,
    0x21, 0x7A, 0x21, 0x7B, 0x11, 0x7C, 0x11, 0x7D, 0x61, 0x7E, 0x01, 0x7F, 0x01, 0x80, 0x01, 0x81,
    0x01, 0x82, 0x01, 0x83, 0x31, 0x84, 0x41, 0x85, 0x31, 0x86, 0x31, 0x81, 0x00, 0x3B, 0x87, 0x41,
    0x88, 0x41, 0x89, 0x41, 0x8A, 0x11, 0x8B, 0x41, 0x8C, 0x41, 0x8D, 0x41, 0x8E, 0x11, 0x8F, 0x61,
    0x90, 0x61, 0x91, 0x61, 0x92, 0x31, 0x93, 0x71, 0x94, 0x51, 0x95, 0x31, 0x96, 0x31, 0x97, 0x21,
    0x98, 0x61, 0x99, 0x11, 0x9A, 0x11, 0x9B, 0x61, 0x9C, 0x01, 0x9D, 0x01, 0x9E, 0x01, 0x9F, 0x01,
    0xA0, 0x01, 0xA1, 0x31, 0xA2, 0x41, 0xA3, 0x31, 0xA4, 0x31, 0x81, 0x00, 0x3B, 0xA5, 0x11, 0xA6,
    0x11, 0xA7, 0x11, 0xA8, 0x41, 0xA9, 0x41, 0xAA, 0x41, 0xAB, 0x11, 0xAC, 0x11, 0xAD, 0x61, 0xAE,
    0x61, 0xAF, 0x01, 0xB0, 0x01, 0xB1, 0x21, 0xB2, 0x51, 0xB3, 0x31, 0xB4, 0x71, 0xB5, 0x21, 0xB6,
    0x61, 0xB7, 0x21, 0xB8, 0x21, 0xB9, 0x21, 0xBA, 0x31, 0xBB, 0x31, 0xBC, 0x31, 0xBD, 0x31, 0xBE,
    0x31, 0xBF, 0x31, 0xC0, 0x31, 0xC1, 0x31, 0xC2, 0x31, 0x81, 0x00, 0x3B, 0xC3, 0x41, 0xC4, 0x41,
    0xC5, 0x41, 0xC6, 0x41, 0xC7, 0x61, 0xC8, 0x61, 0xC9, 0x61, 0xCA, 0x61, 0xCB, 0x61, 0xCC, 0x01,
    0xCD, 0x01, 0xCE, 0x61, 0xCF, 0x21, 0xD0, 0x51, 0xD1, 0x21, 0xD2, 0x71, 0xD3, 0x21, 0xD4, 0x01,
    0xD5, 0x51, 0xD6, 0x51, 0xD7, 0x51, 0xD8, 0x31, 0xD9, 0x31, 0xDA, 0x31, 0xDB, 0x31, 0xDC, 0x31,
    0xDD, 0x31, 0xDE, 0x31, 0xDF, 0x31, 0xE0, 0x31, 0x81, 0x00, 0x3B, 0xE1, 0x41, 0xE2, 0x41, 0xE3,
    0x31, 0xE4, 0x31, 0xE5, 0x61, 0xE6, 0x61, 0xE7, 0x61, 0xE8, 0x61, 0xE9, 0x01, 0xEA, 0x01, 0xEB,
    0x61, 0xEC, 0x51, 0xED, 0x51, 0xEE, 0x51, 0xEF, 0x71, 0xF0, 0x61, 0xF1, 0x61, 0xF2, 0x01, 0xF3,
    0x21, 0xF4, 0x51, 0xF5, 0x21, 0xF6, 0x31, 0xF7, 0x31, 0xF8, 0x01, 0xF9, 0x31, 0xFA, 0x71, 0xFB,
    0x31, 0xFC, 0x31, 0xFD, 0x31, 0xFE, 0x31, 0x81, 0x00, 0x3B, 0xFF, 0x31, 0x00, 0x32, 0x01, 0x32,
    0x02, 0x62, 0x03, 0x62, 0x04, 0x62, 0x05, 0x62, 0x06, 0x02, 0x07, 0x02, 0x08, 0x62, 0x09, 0x22,
    0x0A, 0x52, 0x0B, 0x52, 0x0C, 0x52, 0x0D, 0x22, 0x0E, 0x62, 0x0F, 0x02, 0x10, 0x02, 0x11, 0x22,
    0x12, 0x52, 0x13, 0x22, 0x14, 0x32, 0x15, 0x32, 0x16, 0x32, 0x17, 0x32, 0x18, 0x72, 0x19, 0x32,
    0x1A, 0x32, 0x1B, 0x32, 0x1C, 0x32, 0x81, 0x00, 0x3B, 0x1D, 0x32, 0x1E, 0x32, 0x1F, 0x32, 0x20,
    0x32, 0x21, 0x62, 0x22, 0x62, 0x23, 0x62, 0x24, 0x62, 0x25, 0x62, 0x26, 0x62, 0x27, 0x22, 0x28,
    0x12, 0x29, 0x52, 0x2A, 0x52, 0x2B, 0x62, 0x2C, 0x62, 0x2D, 0x02, 0x2E, 0x02, 0x2F, 0x22, 0x30,
    0x52, 0x31, 0x22, 0x32, 0x32, 0x33, 0x02, 0x34, 0x72, 0x35, 0x72, 0x36, 0x72, 0x37, 0x32, 0x38,
    0x32, 0x39, 0x32, 0x3A, 0x32, 0x81, 0x00, 0x3B, 0x3B, 0x32, 0x3C, 0x32, 0x3D, 0x42, 0x3E, 0x32,
    0x3F, 0x62, 0x40, 0x02, 0x41, 0x62, 0x42, 0x62, 0x43, 0x62, 0x44, 0x02, 0x45, 0x62, 0x46, 0x12,
    0x47, 0x52, 0x48, 0x22, 0x49, 0x02, 0x4A, 0x02, 0x4B, 0x02, 0x4C, 0x02, 0x4D, 0x22, 0x4E, 0x72,
    0x4F, 0x22, 0x50, 0x32, 0x51, 0x32, 0x52, 0x72, 0x53, 0x72, 0x54, 0x32, 0x55, 0x32, 0x56, 0x32,
    0x57, 0x32, 0x58, 0x32, 0xFF, 0x00, 0xFF, 0x00, 0xFB, 0x00, 0x00, 0x00,
};

alignas(int) static const uint16_t shizune_hcg_tied_v1_used[601] = {
    0, 1, 2, 3, 4, 5, 6, 7, 8, 9, 10, 11, 12, 13, 14, 15,
    16, 17, 18, 19, 20, 21, 22, 23, 24, 25, 26, 27, 28, 29, 30, 31,
    32, 33, 34, 35, 36, 37, 38, 39, 40, 41, 42, 43, 44, 45, 46, 47,
    48, 49, 50, 51, 52, 53, 54, 55, 56, 57, 58, 59, 60, 61, 62, 63,
    64, 65, 66, 67, 68, 69, 70, 71, 72, 73, 74, 75, 76, 77, 78, 79,
    80, 81, 82, 83, 84, 85, 86, 87, 88, 89, 90, 91, 92, 93, 94, 95,
    96, 97, 98, 99, 100, 101, 102, 103, 104, 105, 106, 107, 601, 602, 110, 111,
    112, 113, 114, 115, 116, 117, 118, 119, 120, 121, 122, 123, 124, 125, 126, 127,
    128, 129, 130, 131, 132, 133, 134, 135, 136, 603, 604, 605, 606, 141, 142, 143,
    144, 145, 146, 147, 148, 149, 150, 151, 152, 153, 154, 155, 156, 157, 158, 159,
    160, 161, 162, 163, 164, 165, 166, 167, 607, 169, 608, 171, 172, 173, 174, 175,
    176, 177, 178, 179, 180, 181, 182, 183, 184, 185, 186, 187, 188, 189, 190, 191,
    192, 193, 194, 195, 196, 197, 609, 610, 200, 201, 202, 203, 204, 205, 206, 207,
    208, 209, 210, 211, 212, 213, 214, 215, 216, 217, 218, 219, 220, 221, 222, 223,
    224, 225, 226, 227, 228, 229, 230, 231, 232, 233, 234, 235, 236, 237, 238, 239,
    240, 241, 242, 243, 244, 245, 246, 247, 248, 249, 250, 251, 252, 253, 254, 255,
    256, 257, 258, 259, 260, 261, 262, 263, 264, 265, 266, 267, 268, 269, 270, 271,
    272, 273, 274, 275, 276, 277, 278, 279, 280, 281, 282, 283, 284, 285, 286, 287,
    288, 289, 290, 291, 292, 293, 294, 295, 296, 297, 298, 299, 300, 301, 302, 303,
    304, 305, 306, 307, 308, 309, 310, 311, 312, 313, 314, 315, 316, 317, 318, 319,
    320, 321, 322, 323, 324, 325, 326, 327, 328, 329, 330, 331, 332, 333, 334, 335,
    336, 337, 338, 339, 340, 341, 342, 343, 344, 345, 346, 347, 348, 349, 350, 351,
    352, 353, 354, 355, 356, 357, 358, 359, 360, 361, 362, 363, 364, 365, 366, 367,
    368, 369, 370, 371, 372, 373, 374, 375, 376, 377, 378, 379, 380, 381, 382, 383,
    384, 385, 386, 387, 388, 389, 390, 391, 392, 393, 394, 395, 396, 397, 398, 399,
    400, 401, 402, 403, 404, 405, 406, 407, 408, 409, 410, 411, 412, 413, 414, 415,
    416, 417, 418, 419, 420, 421, 422, 423, 424, 425, 426, 427, 428, 429, 430, 431,
    432, 433, 434, 435, 436, 437, 438, 439, 440, 441, 442, 443, 444, 445, 446, 447,
    448, 449, 450, 451, 452, 453, 454, 455, 456, 457, 458, 459, 460, 461, 462, 463,
    464, 465, 466, 467, 468, 469, 470, 471, 472, 473, 474, 475, 476, 477, 478, 479,
    480, 481, 482, 483, 484, 485, 486, 487, 488, 489, 490, 491, 492, 493, 494, 495,
    496, 497, 498, 499, 500, 501, 502, 503, 504, 505, 506, 507, 508, 509, 510, 511,
    512, 513, 514, 515, 516, 517, 518, 519, 520, 521, 522, 523, 524, 525, 526, 527,
    528, 529, 530, 531, 532, 533, 534, 535, 536, 537, 538, 539, 540, 541, 542, 543,
    544, 545, 546, 547, 548, 549, 550, 551, 552, 553, 554, 555, 556, 557, 558, 559,
    560, 561, 562, 563, 564, 565, 566, 567, 568, 569, 570, 571, 572, 573, 574, 575,
    576, 577, 578, 579, 580, 581, 582, 583, 584, 585, 586, 587, 588, 589, 590, 591,
    592, 593, 594, 595, 596, 597, 598, 599, 600,
};

alignas(int) static const unsigned char shizune_hcg_tied_v1_map_rle[1276] = {
    0x30, 0x00, 0x08, 0x00, 0xFF, 0x00, 0xFF, 0x00, 0xFB, 0x00, 0x3B, 0x01, 0x10, 0x02, 0x10, 0x03,
    0x10, 0x04, 0x10, 0x05, 0x10, 0x06, 0x50, 0x07, 0x40, 0x08, 0x40, 0x09, 0x40, 0x0A, 0x40, 0x0B,
    0x40, 0x0C, 0x40, 0x0D, 0x40, 0x0E, 0x40, 0x0F, 0x40, 0x10, 0x40, 0x11, 0x60, 0x12, 0x60, 0x13,
    0x60, 0x14, 0x40, 0x15, 0x40, 0x16, 0x40, 0x17, 0x40, 0x18, 0x40, 0x19, 0x40, 0x1A, 0x40, 0x1B,
    0x40, 0x1C, 0x40, 0x1D, 0x70, 0x1E, 0x70, 0x81, 0x00, 0x3B, 0x1F, 0x10, 0x20, 0x10, 0x21, 0x10,
    0x22, 0x10, 0x23, 0x10, 0x24, 0x50, 0x25, 0x10, 0x26, 0x10, 0x27, 0x10, 0x28, 0x50, 0x29, 0x40,
    0x2A, 0x40, 0x2B, 0x40, 0x2C, 0x40, 0x2D, 0x40, 0x2E, 0x60, 0x2F, 0x60, 0x30, 0x00, 0x31, 0x00,
    0x32, 0x00, 0x33, 0x20, 0x34, 0x40, 0x35, 0x40, 0x36, 0x40, 0x37, 0x40, 0x38, 0x40, 0x39, 0x40,
    0x3A, 0x70, 0x3B, 0x70, 0x3C, 0x70, 0x81, 0x00, 0x3B, 0x3D, 0x10, 0x3E, 0x50, 0x3F, 0x50, 0x40,
    0x10, 0x41, 0x10, 0x42, 0x10, 0x43, 0x10, 0x44, 0x10, 0x45, 0x50, 0x46, 0x50, 0x47, 0x40, 0x48,
    0x40, 0x49, 0x40, 0x4A, 0x40, 0x4B, 0x40, 0x4C, 0x60, 0x4D, 0x60, 0x4E, 0x60, 0x4F, 0x00, 0x50,
    0x00, 0x51, 0x60, 0x52, 0x40, 0x53, 0x40, 0x54, 0x40, 0x55, 0x40, 0x56, 0x40, 0x57, 0x70, 0x58,
    0x70, 0x59, 0x70, 0x5A, 0x70, 0x81, 0x00, 0x3B, 0x5B, 0x10, 0x5C, 0x50, 0x5D, 0x50, 0x5E, 0x50,
    0x5F, 0x50, 0x60, 0x10, 0x61, 0x10, 0x62, 0x10, 0x63, 0x10, 0x64, 0x50, 0x65, 0x40, 0x66, 0x40,
    0x67, 0x40, 0x68, 0x40, 0x69, 0x60, 0x6A, 0x20, 0x6B, 0x20, 0x6C, 0x20, 0x6D, 0x20, 0x6E, 0x60,
    0x6F, 0x40, 0x70, 0x30, 0x71, 0x30, 0x72, 0x30, 0x73, 0x30, 0x74, 0x40, 0x75, 0x70, 0x76, 0x70,
    0x77, 0x70, 0x78, 0x70, 0x81, 0x00, 0x3B, 0x79, 0x10, 0x7A, 0x50, 0x7B, 0x50, 0x7C, 0x50, 0x7D,
    0x50, 0x7E, 0x50, 0x7F, 0x50, 0x80, 0x50, 0x81, 0x50, 0x82, 0x50, 0x83, 0x40, 0x84, 0x40, 0x85,
    0x40, 0x86, 0x40, 0x87, 0x60, 0x88, 0x60, 0x89, 0x50, 0x8A, 0x20, 0x8B, 0x20, 0x8C, 0x20, 0x8D,
    0x40, 0x8E, 0x40, 0x8F, 0x30, 0x90, 0x30, 0x91, 0x30, 0x92, 0x30, 0x93, 0x30, 0x94, 0x70, 0x95,
    0x70, 0x96, 0x70, 0x81, 0x00, 0x3B, 0x97, 0x10, 0x98, 0x10, 0x99, 0x10, 0x9A, 0x10, 0x9B, 0x10,
    0x9C, 0x50, 0x9D, 0x40, 0x9E, 0x40, 0x9F, 0x50, 0xA0, 0x50, 0xA1, 0x40, 0xA2, 0x40, 0xA3, 0x10,
    0xA4, 0x50, 0xA5, 0x50, 0xA6, 0x20, 0xA7, 0x50, 0xA8, 0x50, 0xA9, 0x50, 0xAA, 0x20, 0xAB, 0x50,
    0xAC, 0x20, 0xAD, 0x20, 0xAE, 0x30, 0xAF, 0x30, 0xB0, 0x30, 0xB1, 0x40, 0xB2, 0x40, 0xB3, 0x40,
    0xB4, 0x30, 0x81, 0x00, 0x3B, 0xB5, 0x10, 0xB6, 0x10, 0xB7, 0x10, 0xB8, 0x10, 0xB9, 0x50, 0xBA,
    0x10, 0xBB, 0x10, 0xBC, 0x10, 0xBD, 0x50, 0xBE, 0x50, 0xBF, 0x40, 0xC0, 0x40, 0xC1, 0x10, 0xC2,
    0x50, 0xC3, 0x50, 0xC4, 0x50, 0xC5, 0x70, 0xC6, 0x20, 0xC7, 0x20, 0xC8, 0x20, 0xC9, 0x50, 0xCA,
    0x50, 0xCB, 0x70, 0xCC, 0x30, 0xCD, 0x30, 0xCE, 0x30, 0xCF, 0x30, 0xD0, 0x40, 0xD1, 0x40, 0xD2,
    0x40, 0x81, 0x00, 0x3B, 0xD3, 0x10, 0xD4, 0x10, 0xD5, 0x10, 0xD6, 0x10, 0xD7, 0x10, 0xD8, 0x40,
    0xD9, 0x40, 0xDA, 0x40, 0xDB, 0x50, 0xDC, 0x50, 0xDD, 0x40, 0xDE, 0x40, 0xDF, 0x50, 0xE0, 0x50,
    0xE1, 0x20, 0xE2, 0x50, 0xE3, 0x70, 0xE4, 0x20, 0xE5, 0x40, 0xE6, 0x20, 0xE7, 0x50, 0xE8, 0x50,
    0xE9, 0x70, 0xEA, 0x30, 0xEB, 0x30, 0xEC, 0x30, 0xED, 0x30, 0xEE, 0x30, 0xEF, 0x30, 0xF0, 0x30,
    0x81, 0x00, 0x3B, 0xF1, 0x10, 0xF2, 0x10, 0xF3, 0x10, 0xF4, 0x10, 0xF5, 0x10, 0xF6, 0x10, 0xF7,
    0x20, 0xF8, 0x40, 0xF9, 0x50, 0xFA, 0x40, 0xFB, 0x40, 0xFC, 0x40, 0xFD, 0x50, 0xFE, 0x20, 0xFF,
    0x20, 0x00, 0x21, 0x01, 0x51, 0x02, 0x21, 0x03, 0x51, 0x04, 0x21, 0x05, 0x51, 0x06, 0x51, 0x07,
    0x71, 0x08, 0x31, 0x09, 0x31, 0x0A, 0x31, 0x0B, 0x31, 0x0C, 0x31, 0x0D, 0x31, 0x0E, 0x31, 0x81,
    0x00, 0x02, 0x0F, 0x11, 0x10, 0x80, 0x11, 0x1C, 0x12, 0x11, 0x13, 0x11, 0x14, 0x11, 0x15, 0x11,
    0x16, 0x11, 0x17, 0x11, 0x18, 0x41, 0x19, 0x41, 0x1A, 0x41, 0x1B, 0x51, 0x1C, 0x51, 0x1D, 0x11,
    0x1E, 0x11, 0x1F, 0x21, 0x20, 0x80, 0x21, 0x15, 0x22, 0x11, 0x23, 0x61, 0x24, 0x61, 0x25, 0x61,
    0x26, 0x41, 0x27, 0x41, 0x28, 0x31, 0x29, 0x31, 0x2A, 0x31, 0x2B, 0x31, 0x2C, 0x31, 0x81, 0x00,
    0x3B, 0x2D, 0x11, 0x2E, 0x11, 0x2F, 0x11, 0x30, 0x11, 0x31, 0x11, 0x32, 0x11, 0x33, 0x11, 0x34,
    0x11, 0x35, 0x11, 0x36, 0x11, 0x37, 0x41, 0x38, 0x41, 0x39, 0x51, 0x3A, 0x51, 0x3B, 0x41, 0x3C,
    0x41, 0x3D, 0x41, 0x3E, 0x11, 0x3F, 0x11, 0x40, 0x11, 0x41, 0x61, 0x42, 0x01, 0x43, 0x01, 0x44,
    0x01, 0x45, 0x61, 0x46, 0x31, 0x47, 0x41, 0x48, 0x31, 0x49, 0x31, 0x4A, 0x31, 0x81, 0x00, 0x3B,
    0x4B, 0x11, 0x4C, 0x11, 0x4D, 0x11, 0x4E, 0x11, 0x4F, 0x11, 0x50, 0x11, 0x51, 0x11, 0x52, 0x11,
    0x53, 0x11, 0x54, 0x11, 0x55, 0x11, 0x56, 0x21, 0x57, 0x21, 0x58, 0x51, 0x59, 0x41, 0x5A, 0x41,
    0x5B, 0x41, 0x5C, 0x41, 0x5D, 0x11, 0x5E, 0x11, 0x5F, 0x61, 0x60, 0x01, 0x61, 0x01, 0x62, 0x01,
    0x63, 0x01, 0x64, 0x31, 0x65, 0x41, 0x66, 0x41, 0x67, 0x31, 0x68, 0x31, 0x81, 0x00, 0x3B, 0x69,
    0x41, 0x6A, 0x11, 0x6B, 0x11, 0x6C, 0x11, 0x6D, 0x11, 0x6E, 0x11, 0x6F, 0x11, 0x70, 0x11, 0x71,
    0x11, 0x72, 0x11, 0x73, 0x21, 0x74, 0x71, 0x75, 0x21, 0x76, 0x21, 0x77, 0x61, 0x78, 0x61, 0x79,
    0x21, 0x7A, 0x21, 0x7B, 0x11, 0x7C, 0x11, 0x7D, 0x61, 0x7E, 0x01, 0x7F, 0x01, 0x80, 0x01, 0x81,
    0x01, 0x82, 0x01, 0x83, 0x31, 0x84, 0x41, 0x85, 0x31, 0x86, 0x31, 0x81, 0x00, 0x3B, 0x87, 0x41,
    0x88, 0x41, 0x89, 0x41, 0x8A, 0x11, 0x8B, 0x41, 0x8C, 0x41, 0x8D, 0x41, 0x8E, 0x11, 0x8F, 0x61,
    0x90, 0x61, 0x91, 0x61, 0x92, 0x31, 0x93, 0x71, 0x94, 0x51, 0x95, 0x31, 0x96, 0x31, 0x97, 0x21,
    0x98, 0x61, 0x99, 0x11, 0x9A, 0x11, 0x9B, 0x61, 0x9C, 0x01, 0x9D, 0x01, 0x9E, 0x01, 0x9F, 0x01,
    0xA0, 0x01, 0xA1, 0x31, 0xA2, 0x41, 0xA3, 0x31, 0xA4, 0x31, 0x81, 0x00, 0x3B, 0xA5, 0x11, 0xA6,
    0x11, 0xA7, 0x11, 0xA8, 0x41, 0xA9, 0x41, 0xAA, 0x41, 0xAB, 0x11, 0xAC, 0x11, 0xAD, 0x61, 0xAE,
    0x61, 0xAF, 0x01, 0xB0, 0x01, 0xB1, 0x21, 0xB2, 0x51, 0xB3, 0x31, 0xB4, 0x71, 0xB5, 0x21, 0xB6,
    0x61, 0xB7, 0x21, 0xB8, 0x21, 0xB9, 0x21, 0xBA, 0x31, 0xBB, 0x31, 0xBC, 0x31, 0xBD, 0x31, 0xBE,
    0x31, 0xBF, 0x31, 0xC0, 0x31, 0xC1, 0x31, 0xC2, 0x31, 0x81, 0x00, 0x3B, 0xC3, 0x41, 0xC4, 0x41,
    0xC5, 0x41, 0xC6, 0x41, 0xC7, 0x61, 0xC8, 0x61, 0xC9, 0x61, 0xCA, 0x61, 0xCB, 0x61, 0xCC, 0x01,
    0xCD, 0x01, 0xCE, 0x61, 0xCF, 0x21, 0xD0, 0x51, 0xD1, 0x21, 0xD2, 0x71, 0xD3, 0x21, 0xD4, 0x01,
    0xD5, 0x51, 0xD6, 0x51, 0xD7, 0x51, 0xD8, 0x31, 0xD9, 0x31, 0xDA, 0x31, 0xDB, 0x31, 0xDC, 0x31,
    0xDD, 0x31, 0xDE, 0x31, 0xDF, 0x31, 0xE0, 0x31, 0x81, 0x00, 0x3B, 0xE1, 0x41, 0xE2, 0x41, 0xE3,
    0x31, 0xE4, 0x31, 0xE5, 0x61, 0xE6, 0x61, 0xE7, 0x61, 0xE8, 0x61, 0xE9, 0x01, 0xEA, 0x01, 0xEB,
    0x61, 0xEC, 0x51, 0xED, 0x51, 0xEE, 0x51, 0xEF, 0x71, 0xF0, 0x61, 0xF1, 0x61, 0xF2, 0x01, 0xF3,
    0x21, 0xF4, 0x51, 0xF5, 0x21, 0xF6, 0x31, 0xF7, 0x31, 0xF8, 0x01, 0xF9, 0x31, 0xFA, 0x71, 0xFB,
    0x31, 0xFC, 0x31, 0xFD, 0x31, 0xFE, 0x31, 0x81, 0x00, 0x3B, 0xFF, 0x31, 0x00, 0x32, 0x01, 0x32,
    0x02, 0x62, 0x03, 0x62, 0x04, 0x62, 0x05, 0x62, 0x06, 0x02, 0x07, 0x02, 0x08, 0x62, 0x09, 0x22,
    0x0A, 0x52, 0x0B, 0x52, 0x0C, 0x52, 0x0D, 0x22, 0x0E, 0x62, 0x0F, 0x02, 0x10, 0x02, 0x11, 0x22,
    0x12, 0x52, 0x13, 0x22, 0x14, 0x32, 0x15, 0x32, 0x16, 0x32, 0x17, 0x32, 0x18, 0x72, 0x19, 0x32,
    0x1A, 0x32, 0x1B, 0x32, 0x1C, 0x32, 0x81, 0x00, 0x3B, 0x1D, 0x32, 0x1E, 0x32, 0x1F, 0x32, 0x20,
    0x32, 0x21, 0x62, 0x22, 0x62, 0x23, 0x62, 0x24, 0x62, 0x25, 0x62, 0x26, 0x62, 0x27, 0x22, 0x28,
    0x12, 0x29, 0x52, 0x2A, 0x52, 0x2B, 0x62, 0x2C, 0x62, 0x2D, 0x02, 0x2E, 0x02, 0x2F, 0x22, 0x30,
    0x52, 0x31, 0x22, 0x32, 0x32, 0x33, 0x02, 0x34, 0x72, 0x35, 0x72, 0x36, 0x72, 0x37, 0x32, 0x38,
    0x32, 0x39, 0x32, 0x3A, 0x32, 0x81, 0x00, 0x3B, 0x3B, 0x32, 0x3C, 0x32, 0x3D, 0x42, 0x3E, 0x32,
    0x3F, 0x62, 0x40, 0x02, 0x41, 0x62, 0x42, 0x62, 0x43, 0x62, 0x44, 0x02, 0x45, 0x62, 0x46, 0x12,
    0x47, 0x52, 0x48, 0x22, 0x49, 0x02, 0x4A, 0x02, 0x4B, 0x02, 0x4C, 0x02, 0x4D, 0x22, 0x4E, 0x72,
    0x4F, 0x22, 0x50, 0x32, 0x51, 0x32, 0x52, 0x72, 0x53, 0x72, 0x54, 0x32, 0x55, 0x32, 0x56, 0x32,
    0x57, 0x32, 0x58, 0x32, 0xFF, 0x00, 0xFF, 0x00, 0xFB, 0x00, 0x00, 0x00,
};

alignas(int) static const uint16_t shizune_hcg_tied_v2_used[601] = {
    0, 1, 2, 3, 4, 5, 6, 7, 8, 9, 10, 11, 12, 13, 14, 15,
    16, 17, 18, 19, 20, 21, 22, 23, 24, 25, 26, 27, 28, 29, 30, 31,
    32, 33, 34, 35, 36, 37, 38, 39, 40, 41, 42, 43, 44, 45, 46, 47,
    48, 49, 50, 51, 52, 53, 54, 55, 56, 57, 58, 59, 60, 61, 62, 63,
    64, 65, 66, 67, 68, 69, 70, 71, 72, 73, 74, 75, 76, 77, 78, 79,
    80, 81, 82, 83, 84, 85, 86, 87, 88, 89, 90, 91, 92, 93, 94, 95,
    96, 97, 98, 99, 100, 101, 102, 103, 104, 105, 106, 107, 601, 602, 110, 111,
    112, 113, 114, 115, 116, 117, 118, 119, 120, 121, 122, 123, 124, 125, 126, 127,
    128, 129, 130, 131, 132, 133, 134, 135, 136, 603, 604, 605, 606, 611, 142, 143,
    144, 145, 146, 147, 148, 149, 150, 151, 152, 153, 154, 155, 156, 157, 158, 159,
    160, 161, 162, 163, 164, 165, 166, 167, 607, 169, 612, 613, 172, 173, 174, 175,
    176, 177, 178, 179, 180, 181, 182, 183, 184, 185, 186, 187, 188, 189, 190, 191,
    192, 193, 194, 195, 196, 197, 609, 610, 614, 201, 202, 203, 204, 205, 206, 207,
    208, 209, 210, 211, 212, 213, 214, 215, 216, 217, 218, 219, 220, 221, 222, 223,
    224, 225, 226, 227, 228, 229, 615, 616, 232, 233, 234, 235, 236, 237, 238, 239,
    240, 241, 242, 243, 244, 245, 246, 247, 248, 249, 250, 251, 252, 253, 254, 255,
    256, 257, 258, 259, 260, 261, 262, 263, 264, 265, 266, 267, 268, 269, 270, 271,
    272, 273, 274, 275, 276, 277, 278, 279, 280, 281, 282, 283, 284, 285, 286, 287,
    288, 289, 290, 291, 292, 293, 294, 295, 296, 297, 298, 299, 300, 301, 302, 303,
    304, 305, 306, 307, 308, 309, 310, 311, 312, 313, 314, 315, 316, 317, 318, 319,
    320, 321, 322, 323, 324, 325, 326, 327, 328, 329, 330, 331, 332, 333, 334, 335,
    336, 337, 338, 339, 340, 341, 342, 343, 344, 345, 346, 347, 348, 349, 350, 351,
    352, 353, 354, 355, 356, 357, 358, 359, 360, 361, 362, 363, 364, 365, 366, 367,
    368, 369, 370, 371, 372, 373, 374, 375, 376, 377, 378, 379, 380, 381, 382, 383,
    384, 385, 386, 387, 388, 389, 390, 391, 392, 393, 394, 395, 396, 397, 398, 399,
    400, 401, 402, 403, 404, 405, 406, 407, 408, 409, 410, 411, 412, 413, 414, 415,
    416, 417, 418, 419, 420, 421, 422, 423, 424, 425, 426, 427, 428, 429, 430, 431,
    432, 433, 434, 435, 436, 437, 438, 439, 440, 441, 442, 443, 444, 445, 446, 447,
    448, 449, 450, 451, 452, 453, 454, 455, 456, 457, 458, 459, 460, 461, 462, 463,
    464, 465, 466, 467, 468, 469, 470, 471, 472, 473, 474, 475, 476, 477, 478, 479,
    480, 481, 482, 483, 484, 485, 486, 487, 488, 489, 490, 491, 492, 493, 494, 495,
    496, 497, 498, 499, 500, 501, 502, 503, 504, 505, 506, 507, 508, 509, 510, 511,
    512, 513, 514, 515, 516, 517, 518, 519, 520, 521, 522, 523, 524, 525, 526, 527,
    528, 529, 530, 531, 532, 533, 534, 535, 536, 537, 538, 539, 540, 541, 542, 543,
    544, 545, 546, 547, 548, 549, 550, 551, 552, 553, 554, 555, 556, 557, 558, 559,
    560, 561, 562, 563, 564, 565, 566, 567, 568, 569, 570, 571, 572, 573, 574, 575,
    576, 577, 578, 579, 580, 581, 582, 583, 584, 585, 586, 587, 588, 589, 590, 591,
    592, 593, 594, 595, 596, 597, 598, 599, 600,
};

alignas(int) static const unsigned char shizune_hcg_tied_v2_map_rle[1276] = {
    0x30, 0x00, 0x08, 0x00, 0xFF, 0x00, 0xFF, 0x00, 0xFB, 0x00, 0x3B, 0x01, 0x10, 0x02, 0x10, 0x03,
    0x10, 0x04, 0x10, 0x05, 0x10, 0x06, 0x50, 0x07, 0x40, 0x08, 0x40, 0x09, 0x40, 0x0A, 0x40, 0x0B,
    0x40, 0x0C, 0x40, 0x0D, 0x40, 0x0E, 0x40, 0x0F, 0x40, 0x10, 0x40, 0x11, 0x60, 0x12, 0x60, 0x13,
    0x60, 0x14, 0x40, 0x15, 0x40, 0x16, 0x40, 0x17, 0x40, 0x18, 0x40, 0x19, 0x40, 0x1A, 0x40, 0x1B,
    0x40, 0x1C, 0x40, 0x1D, 0x70, 0x1E, 0x70, 0x81, 0x00, 0x3B, 0x1F, 0x10, 0x20, 0x10, 0x21, 0x10,
    0x22, 0x10, 0x23, 0x10, 0x24, 0x50, 0x25, 0x10, 0x26, 0x10, 0x27, 0x10, 0x28, 0x50, 0x29, 0x40,
    0x2A, 0x40, 0x2B, 0x40, 0x2C, 0x40, 0x2D, 0x40, 0x2E, 0x60, 0x2F, 0x60, 0x30, 0x00, 0x31, 0x00,
    0x32, 0x00, 0x33, 0x20, 0x34, 0x40, 0x35, 0x40, 0x36, 0x40, 0x37, 0x40, 0x38, 0x40, 0x39, 0x40,
    0x3A, 0x70, 0x3B, 0x70, 0x3C, 0x70, 0x81, 0x00, 0x3B, 0x3D, 0x10, 0x3E, 0x50, 0x3F, 0x50, 0x40,
    0x10, 0x41, 0x10, 0x42, 0x10, 0x43, 0x10, 0x44, 0x10, 0x45, 0x50, 0x46, 0x50, 0x47, 0x40, 0x48,
    0x40, 0x49, 0x40, 0x4A, 0x40, 0x4B, 0x40, 0x4C, 0x60, 0x4D, 0x60, 0x4E, 0x60, 0x4F, 0x00, 0x50,
    0x00, 0x51, 0x60, 0x52, 0x40, 0x53, 0x40, 0x54, 0x40, 0x55, 0x40, 0x56, 0x40, 0x57, 0x70, 0x58,
    0x70, 0x59, 0x70, 0x5A, 0x70, 0x81, 0x00, 0x3B, 0x5B, 0x10, 0x5C, 0x50, 0x5D, 0x50, 0x5E, 0x50,
    0x5F, 0x50, 0x60, 0x10, 0x61, 0x10, 0x62, 0x10, 0x63, 0x10, 0x64, 0x50, 0x65, 0x40, 0x66, 0x40,
    0x67, 0x40, 0x68, 0x40, 0x69, 0x60, 0x6A, 0x20, 0x6B, 0x20, 0x6C, 0x20, 0x6D, 0x20, 0x6E, 0x60,
    0x6F, 0x40, 0x70, 0x30, 0x71, 0x30, 0x72, 0x30, 0x73, 0x30, 0x74, 0x40, 0x75, 0x70, 0x76, 0x70,
    0x77, 0x70, 0x78, 0x70, 0x81, 0x00, 0x3B, 0x79, 0x10, 0x7A, 0x50, 0x7B, 0x50, 0x7C, 0x50, 0x7D,
    0x50, 0x7E, 0x50, 0x7F, 0x50, 0x80, 0x50, 0x81, 0x50, 0x82, 0x50, 0x83, 0x40, 0x84, 0x40, 0x85,
    0x40, 0x86, 0x40, 0x87, 0x60, 0x88, 0x60, 0x89, 0x50, 0x8A, 0x20, 0x8B, 0x20, 0x8C, 0x20, 0x8D,
    0x40, 0x8E, 0x40, 0x8F, 0x30, 0x90, 0x30, 0x91, 0x30, 0x92, 0x30, 0x93, 0x30, 0x94, 0x70, 0x95,
    0x70, 0x96, 0x70, 0x81, 0x00, 0x3B, 0x97, 0x10, 0x98, 0x10, 0x99, 0x10, 0x9A, 0x10, 0x9B, 0x10,
    0x9C, 0x50, 0x9D, 0x40, 0x9E, 0x40, 0x9F, 0x50, 0xA0, 0x50, 0xA1, 0x40, 0xA2, 0x40, 0xA3, 0x10,
    0xA4, 0x50, 0xA5, 0x50, 0xA6, 0x20, 0xA7, 0x50, 0xA8, 0x50, 0xA9, 0x50, 0xAA, 0x20, 0xAB, 0x50,
    0xAC, 0x20, 0xAD, 0x20, 0xAE, 0x30, 0xAF, 0x30, 0xB0, 0x30, 0xB1, 0x40, 0xB2, 0x40, 0xB3, 0x40,
    0xB4, 0x30, 0x81, 0x00, 0x3B, 0xB5, 0x10, 0xB6, 0x10, 0xB7, 0x10, 0xB8, 0x10, 0xB9, 0x50, 0xBA,
    0x10, 0xBB, 0x10, 0xBC, 0x10, 0xBD, 0x50, 0xBE, 0x50, 0xBF, 0x40, 0xC0, 0x40, 0xC1, 0x10, 0xC2,
    0x50, 0xC3, 0x50, 0xC4, 0x50, 0xC5, 0x70, 0xC6, 0x20, 0xC7, 0x20, 0xC8, 0x20, 0xC9, 0x50, 0xCA,
    0x50, 0xCB, 0x70, 0xCC, 0x30, 0xCD, 0x30, 0xCE, 0x30, 0xCF, 0x30, 0xD0, 0x40, 0xD1, 0x40, 0xD2,
    0x40, 0x81, 0x00, 0x3B, 0xD3, 0x10, 0xD4, 0x10, 0xD5, 0x10, 0xD6, 0x10, 0xD7, 0x10, 0xD8, 0x40,
    0xD9, 0x40, 0xDA, 0x40, 0xDB, 0x50, 0xDC, 0x50, 0xDD, 0x40, 0xDE, 0x40, 0xDF, 0x50, 0xE0, 0x50,
    0xE1, 0x20, 0xE2, 0x50, 0xE3, 0x70, 0xE4, 0x20, 0xE5, 0x40, 0xE6, 0x20, 0xE7, 0x50, 0xE8, 0x50,
    0xE9, 0x70, 0xEA, 0x30, 0xEB, 0x30, 0xEC, 0x30, 0xED, 0x30, 0xEE, 0x30, 0xEF, 0x30, 0xF0, 0x30,
    0x81, 0x00, 0x3B, 0xF1, 0x10, 0xF2, 0x10, 0xF3, 0x10, 0xF4, 0x10, 0xF5, 0x10, 0xF6, 0x10, 0xF7,
    0x20, 0xF8, 0x40, 0xF9, 0x50, 0xFA, 0x40, 0xFB, 0x40, 0xFC, 0x40, 0xFD, 0x50, 0xFE, 0x20, 0xFF,
    0x20, 0x00, 0x21, 0x01, 0x51, 0x02, 0x21, 0x03, 0x51, 0x04, 0x21, 0x05, 0x51, 0x06, 0x51, 0x07,
    0x71, 0x08, 0x31, 0x09, 0x31, 0x0A, 0x31, 0x0B, 0x31, 0x0C, 0x31, 0x0D, 0x31, 0x0E, 0x31, 0x81,
    0x00, 0x02, 0x0F, 0x11, 0x10, 0x80, 0x11, 0x1C, 0x12, 0x11, 0x13, 0x11, 0x14, 0x11, 0x15, 0x11,
    0x16, 0x11, 0x17, 0x11, 0x18, 0x41, 0x19, 0x41, 0x1A, 0x41, 0x1B, 0x51, 0x1C, 0x51, 0x1D, 0x11,
    0x1E, 0x11, 0x1F, 0x21, 0x20, 0x80, 0x21, 0x15, 0x22, 0x11, 0x23, 0x61, 0x24, 0x61, 0x25, 0x61,
    0x26, 0x41, 0x27, 0x41, 0x28, 0x31, 0x29, 0x31, 0x2A, 0x31, 0x2B, 0x31, 0x2C, 0x31, 0x81, 0x00,
    0x3B, 0x2D, 0x11, 0x2E, 0x11, 0x2F, 0x11, 0x30, 0x11, 0x31, 0x11, 0x32, 0x11, 0x33, 0x11, 0x34,
    0x11, 0x35, 0x11, 0x36, 0x11, 0x37, 0x41, 0x38, 0x41, 0x39, 0x51, 0x3A, 0x51, 0x3B, 0x41, 0x3C,
    0x41, 0x3D, 0x41, 0x3E, 0x11, 0x3F, 0x11, 0x40, 0x11, 0x41, 0x61, 0x42, 0x01, 0x43, 0x01, 0x44,
    0x01, 0x45, 0x61, 0x46, 0x31, 0x47, 0x41, 0x48, 0x31, 0x49, 0x31, 0x4A, 0x31, 0x81, 0x00, 0x3B,
    0x4B, 0x11, 0x4C, 0x11, 0x4D, 0x11, 0x4E, 0x11, 0x4F, 0x11, 0x50, 0x11, 0x51, 0x11, 0x52, 0x11,
    0x53, 0x11, 0x54, 0x11, 0x55, 0x11, 0x56, 0x21, 0x57, 0x21, 0x58, 0x51, 0x59, 0x41, 0x5A, 0x41,
    0x5B, 0x41, 0x5C, 0x41, 0x5D, 0x11, 0x5E, 0x11, 0x5F, 0x61, 0x60, 0x01, 0x61, 0x01, 0x62, 0x01,
    0x63, 0x01, 0x64, 0x31, 0x65, 0x41, 0x66, 0x41, 0x67, 0x31, 0x68, 0x31, 0x81, 0x00, 0x3B, 0x69,
    0x41, 0x6A, 0x11, 0x6B, 0x11, 0x6C, 0x11, 0x6D, 0x11, 0x6E, 0x11, 0x6F, 0x11, 0x70, 0x11, 0x71,
    0x11, 0x72, 0x11, 0x73, 0x21, 0x74, 0x71, 0x75, 0x21, 0x76, 0x21, 0x77, 0x61, 0x78, 0x61, 0x79,
    0x21, 0x7A, 0x21, 0x7B, 0x11, 0x7C, 0x11, 0x7D, 0x61, 0x7E, 0x01, 0x7F, 0x01, 0x80, 0x01, 0x81,
    0x01, 0x82, 0x01, 0x83, 0x31, 0x84, 0x41, 0x85, 0x31, 0x86, 0x31, 0x81, 0x00, 0x3B, 0x87, 0x41,
    0x88, 0x41, 0x89, 0x41, 0x8A, 0x11, 0x8B, 0x41, 0x8C, 0x41, 0x8D, 0x41, 0x8E, 0x11, 0x8F, 0x61,
    0x90, 0x61, 0x91, 0x61, 0x92, 0x31, 0x93, 0x71, 0x94, 0x51, 0x95, 0x31, 0x96, 0x31, 0x97, 0x21,
    0x98, 0x61, 0x99, 0x11, 0x9A, 0x11, 0x9B, 0x61, 0x9C, 0x01, 0x9D, 0x01, 0x9E, 0x01, 0x9F, 0x01,
    0xA0, 0x01, 0xA1, 0x31, 0xA2, 0x41, 0xA3, 0x31, 0xA4, 0x31, 0x81, 0x00, 0x3B, 0xA5, 0x11, 0xA6,
    0x11, 0xA7, 0x11, 0xA8, 0x41, 0xA9, 0x41, 0xAA, 0x41, 0xAB, 0x11, 0xAC, 0x11, 0xAD, 0x61, 0xAE,
    0x61, 0xAF, 0x01, 0xB0, 0x01, 0xB1, 0x21, 0xB2, 0x51, 0xB3, 0x31, 0xB4, 0x71, 0xB5, 0x21, 0xB6,
    0x61, 0xB7, 0x21, 0xB8, 0x21, 0xB9, 0x21, 0xBA, 0x31, 0xBB, 0x31, 0xBC, 0x31, 0xBD, 0x31, 0xBE,
    0x31, 0xBF, 0x31, 0xC0, 0x31, 0xC1, 0x31, 0xC2, 0x31, 0x81, 0x00, 0x3B, 0xC3, 0x41, 0xC4, 0x41,
    0xC5, 0x41, 0xC6, 0x41, 0xC7, 0x61, 0xC8, 0x61, 0xC9, 0x61, 0xCA, 0x61, 0xCB, 0x61, 0xCC, 0x01,
    0xCD, 0x01, 0xCE, 0x61, 0xCF, 0x21, 0xD0, 0x51, 0xD1, 0x21, 0xD2, 0x71, 0xD3, 0x21, 0xD4, 0x01,
    0xD5, 0x51, 0xD6, 0x51, 0xD7, 0x51, 0xD8, 0x31, 0xD9, 0x31, 0xDA, 0x31, 0xDB, 0x31, 0xDC, 0x31,
    0xDD, 0x31, 0xDE, 0x31, 0xDF, 0x31, 0xE0, 0x31, 0x81, 0x00, 0x3B, 0xE1, 0x41, 0xE2, 0x41, 0xE3,
    0x31, 0xE4, 0x31, 0xE5, 0x61, 0xE6, 0x61, 0xE7, 0x61, 0xE8, 0x61, 0xE9, 0x01, 0xEA, 0x01, 0xEB,
    0x61, 0xEC, 0x51, 0xED, 0x51, 0xEE, 0x51, 0xEF, 0x71, 0xF0, 0x61, 0xF1, 0x61, 0xF2, 0x01, 0xF3,
    0x21, 0xF4, 0x51, 0xF5, 0x21, 0xF6, 0x31, 0xF7, 0x31, 0xF8, 0x01, 0xF9, 0x31, 0xFA, 0x71, 0xFB,
    0x31, 0xFC, 0x31, 0xFD, 0x31, 0xFE, 0x31, 0x81, 0x00, 0x3B, 0xFF, 0x31, 0x00, 0x32, 0x01, 0x32,
    0x02, 0x62, 0x03, 0x62, 0x04, 0x62, 0x05, 0x62, 0x06, 0x02, 0x07, 0x02, 0x08, 0x62, 0x09, 0x22,
    0x0A, 0x52, 0x0B, 0x52, 0x0C, 0x52, 0x0D, 0x22, 0x0E, 0x62, 0x0F, 0x02, 0x10, 0x02, 0x11, 0x22,
    0x12, 0x52, 0x13, 0x22, 0x14, 0x32, 0x15, 0x32, 0x16, 0x32, 0x17, 0x32, 0x18, 0x72, 0x19, 0x32,
    0x1A, 0x32, 0x1B, 0x32, 0x1C, 0x32, 0x81, 0x00, 0x3B, 0x1D, 0x32, 0x1E, 0x32, 0x1F, 0x32, 0x20,
    0x32, 0x21, 0x62, 0x22, 0x62, 0x23, 0x62, 0x24, 0x62, 0x25, 0x62, 0x26, 0x62, 0x27, 0x22, 0x28,
    0x12, 0x29, 0x52, 0x2A, 0x52, 0x2B, 0x62, 0x2C, 0x62, 0x2D, 0x02, 0x2E, 0x02, 0x2F, 0x22, 0x30,
    0x52, 0x31, 0x22, 0x32, 0x32, 0x33, 0x02, 0x34, 0x72, 0x35, 0x72, 0x36, 0x72, 0x37, 0x32, 0x38,
    0x32, 0x39, 0x32, 0x3A, 0x32, 0x81, 0x00, 0x3B, 0x3B, 0x32, 0x3C, 0x32, 0x3D, 0x42, 0x3E, 0x32,
    0x3F, 0x62, 0x40, 0x02, 0x41, 0x62, 0x42, 0x62, 0x43, 0x62, 0x44, 0x02, 0x45, 0x62, 0x46, 0x12,
    0x47, 0x52, 0x48, 0x22, 0x49, 0x02, 0x4A, 0x02, 0x4B, 0x02, 0x4C, 0x02, 0x4D, 0x22, 0x4E, 0x72,
    0x4F, 0x22, 0x50, 0x32, 0x51, 0x32, 0x52, 0x72, 0x53, 0x72, 0x54, 0x32, 0x55, 0x32, 0x56, 0x32,
    0x57, 0x32, 0x58, 0x32, 0xFF, 0x00, 0xFF, 0x00, 0xFB, 0x00, 0x00, 0x00,
};

alignas(int) static const uint16_t shizune_hcg_tied_v3_used[601] = {
    0, 1, 2, 3, 4, 5, 6, 7, 8, 9, 10, 11, 12, 13, 14, 15,
    16, 17, 18, 19, 20, 21, 22, 23, 24, 25, 26, 27, 28, 29, 30, 31,
    32, 33, 34, 35, 36, 37, 38, 39, 40, 41, 42, 43, 44, 45, 46, 47,
    48, 49, 50, 51, 52, 53, 54, 55, 56, 57, 58, 59, 60, 61, 62, 63,
    64, 65, 66, 67, 68, 69, 70, 71, 72, 73, 74, 75, 76, 77, 78, 79,
    80, 81, 82, 83, 84, 85, 86, 87, 88, 89, 90, 91, 92, 93, 94, 95,
    96, 97, 98, 99, 100, 101, 102, 103, 104, 105, 106, 107, 617, 618, 110, 111,
    112, 113, 114, 115, 116, 117, 118, 119, 120, 121, 122, 123, 124, 125, 126, 127,
    128, 129, 130, 131, 132, 133, 134, 135, 136, 619, 620, 621, 622, 141, 142, 143,
    144, 145, 146, 147, 148, 149, 150, 151, 152, 153, 154, 155, 156, 157, 158, 159,
    160, 161, 162, 163, 164, 165, 166, 167, 623, 169, 624, 171, 172, 173, 174, 175,
    176, 177, 178, 179, 180, 181, 182, 183, 184, 185, 186, 187, 188, 189, 190, 191,
    192, 193, 194, 195, 196, 197, 625, 626, 200, 201, 202, 203, 204, 205, 206, 207,
    208, 209, 210, 211, 212, 213, 214, 215, 216, 217, 218, 219, 220, 221, 222, 223,
    224, 225, 226, 227, 228, 229, 230, 231, 232, 233, 234, 235, 236, 237, 238, 239,
    240, 241, 242, 243, 244, 245, 246, 247, 248, 249, 250, 251, 252, 253, 254, 255,
    256, 257, 258, 259, 260, 261, 262, 263, 264, 265, 266, 267, 268, 269, 270, 271,
    272, 273, 274, 275, 276, 277, 278, 279, 280, 281, 282, 283, 284, 285, 286, 287,
    288, 289, 290, 291, 292, 293, 294, 295, 296, 297, 298, 299, 300, 301, 302, 303,
    304, 305, 306, 307, 308, 309, 310, 311, 312, 313, 314, 315, 316, 317, 318, 319,
    320, 321, 322, 323, 324, 325, 326, 327, 328, 329, 330, 331, 332, 333, 334, 335,
    336, 337, 338, 339, 340, 341, 342, 343, 344, 345, 346, 347, 348, 349, 350, 351,
    352, 353, 354, 355, 356, 357, 358, 359, 360, 361, 362, 363, 364, 365, 366, 367,
    368, 369, 370, 371, 372, 373, 374, 375, 376, 377, 378, 379, 380, 381, 382, 383,
    384, 385, 386, 387, 388, 389, 390, 391, 392, 393, 394, 395, 396, 397, 398, 399,
    400, 401, 402, 403, 404, 405, 406, 407, 408, 409, 410, 411, 412, 413, 414, 415,
    416, 417, 418, 419, 420, 421, 422, 423, 424, 425, 426, 427, 428, 429, 430, 431,
    432, 433, 434, 435, 436, 437, 438, 439, 440, 441, 442, 443, 444, 445, 446, 447,
    448, 449, 450, 451, 452, 453, 454, 455, 456, 457, 458, 459, 460, 461, 462, 463,
    464, 465, 466, 467, 468, 469, 470, 471, 472, 473, 474, 475, 476, 477, 478, 479,
    480, 481, 482, 483, 484, 485, 486, 487, 488, 489, 490, 491, 492, 493, 494, 495,
    496, 497, 498, 499, 500, 501, 502, 503, 504, 505, 506, 507, 508, 509, 510, 511,
    512, 513, 514, 515, 516, 517, 518, 519, 520, 521, 522, 523, 524, 525, 526, 527,
    528, 529, 530, 531, 532, 533, 534, 535, 536, 537, 538, 539, 540, 541, 542, 543,
    544, 545, 546, 547, 548, 549, 550, 551, 552, 553, 554, 555, 556, 557, 558, 559,
    560, 561, 562, 563, 564, 565, 566, 567, 568, 569, 570, 571, 572, 573, 574, 575,
    576, 577, 578, 579, 580, 581, 582, 583, 584, 585, 586, 587, 588, 589, 590, 591,
    592, 593, 594, 595, 596, 597, 598, 599, 600,
};

alignas(int) static const unsigned char shizune_hcg_tied_v3_map_rle[1276] = {
    0x30, 0x00, 0x08, 0x00, 0xFF, 0x00, 0xFF, 0x00, 0xFB, 0x00, 0x3B, 0x01, 0x10, 0x02, 0x10, 0x03,
    0x10, 0x04, 0x10, 0x05, 0x10, 0x06, 0x50, 0x07, 0x40, 0x08, 0x40, 0x09, 0x40, 0x0A, 0x40, 0x0B,
    0x40, 0x0C, 0x40, 0x0D, 0x40, 0x0E, 0x40, 0x0F, 0x40, 0x10, 0x40, 0x11, 0x60, 0x12, 0x60, 0x13,
    0x60, 0x14, 0x40, 0x15, 0x40, 0x16, 0x40, 0x17, 0x40, 0x18, 0x40, 0x19, 0x40, 0x1A, 0x40, 0x1B,
    0x40, 0x1C, 0x40, 0x1D, 0x70, 0x1E, 0x70, 0x81, 0x00, 0x3B, 0x1F, 0x10, 0x20, 0x10, 0x21, 0x10,
    0x22, 0x10, 0x23, 0x10, 0x24, 0x50, 0x25, 0x10, 0x26, 0x10, 0x27, 0x10, 0x28, 0x50, 0x29, 0x40,
    0x2A, 0x40, 0x2B, 0x40, 0x2C, 0x40, 0x2D, 0x40, 0x2E, 0x60, 0x2F, 0x60, 0x30, 0x00, 0x31, 0x00,
    0x32, 0x00, 0x33, 0x20, 0x34, 0x40, 0x35, 0x40, 0x36, 0x40, 0x37, 0x40, 0x38, 0x40, 0x39, 0x40,
    0x3A, 0x70, 0x3B, 0x70, 0x3C, 0x70, 0x81, 0x00, 0x3B, 0x3D, 0x10, 0x3E, 0x50, 0x3F, 0x50, 0x40,
    0x10, 0x41, 0x10, 0x42, 0x10, 0x43, 0x10, 0x44, 0x10, 0x45, 0x50, 0x46, 0x50, 0x47, 0x40, 0x48,
    0x40, 0x49, 0x40, 0x4A, 0x40, 0x4B, 0x40, 0x4C, 0x60, 0x4D, 0x60, 0x4E, 0x60, 0x4F, 0x00, 0x50,
    0x00, 0x51, 0x60, 0x52, 0x40, 0x53, 0x40, 0x54, 0x40, 0x55, 0x40, 0x56, 0x40, 0x57, 0x70, 0x58,
    0x70, 0x59, 0x70, 0x5A, 0x70, 0x81, 0x00, 0x3B, 0x5B, 0x10, 0x5C, 0x50, 0x5D, 0x50, 0x5E, 0x50,
    0x5F, 0x50, 0x60, 0x10, 0x61, 0x10, 0x62, 0x10, 0x63, 0x10, 0x64, 0x50, 0x65, 0x40, 0x66, 0x40,
    0x67, 0x40, 0x68, 0x40, 0x69, 0x60, 0x6A, 0x20, 0x6B, 0x20, 0x6C, 0x20, 0x6D, 0x20, 0x6E, 0x60,
    0x6F, 0x40, 0x70, 0x30, 0x71, 0x30, 0x72, 0x30, 0x73, 0x30, 0x74, 0x40, 0x75, 0x70, 0x76, 0x70,
    0x77, 0x70, 0x78, 0x70, 0x81, 0x00, 0x3B, 0x79, 0x10, 0x7A, 0x50, 0x7B, 0x50, 0x7C, 0x50, 0x7D,
    0x50, 0x7E, 0x50, 0x7F, 0x50, 0x80, 0x50, 0x81, 0x50, 0x82, 0x50, 0x83, 0x40, 0x84, 0x40, 0x85,
    0x40, 0x86, 0x40, 0x87, 0x60, 0x88, 0x60, 0x89, 0x50, 0x8A, 0x20, 0x8B, 0x20, 0x8C, 0x20, 0x8D,
    0x40, 0x8E, 0x40, 0x8F, 0x30, 0x90, 0x30, 0x91, 0x30, 0x92, 0x30, 0x93, 0x30, 0x94, 0x70, 0x95,
    0x70, 0x96, 0x70, 0x81, 0x00, 0x3B, 0x97, 0x10, 0x98, 0x10, 0x99, 0x10, 0x9A, 0x10, 0x9B, 0x10,
    0x9C, 0x50, 0x9D, 0x40, 0x9E, 0x40, 0x9F, 0x50, 0xA0, 0x50, 0xA1, 0x40, 0xA2, 0x40, 0xA3, 0x10,
    0xA4, 0x50, 0xA5, 0x50, 0xA6, 0x20, 0xA7, 0x50, 0xA8, 0x50, 0xA9, 0x50, 0xAA, 0x20, 0xAB, 0x50,
    0xAC, 0x20, 0xAD, 0x20, 0xAE, 0x30, 0xAF, 0x30, 0xB0, 0x30, 0xB1, 0x40, 0xB2, 0x40, 0xB3, 0x40,
    0xB4, 0x30, 0x81, 0x00, 0x3B, 0xB5, 0x10, 0xB6, 0x10, 0xB7, 0x10, 0xB8, 0x10, 0xB9, 0x50, 0xBA,
    0x10, 0xBB, 0x10, 0xBC, 0x10, 0xBD, 0x50, 0xBE, 0x50, 0xBF, 0x40, 0xC0, 0x40, 0xC1, 0x10, 0xC2,
    0x50, 0xC3, 0x50, 0xC4, 0x50, 0xC5, 0x70, 0xC6, 0x20, 0xC7, 0x20, 0xC8, 0x20, 0xC9, 0x50, 0xCA,
    0x50, 0xCB, 0x70, 0xCC, 0x30, 0xCD, 0x30, 0xCE, 0x30, 0xCF, 0x30, 0xD0, 0x40, 0xD1, 0x40, 0xD2,
    0x40, 0x81, 0x00, 0x3B, 0xD3, 0x10, 0xD4, 0x10, 0xD5, 0x10, 0xD6, 0x10, 0xD7, 0x10, 0xD8, 0x40,
    0xD9, 0x40, 0xDA, 0x40, 0xDB, 0x50, 0xDC, 0x50, 0xDD, 0x40, 0xDE, 0x40, 0xDF, 0x50, 0xE0, 0x50,
    0xE1, 0x20, 0xE2, 0x50, 0xE3, 0x70, 0xE4, 0x20, 0xE5, 0x40, 0xE6, 0x20, 0xE7, 0x50, 0xE8, 0x50,
    0xE9, 0x70, 0xEA, 0x30, 0xEB, 0x30, 0xEC, 0x30, 0xED, 0x30, 0xEE, 0x30, 0xEF, 0x30, 0xF0, 0x30,
    0x81, 0x00, 0x3B, 0xF1, 0x10, 0xF2, 0x10, 0xF3, 0x10, 0xF4, 0x10, 0xF5, 0x10, 0xF6, 0x10, 0xF7,
    0x20, 0xF8, 0x40, 0xF9, 0x50, 0xFA, 0x40, 0xFB, 0x40, 0xFC, 0x40, 0xFD, 0x50, 0xFE, 0x20, 0xFF,
    0x20, 0x00, 0x21, 0x01, 0x51, 0x02, 0x21, 0x03, 0x51, 0x04, 0x21, 0x05, 0x51, 0x06, 0x51, 0x07,
    0x71, 0x08, 0x31, 0x09, 0x31, 0x0A, 0x31, 0x0B, 0x31, 0x0C, 0x31, 0x0D, 0x31, 0x0E, 0x31, 0x81,
    0x00, 0x02, 0x0F, 0x11, 0x10, 0x80, 0x11, 0x1C, 0x12, 0x11, 0x13, 0x11, 0x14, 0x11, 0x15, 0x11,
    0x16, 0x11, 0x17, 0x11, 0x18, 0x41, 0x19, 0x41, 0x1A, 0x41, 0x1B, 0x51, 0x1C, 0x51, 0x1D, 0x11,
    0x1E, 0x11, 0x1F, 0x21, 0x20, 0x80, 0x21, 0x15, 0x22, 0x11, 0x23, 0x61, 0x24, 0x61, 0x25, 0x61,
    0x26, 0x41, 0x27, 0x41, 0x28, 0x31, 0x29, 0x31, 0x2A, 0x31, 0x2B, 0x31, 0x2C, 0x31, 0x81, 0x00,
    0x3B, 0x2D, 0x11, 0x2E, 0x11, 0x2F, 0x11, 0x30, 0x11, 0x31, 0x11, 0x32, 0x11, 0x33, 0x11, 0x34,
    0x11, 0x35, 0x11, 0x36, 0x11, 0x37, 0x41, 0x38, 0x41, 0x39, 0x51, 0x3A, 0x51, 0x3B, 0x41, 0x3C,
    0x41, 0x3D, 0x41, 0x3E, 0x11, 0x3F, 0x11, 0x40, 0x11, 0x41, 0x61, 0x42, 0x01, 0x43, 0x01, 0x44,
    0x01, 0x45, 0x61, 0x46, 0x31, 0x47, 0x41, 0x48, 0x31, 0x49, 0x31, 0x4A, 0x31, 0x81, 0x00, 0x3B,
    0x4B, 0x11, 0x4C, 0x11, 0x4D, 0x11, 0x4E, 0x11, 0x4F, 0x11, 0x50, 0x11, 0x51, 0x11, 0x52, 0x11,
    0x53, 0x11, 0x54, 0x11, 0x55, 0x11, 0x56, 0x21, 0x57, 0x21, 0x58, 0x51, 0x59, 0x41, 0x5A, 0x41,
    0x5B, 0x41, 0x5C, 0x41, 0x5D, 0x11, 0x5E, 0x11, 0x5F, 0x61, 0x60, 0x01, 0x61, 0x01, 0x62, 0x01,
    0x63, 0x01, 0x64, 0x31, 0x65, 0x41, 0x66, 0x41, 0x67, 0x31, 0x68, 0x31, 0x81, 0x00, 0x3B, 0x69,
    0x41, 0x6A, 0x11, 0x6B, 0x11, 0x6C, 0x11, 0x6D, 0x11, 0x6E, 0x11, 0x6F, 0x11, 0x70, 0x11, 0x71,
    0x11, 0x72, 0x11, 0x73, 0x21, 0x74, 0x71, 0x75, 0x21, 0x76, 0x21, 0x77, 0x61, 0x78, 0x61, 0x79,
    0x21, 0x7A, 0x21, 0x7B, 0x11, 0x7C, 0x11, 0x7D, 0x61, 0x7E, 0x01, 0x7F, 0x01, 0x80, 0x01, 0x81,
    0x01, 0x82, 0x01, 0x83, 0x31, 0x84, 0x41, 0x85, 0x31, 0x86, 0x31, 0x81, 0x00, 0x3B, 0x87, 0x41,
    0x88, 0x41, 0x89, 0x41, 0x8A, 0x11, 0x8B, 0x41, 0x8C, 0x41, 0x8D, 0x41, 0x8E, 0x11, 0x8F, 0x61,
    0x90, 0x61, 0x91, 0x61, 0x92, 0x31, 0x93, 0x71, 0x94, 0x51, 0x95, 0x31, 0x96, 0x31, 0x97, 0x21,
    0x98, 0x61, 0x99, 0x11, 0x9A, 0x11, 0x9B, 0x61, 0x9C, 0x01, 0x9D, 0x01, 0x9E, 0x01, 0x9F, 0x01,
    0xA0, 0x01, 0xA1, 0x31, 0xA2, 0x41, 0xA3, 0x31, 0xA4, 0x31, 0x81, 0x00, 0x3B, 0xA5, 0x11, 0xA6,
    0x11, 0xA7, 0x11, 0xA8, 0x41, 0xA9, 0x41, 0xAA, 0x41, 0xAB, 0x11, 0xAC, 0x11, 0xAD, 0x61, 0xAE,
    0x61, 0xAF, 0x01, 0xB0, 0x01, 0xB1, 0x21, 0xB2, 0x51, 0xB3, 0x31, 0xB4, 0x71, 0xB5, 0x21, 0xB6,
    0x61, 0xB7, 0x21, 0xB8, 0x21, 0xB9, 0x21, 0xBA, 0x31, 0xBB, 0x31, 0xBC, 0x31, 0xBD, 0x31, 0xBE,
    0x31, 0xBF, 0x31, 0xC0, 0x31, 0xC1, 0x31, 0xC2, 0x31, 0x81, 0x00, 0x3B, 0xC3, 0x41, 0xC4, 0x41,
    0xC5, 0x41, 0xC6, 0x41, 0xC7, 0x61, 0xC8, 0x61, 0xC9, 0x61, 0xCA, 0x61, 0xCB, 0x61, 0xCC, 0x01,
    0xCD, 0x01, 0xCE, 0x61, 0xCF, 0x21, 0xD0, 0x51, 0xD1, 0x21, 0xD2, 0x71, 0xD3, 0x21, 0xD4, 0x01,
    0xD5, 0x51, 0xD6, 0x51, 0xD7, 0x51, 0xD8, 0x31, 0xD9, 0x31, 0xDA, 0x31, 0xDB, 0x31, 0xDC, 0x31,
    0xDD, 0x31, 0xDE, 0x31, 0xDF, 0x31, 0xE0, 0x31, 0x81, 0x00, 0x3B, 0xE1, 0x41, 0xE2, 0x41, 0xE3,
    0x31, 0xE4, 0x31, 0xE5, 0x61, 0xE6, 0x61, 0xE7, 0x61, 0xE8, 0x61, 0xE9, 0x01, 0xEA, 0x01, 0xEB,
    0x61, 0xEC, 0x51, 0xED, 0x51, 0xEE, 0x51, 0xEF, 0x71, 0xF0, 0x61, 0xF1, 0x61, 0xF2, 0x01, 0xF3,
    0x21, 0xF4, 0x51, 0xF5, 0x21, 0xF6, 0x31, 0xF7, 0x31, 0xF8, 0x01, 0xF9, 0x31, 0xFA, 0x71, 0xFB,
    0x31, 0xFC, 0x31, 0xFD, 0x31, 0xFE, 0x31, 0x81, 0x00, 0x3B, 0xFF, 0x31, 0x00, 0x32, 0x01, 0x32,
    0x02, 0x62, 0x03, 0x62, 0x04, 0x62, 0x05, 0x62, 0x06, 0x02, 0x07, 0x02, 0x08, 0x62, 0x09, 0x22,
    0x0A, 0x52, 0x0B, 0x52, 0x0C, 0x52, 0x0D, 0x22, 0x0E, 0x62, 0x0F, 0x02, 0x10, 0x02, 0x11, 0x22,
    0x12, 0x52, 0x13, 0x22, 0x14, 0x32, 0x15, 0x32, 0x16, 0x32, 0x17, 0x32, 0x18, 0x72, 0x19, 0x32,
    0x1A, 0x32, 0x1B, 0x32, 0x1C, 0x32, 0x81, 0x00, 0x3B, 0x1D, 0x32, 0x1E, 0x32, 0x1F, 0x32, 0x20,
    0x32, 0x21, 0x62, 0x22, 0x62, 0x23, 0x62, 0x24, 0x62, 0x25, 0x62, 0x26, 0x62, 0x27, 0x22, 0x28,
    0x12, 0x29, 0x52, 0x2A, 0x52, 0x2B, 0x62, 0x2C, 0x62, 0x2D, 0x02, 0x2E, 0x02, 0x2F, 0x22, 0x30,
    0x52, 0x31, 0x22, 0x32, 0x32, 0x33, 0x02, 0x34, 0x72, 0x35, 0x72, 0x36, 0x72, 0x37, 0x32, 0x38,
    0x32, 0x39, 0x32, 0x3A, 0x32, 0x81, 0x00, 0x3B, 0x3B, 0x32, 0x3C, 0x32, 0x3D, 0x42, 0x3E, 0x32,
    0x3F, 0x62, 0x40, 0x02, 0x41, 0x62, 0x42, 0x62, 0x43, 0x62, 0x44, 0x02, 0x45, 0x62, 0x46, 0x12,
    0x47, 0x52, 0x48, 0x22, 0x49, 0x02, 0x4A, 0x02, 0x4B, 0x02, 0x4C, 0x02, 0x4D, 0x22, 0x4E, 0x72,
    0x4F, 0x22, 0x50, 0x32, 0x51, 0x32, 0x52, 0x72, 0x53, 0x72, 0x54, 0x32, 0x55, 0x32, 0x56, 0x32,
    0x57, 0x32, 0x58, 0x32, 0xFF, 0x00, 0xFF, 0x00, 0xFB, 0x00, 0x00, 0x00,
};

alignas(int) static const uint16_t shizune_hcg_tied_v4_used[601] = {
    0, 1, 2, 3, 4, 5, 6, 7, 8, 9, 10, 11, 12, 13, 14, 15,
    627, 628, 629, 630, 631, 632, 22, 23, 24, 25, 26, 27, 28, 29, 30, 31,
    32, 33, 34, 35, 36, 37, 38, 39, 40, 41, 42, 43, 44, 633, 634, 635,
    636, 637, 638, 639, 52, 53, 54, 55, 56, 57, 58, 59, 60, 61, 62, 63,
    64, 65, 66, 67, 68, 69, 70, 71, 72, 73, 74, 640, 641, 642, 643, 644,
    645, 646, 647, 83, 84, 85, 86, 87, 88, 89, 90, 91, 92, 93, 94, 95,
    96, 97, 98, 99, 100, 101, 102, 103, 648, 649, 650, 651, 652, 653, 654, 655,
    656, 113, 114, 115, 116, 117, 118, 119, 120, 121, 122, 123, 124, 125, 126, 127,
    128, 129, 130, 131, 132, 133, 657, 658, 659, 660, 661, 662, 663, 664, 142, 143,
    144, 145, 146, 147, 148, 149, 150, 151, 152, 153, 154, 155, 156, 157, 158, 159,
    160, 161, 162, 665, 666, 667, 668, 669, 670, 671, 672, 673, 172, 173, 174, 175,
    176, 177, 178, 179, 180, 181, 182, 183, 184, 185, 186, 187, 188, 189, 190, 191,
    192, 674, 675, 676, 677, 678, 679, 680, 681, 201, 202, 203, 204, 205, 206, 207,
    208, 209, 210, 211, 212, 213, 214, 215, 216, 217, 218, 219, 220, 221, 682, 683,
    684, 685, 686, 687, 688, 689, 690, 691, 232, 233, 234, 235, 236, 237, 238, 239,
    240, 241, 242, 243, 244, 245, 246, 247, 248, 249, 250, 251, 692, 693, 694, 695,
    696, 697, 698, 699, 700, 701, 702, 263, 264, 265, 266, 267, 268, 269, 270, 271,
    272, 273, 274, 275, 276, 277, 278, 279, 280, 281, 703, 704, 705, 706, 707, 708,
    709, 710, 711, 712, 713, 293, 294, 295, 296, 297, 298, 299, 300, 301, 302, 303,
    304, 305, 306, 307, 308, 309, 310, 311, 714, 715, 716, 717, 718, 719, 720, 721,
    320, 321, 322, 323, 324, 722, 723, 327, 328, 329, 330, 331, 332, 333, 334, 335,
    336, 337, 338, 339, 340, 341, 724, 725, 726, 727, 728, 729, 730, 731, 350, 351,
    352, 353, 354, 355, 732, 733, 358, 359, 360, 361, 362, 363, 364, 365, 366, 367,
    368, 369, 734, 735, 736, 737, 738, 739, 740, 741, 742, 743, 380, 381, 382, 383,
    384, 385, 744, 745, 388, 389, 390, 391, 392, 393, 394, 395, 396, 397, 746, 747,
    748, 749, 750, 751, 752, 753, 754, 755, 756, 409, 410, 411, 412, 413, 414, 415,
    416, 417, 418, 419, 420, 421, 422, 423, 424, 425, 426, 427, 757, 758, 759, 760,
    761, 762, 763, 764, 765, 766, 438, 439, 440, 441, 442, 443, 444, 445, 446, 447,
    448, 449, 450, 451, 452, 453, 454, 455, 456, 767, 768, 769, 770, 771, 772, 773,
    774, 775, 776, 777, 468, 469, 470, 471, 472, 473, 474, 475, 476, 477, 478, 479,
    480, 481, 482, 483, 484, 485, 778, 779, 780, 781, 782, 783, 784, 785, 786, 787,
    788, 789, 498, 499, 500, 501, 502, 503, 504, 505, 506, 507, 508, 509, 510, 511,
    512, 513, 514, 515, 790, 791, 792, 793, 794, 795, 796, 797, 798, 799, 800, 801,
    528, 529, 530, 531, 532, 533, 534, 535, 536, 537, 538, 539, 540, 541, 542, 543,
    802, 803, 804, 805, 806, 807, 808, 809, 810, 811, 812, 813, 814, 815, 558, 559,
    560, 561, 562, 563, 564, 565, 566, 567, 568, 569, 570, 571, 572, 573, 574, 575,
    576, 816, 817, 818, 819, 820, 821, 822, 823, 824, 825, 826, 588, 589, 590, 591,
    592, 593, 594, 595, 596, 597, 598, 599, 600,
};

alignas(int) static const unsigned char shizune_hcg_tied_v4_map_rle[1276] = {
    0x30, 0x00, 0x08, 0x00, 0xFF, 0x00, 0xFF, 0x00, 0xFB, 0x00, 0x3B, 0x01, 0x10, 0x02, 0x10, 0x03,
    0x10, 0x04, 0x10, 0x05, 0x10, 0x06, 0x50, 0x07, 0x40, 0x08, 0x40, 0x09, 0x40, 0x0A, 0x40, 0x0B,
    0x40, 0x0C, 0x40, 0x0D, 0x40, 0x0E, 0x40, 0x0F, 0x40, 0x10, 0x40, 0x11, 0x40, 0x12, 0x40, 0x13,
    0x40, 0x14, 0x40, 0x15, 0x40, 0x16, 0x40, 0x17, 0x40, 0x18, 0x40, 0x19, 0x40, 0x1A, 0x40, 0x1B,
    0x40, 0x1C, 0x40, 0x1D, 0x70, 0x1E, 0x70, 0x81, 0x00, 0x3B, 0x1F, 0x10, 0x20, 0x10, 0x21, 0x10,
    0x22, 0x10, 0x23, 0x10, 0x24, 0x50, 0x25, 0x10, 0x26, 0x10, 0x27, 0x10, 0x28, 0x50, 0x29, 0x40,
    0x2A, 0x40, 0x2B, 0x40, 0x2C, 0x40, 0x2D, 0x40, 0x2E, 0x40, 0x2F, 0x60, 0x30, 0x60, 0x31, 0x00,
    0x32, 0x60, 0x33, 0x20, 0x34, 0x40, 0x35, 0x40, 0x36, 0x40, 0x37, 0x40, 0x38, 0x40, 0x39, 0x40,
    0x3A, 0x70, 0x3B, 0x70, 0x3C, 0x70, 0x81, 0x00, 0x3B, 0x3D, 0x10, 0x3E, 0x50, 0x3F, 0x50, 0x40,
    0x10, 0x41, 0x10, 0x42, 0x10, 0x43, 0x10, 0x44, 0x10, 0x45, 0x50, 0x46, 0x50, 0x47, 0x40, 0x48,
    0x40, 0x49, 0x40, 0x4A, 0x40, 0x4B, 0x40, 0x4C, 0x60, 0x4D, 0x60, 0x4E, 0x00, 0x4F, 0x00, 0x50,
    0x00, 0x51, 0x60, 0x52, 0x20, 0x53, 0x40, 0x54, 0x40, 0x55, 0x40, 0x56, 0x40, 0x57, 0x70, 0x58,
    0x70, 0x59, 0x70, 0x5A, 0x70, 0x81, 0x00, 0x3B, 0x5B, 0x10, 0x5C, 0x50, 0x5D, 0x50, 0x5E, 0x50,
    0x5F, 0x50, 0x60, 0x10, 0x61, 0x10, 0x62, 0x10, 0x63, 0x10, 0x64, 0x50, 0x65, 0x40, 0x66, 0x40,
    0x67, 0x40, 0x68, 0x40, 0x69, 0x40, 0x6A, 0x60, 0x6B, 0x60, 0x6C, 0x60, 0x6D, 0x60, 0x6E, 0x60,
    0x6F, 0x40, 0x70, 0x30, 0x71, 0x30, 0x72, 0x30, 0x73, 0x30, 0x74, 0x40, 0x75, 0x70, 0x76, 0x70,
    0x77, 0x70, 0x78, 0x70, 0x81, 0x00, 0x3B, 0x79, 0x10, 0x7A, 0x50, 0x7B, 0x50, 0x7C, 0x50, 0x7D,
    0x50, 0x7E, 0x50, 0x7F, 0x50, 0x80, 0x50, 0x81, 0x50, 0x82, 0x50, 0x83, 0x40, 0x84, 0x40, 0x85,
    0x40, 0x86, 0x40, 0x87, 0x20, 0x88, 0x60, 0x89, 0x20, 0x8A, 0x20, 0x8B, 0x20, 0x8C, 0x20, 0x8D,
    0x40, 0x8E, 0x40, 0x8F, 0x30, 0x90, 0x30, 0x91, 0x30, 0x92, 0x30, 0x93, 0x30, 0x94, 0x70, 0x95,
    0x70, 0x96, 0x70, 0x81, 0x00, 0x3B, 0x97, 0x10, 0x98, 0x10, 0x99, 0x10, 0x9A, 0x10, 0x9B, 0x10,
    0x9C, 0x50, 0x9D, 0x40, 0x9E, 0x40, 0x9F, 0x50, 0xA0, 0x50, 0xA1, 0x40, 0xA2, 0x40, 0xA3, 0x40,
    0xA4, 0x40, 0xA5, 0x20, 0xA6, 0x60, 0xA7, 0x20, 0xA8, 0x50, 0xA9, 0x20, 0xAA, 0x20, 0xAB, 0x50,
    0xAC, 0x20, 0xAD, 0x20, 0xAE, 0x30, 0xAF, 0x30, 0xB0, 0x30, 0xB1, 0x40, 0xB2, 0x40, 0xB3, 0x40,
    0xB4, 0x30, 0x81, 0x00, 0x3B, 0xB5, 0x10, 0xB6, 0x10, 0xB7, 0x10, 0xB8, 0x10, 0xB9, 0x50, 0xBA,
    0x10, 0xBB, 0x10, 0xBC, 0x10, 0xBD, 0x50, 0xBE, 0x50, 0xBF, 0x40, 0xC0, 0x40, 0xC1, 0x40, 0xC2,
    0x40, 0xC3, 0x50, 0xC4, 0x20, 0xC5, 0x20, 0xC6, 0x50, 0xC7, 0x50, 0xC8, 0x50, 0xC9, 0x50, 0xCA,
    0x50, 0xCB, 0x70, 0xCC, 0x30, 0xCD, 0x30, 0xCE, 0x30, 0xCF, 0x30, 0xD0, 0x40, 0xD1, 0x40, 0xD2,
    0x40, 0x81, 0x00, 0x3B, 0xD3, 0x10, 0xD4, 0x10, 0xD5, 0x10, 0xD6, 0x10, 0xD7, 0x10, 0xD8, 0x40,
    0xD9, 0x40, 0xDA, 0x40, 0xDB, 0x50, 0xDC, 0x50, 0xDD, 0x40, 0xDE, 0x40, 0xDF, 0x40, 0xE0, 0x50,
    0xE1, 0x50, 0xE2, 0x50, 0xE3, 0x50, 0xE4, 0x70, 0xE5, 0x20, 0xE6, 0x20, 0xE7, 0x50, 0xE8, 0x50,
    0xE9, 0x70, 0xEA, 0x30, 0xEB, 0x30, 0xEC, 0x30, 0xED, 0x30, 0xEE, 0x30, 0xEF, 0x30, 0xF0, 0x30,
    0x81, 0x00, 0x3B, 0xF1, 0x10, 0xF2, 0x10, 0xF3, 0x10, 0xF4, 0x10, 0xF5, 0x10, 0xF6, 0x10, 0xF7,
    0x20, 0xF8, 0x40, 0xF9, 0x50, 0xFA, 0x40, 0xFB, 0x40, 0xFC, 0x40, 0xFD, 0x40, 0xFE, 0x50, 0xFF,
    0x50, 0x00, 0x21, 0x01, 0x51, 0x02, 0x51, 0x03, 0x21, 0x04, 0x51, 0x05, 0x51, 0x06, 0x51, 0x07,
    0x71, 0x08, 0x31, 0x09, 0x31, 0x0A, 0x31, 0x0B, 0x31, 0x0C, 0x31, 0x0D, 0x31, 0x0E, 0x31, 0x81,
    0x00, 0x02, 0x0F, 0x11, 0x10, 0x80, 0x11, 0x35, 0x12, 0x11, 0x13, 0x11, 0x14, 0x11, 0x15, 0x11,
    0x16, 0x11, 0x17, 0x11, 0x18, 0x41, 0x19, 0x41, 0x1A, 0x41, 0x1B, 0x41, 0x1C, 0x21, 0x1D, 0x51,
    0x1E, 0x21, 0x1F, 0x21, 0x20, 0x51, 0x21, 0x21, 0x22, 0x21, 0x23, 0x21, 0x24, 0x21, 0x25, 0x61,
    0x26, 0x41, 0x27, 0x41, 0x28, 0x31, 0x29, 0x31, 0x2A, 0x31, 0x2B, 0x31, 0x2C, 0x31, 0x81, 0x00,
    0x3B, 0x2D, 0x11, 0x2E, 0x11, 0x2F, 0x11, 0x30, 0x11, 0x31, 0x11, 0x32, 0x11, 0x33, 0x11, 0x34,
    0x11, 0x35, 0x11, 0x36, 0x11, 0x37, 0x41, 0x38, 0x41, 0x39, 0x41, 0x3A, 0x21, 0x3B, 0x51, 0x3C,
    0x51, 0x3D, 0x11, 0x3E, 0x21, 0x3F, 0x11, 0x40, 0x11, 0x41, 0x61, 0x42, 0x01, 0x43, 0x01, 0x44,
    0x01, 0x45, 0x61, 0x46, 0x21, 0x47, 0x41, 0x48, 0x31, 0x49, 0x31, 0x4A, 0x31, 0x81, 0x00, 0x3B,
    0x4B, 0x11, 0x4C, 0x11, 0x4D, 0x11, 0x4E, 0x11, 0x4F, 0x11, 0x50, 0x11, 0x51, 0x11, 0x52, 0x11,
    0x53, 0x11, 0x54, 0x11, 0x55, 0x11, 0x56, 0x41, 0x57, 0x41, 0x58, 0x11, 0x59, 0x51, 0x5A, 0x51,
    0x5B, 0x41, 0x5C, 0x21, 0x5D, 0x11, 0x5E, 0x11, 0x5F, 0x61, 0x60, 0x01, 0x61, 0x01, 0x62, 0x01,
    0x63, 0x01, 0x64, 0x21, 0x65, 0x71, 0x66, 0x41, 0x67, 0x31, 0x68, 0x31, 0x81, 0x00, 0x3B, 0x69,
    0x41, 0x6A, 0x11, 0x6B, 0x11, 0x6C, 0x11, 0x6D, 0x11, 0x6E, 0x11, 0x6F, 0x11, 0x70, 0x11, 0x71,
    0x11, 0x72, 0x11, 0x73, 0x11, 0x74, 0x41, 0x75, 0x41, 0x76, 0x61, 0x77, 0x51, 0x78, 0x51, 0x79,
    0x51, 0x7A, 0x51, 0x7B, 0x11, 0x7C, 0x11, 0x7D, 0x61, 0x7E, 0x01, 0x7F, 0x01, 0x80, 0x01, 0x81,
    0x01, 0x82, 0x01, 0x83, 0x31, 0x84, 0x41, 0x85, 0x31, 0x86, 0x31, 0x81, 0x00, 0x3B, 0x87, 0x41,
    0x88, 0x41, 0x89, 0x41, 0x8A, 0x11, 0x8B, 0x41, 0x8C, 0x41, 0x8D, 0x41, 0x8E, 0x11, 0x8F, 0x11,
    0x90, 0x11, 0x91, 0x41, 0x92, 0x41, 0x93, 0x41, 0x94, 0x71, 0x95, 0x61, 0x96, 0x51, 0x97, 0x51,
    0x98, 0x61, 0x99, 0x11, 0x9A, 0x11, 0x9B, 0x61, 0x9C, 0x01, 0x9D, 0x01, 0x9E, 0x01, 0x9F, 0x01,
    0xA0, 0x01, 0xA1, 0x31, 0xA2, 0x41, 0xA3, 0x31, 0xA4, 0x31, 0x81, 0x00, 0x3B, 0xA5, 0x11, 0xA6,
    0x11, 0xA7, 0x11, 0xA8, 0x41, 0xA9, 0x41, 0xAA, 0x41, 0xAB, 0x11, 0xAC, 0x11, 0xAD, 0x11, 0xAE,
    0x61, 0xAF, 0x61, 0xB0, 0x61, 0xB1, 0x71, 0xB2, 0x71, 0xB3, 0x31, 0xB4, 0x71, 0xB5, 0x31, 0xB6,
    0x61, 0xB7, 0x21, 0xB8, 0x21, 0xB9, 0x21, 0xBA, 0x31, 0xBB, 0x31, 0xBC, 0x31, 0xBD, 0x31, 0xBE,
    0x31, 0xBF, 0x31, 0xC0, 0x31, 0xC1, 0x31, 0xC2, 0x31, 0x81, 0x00, 0x3B, 0xC3, 0x41, 0xC4, 0x41,
    0xC5, 0x41, 0xC6, 0x41, 0xC7, 0x61, 0xC8, 0x61, 0xC9, 0x61, 0xCA, 0x41, 0xCB, 0x61, 0xCC, 0x61,
    0xCD, 0x61, 0xCE, 0x61, 0xCF, 0x01, 0xD0, 0x31, 0xD1, 0x31, 0xD2, 0x31, 0xD3, 0x31, 0xD4, 0x01,
    0xD5, 0x51, 0xD6, 0x51, 0xD7, 0x51, 0xD8, 0x31, 0xD9, 0x31, 0xDA, 0x31, 0xDB, 0x31, 0xDC, 0x31,
    0xDD, 0x31, 0xDE, 0x31, 0xDF, 0x31, 0xE0, 0x31, 0x81, 0x00, 0x3B, 0xE1, 0x41, 0xE2, 0x41, 0xE3,
    0x31, 0xE4, 0x31, 0xE5, 0x61, 0xE6, 0x61, 0xE7, 0x61, 0xE8, 0x61, 0xE9, 0x61, 0xEA, 0x61, 0xEB,
    0x61, 0xEC, 0x61, 0xED, 0x01, 0xEE, 0x61, 0xEF, 0x61, 0xF0, 0x01, 0xF1, 0x61, 0xF2, 0x01, 0xF3,
    0x21, 0xF4, 0x51, 0xF5, 0x21, 0xF6, 0x31, 0xF7, 0x31, 0xF8, 0x01, 0xF9, 0x31, 0xFA, 0x71, 0xFB,
    0x31, 0xFC, 0x31, 0xFD, 0x31, 0xFE, 0x31, 0x81, 0x00, 0x3B, 0xFF, 0x31, 0x00, 0x32, 0x01, 0x32,
    0x02, 0x62, 0x03, 0x62, 0x04, 0x62, 0x05, 0x62, 0x06, 0x62, 0x07, 0x62, 0x08, 0x62, 0x09, 0x02,
    0x0A, 0x02, 0x0B, 0x02, 0x0C, 0x22, 0x0D, 0x52, 0x0E, 0x52, 0x0F, 0x62, 0x10, 0x02, 0x11, 0x22,
    0x12, 0x52, 0x13, 0x22, 0x14, 0x32, 0x15, 0x32, 0x16, 0x32, 0x17, 0x32, 0x18, 0x72, 0x19, 0x32,
    0x1A, 0x32, 0x1B, 0x32, 0x1C, 0x32, 0x81, 0x00, 0x3B, 0x1D, 0x32, 0x1E, 0x32, 0x1F, 0x32, 0x20,
    0x32, 0x21, 0x62, 0x22, 0x62, 0x23, 0x62, 0x24, 0x62, 0x25, 0x02, 0x26, 0x02, 0x27, 0x02, 0x28,
    0x02, 0x29, 0x62, 0x2A, 0x52, 0x2B, 0x52, 0x2C, 0x52, 0x2D, 0x22, 0x2E, 0x02, 0x2F, 0x22, 0x30,
    0x52, 0x31, 0x22, 0x32, 0x32, 0x33, 0x02, 0x34, 0x72, 0x35, 0x72, 0x36, 0x72, 0x37, 0x32, 0x38,
    0x32, 0x39, 0x32, 0x3A, 0x32, 0x81, 0x00, 0x3B, 0x3B, 0x32, 0x3C, 0x32, 0x3D, 0x42, 0x3E, 0x32,
    0x3F, 0x62, 0x40, 0x02, 0x41, 0x02, 0x42, 0x62, 0x43, 0x02, 0x44, 0x02, 0x45, 0x02, 0x46, 0x62,
    0x47, 0x22, 0x48, 0x52, 0x49, 0x52, 0x4A, 0x52, 0x4B, 0x62, 0x4C, 0x02, 0x4D, 0x22, 0x4E, 0x72,
    0x4F, 0x22, 0x50, 0x32, 0x51, 0x32, 0x52, 0x72, 0x53, 0x72, 0x54, 0x32, 0x55, 0x32, 0x56, 0x32,
    0x57, 0x32, 0x58, 0x32, 0xFF, 0x00, 0xFF, 0x00, 0xFB, 0x00, 0x00, 0x00,
};

alignas(int) static const uint16_t shizune_hcg_tied_v5_used[601] = {
    0, 1, 2, 3, 4, 5, 6, 7, 8, 9, 10, 11, 12, 13, 14, 15,
    827, 828, 829, 830, 831, 832, 22, 23, 24, 25, 26, 27, 28, 29, 30, 31,
    32, 33, 34, 35, 36, 37, 38, 39, 40, 41, 42, 43, 44, 833, 834, 835,
    836, 837, 838, 839, 52, 53, 54, 55, 56, 57, 58, 59, 60, 61, 62, 63,
    64, 65, 66, 67, 68, 69, 70, 71, 72, 73, 74, 840, 841, 842, 843, 844,
    845, 846, 847, 83, 84, 85, 86, 87, 88, 89, 90, 91, 92, 93, 94, 95,
    96, 97, 98, 99, 100, 101, 102, 103, 848, 849, 850, 851, 852, 853, 854, 855,
    856, 113, 114, 115, 116, 117, 118, 119, 120, 121, 122, 123, 124, 125, 126, 127,
    128, 129, 130, 131, 132, 133, 857, 858, 859, 860, 861, 862, 863, 141, 142, 143,
    144, 145, 146, 147, 148, 149, 150, 151, 152, 153, 154, 155, 156, 157, 158, 159,
    160, 161, 162, 864, 865, 866, 867, 868, 869, 870, 871, 872, 172, 173, 174, 175,
    176, 177, 178, 179, 180, 181, 182, 183, 184, 185, 186, 187, 188, 189, 190, 191,
    192, 873, 874, 875, 677, 876, 877, 878, 879, 201, 202, 203, 204, 205, 206, 207,
    208, 209, 210, 211, 212, 213, 214, 215, 216, 217, 218, 219, 220, 221, 880, 881,
    684, 685, 882, 883, 884, 885, 886, 231, 232, 233, 234, 235, 236, 237, 238, 239,
    240, 241, 242, 243, 244, 245, 246, 247, 248, 249, 250, 251, 887, 888, 889, 695,
    890, 891, 892, 699, 893, 894, 895, 263, 264, 265, 266, 267, 268, 269, 270, 271,
    272, 273, 274, 275, 276, 277, 278, 279, 280, 281, 896, 897, 898, 899, 900, 901,
    902, 903, 711, 904, 905, 293, 294, 295, 296, 297, 298, 299, 300, 301, 302, 303,
    304, 305, 306, 307, 308, 309, 310, 311, 906, 907, 908, 909, 910, 911, 912, 913,
    320, 321, 322, 323, 324, 914, 915, 327, 328, 329, 330, 331, 332, 333, 334, 335,
    336, 337, 338, 339, 340, 341, 916, 917, 918, 919, 920, 921, 922, 923, 350, 351,
    352, 353, 354, 355, 924, 925, 358, 359, 360, 361, 362, 363, 364, 365, 366, 367,
    368, 369, 926, 927, 928, 737, 929, 930, 931, 932, 933, 934, 380, 381, 382, 383,
    384, 385, 935, 936, 388, 389, 390, 391, 392, 393, 394, 395, 396, 397, 937, 938,
    939, 940, 941, 942, 943, 944, 945, 755, 946, 409, 410, 411, 412, 413, 414, 415,
    416, 417, 418, 419, 420, 421, 422, 423, 424, 425, 426, 427, 947, 948, 759, 949,
    950, 951, 952, 953, 954, 955, 438, 439, 440, 441, 442, 443, 444, 445, 446, 447,
    448, 449, 450, 451, 452, 453, 454, 455, 456, 956, 768, 957, 958, 959, 960, 961,
    962, 963, 964, 965, 468, 469, 470, 471, 472, 473, 474, 475, 476, 477, 478, 479,
    480, 481, 482, 483, 484, 485, 778, 966, 967, 781, 968, 969, 970, 971, 786, 972,
    973, 974, 498, 499, 500, 501, 502, 503, 504, 505, 506, 507, 508, 509, 510, 511,
    512, 513, 514, 515, 975, 976, 792, 977, 978, 979, 980, 981, 798, 982, 983, 984,
    528, 529, 530, 531, 532, 533, 534, 535, 536, 537, 538, 539, 540, 541, 542, 543,
    544, 985, 986, 987, 988, 989, 990, 991, 992, 993, 994, 995, 996, 997, 558, 559,
    560, 561, 562, 563, 564, 565, 566, 567, 568, 569, 570, 571, 572, 573, 574, 575,
    576, 998, 999, 1000, 1001, 1002, 1003, 1004, 1005, 1006, 1007, 1008, 588, 589, 590, 591,
    592, 593, 594, 595, 596, 597, 598, 599, 600,
};

alignas(int) static const unsigned char shizune_hcg_tied_v5_map_rle[1276] = {
    0x30, 0x00, 0x08, 0x00, 0xFF, 0x00, 0xFF, 0x00, 0xFB, 0x00, 0x3B, 0x01, 0x10, 0x02, 0x10, 0x03,
    0x10, 0x04, 0x10, 0x05, 0x10, 0x06, 0x50, 0x07, 0x40, 0x08, 0x40, 0x09, 0x40, 0x0A, 0x40, 0x0B,
    0x40, 0x0C, 0x40, 0x0D, 0x40, 0x0E, 0x40, 0x0F, 0x40, 0x10, 0x40, 0x11, 0x40, 0x12, 0x40, 0x13,
    0x40, 0x14, 0x40, 0x15, 0x40, 0x16, 0x40, 0x17, 0x40, 0x18, 0x40, 0x19, 0x40, 0x1A, 0x40, 0x1B,
    0x40, 0x1C, 0x40, 0x1D, 0x70, 0x1E, 0x70, 0x81, 0x00, 0x3B, 0x1F, 0x10, 0x20, 0x10, 0x21, 0x10,
    0x22, 0x10, 0x23, 0x10, 0x24, 0x50, 0x25, 0x10, 0x26, 0x10, 0x27, 0x10, 0x28, 0x50, 0x29, 0x40,
    0x2A, 0x40, 0x2B, 0x40, 0x2C, 0x40, 0x2D, 0x40, 0x2E, 0x40, 0x2F, 0x60, 0x30, 0x60, 0x31, 0x00,
    0x32, 0x60, 0x33, 0x20, 0x34, 0x40, 0x35, 0x40, 0x36, 0x40, 0x37, 0x40, 0x38, 0x40, 0x39, 0x40,
    0x3A, 0x70, 0x3B, 0x70, 0x3C, 0x70, 0x81, 0x00, 0x3B, 0x3D, 0x10, 0x3E, 0x50, 0x3F, 0x50, 0x40,
    0x10, 0x41, 0x10, 0x42, 0x10, 0x43, 0x10, 0x44, 0x10, 0x45, 0x50, 0x46, 0x50, 0x47, 0x40, 0x48,
    0x40, 0x49, 0x40, 0x4A, 0x40, 0x4B, 0x40, 0x4C, 0x60, 0x4D, 0x60, 0x4E, 0x00, 0x4F, 0x00, 0x50,
    0x00, 0x51, 0x60, 0x52, 0x40, 0x53, 0x40, 0x54, 0x40, 0x55, 0x40, 0x56, 0x40, 0x57, 0x70, 0x58,
    0x70, 0x59, 0x70, 0x5A, 0x70, 0x81, 0x00, 0x3B, 0x5B, 0x10, 0x5C, 0x50, 0x5D, 0x50, 0x5E, 0x50,
    0x5F, 0x50, 0x60, 0x10, 0x61, 0x10, 0x62, 0x10, 0x63, 0x10, 0x64, 0x50, 0x65, 0x40, 0x66, 0x40,
    0x67, 0x40, 0x68, 0x40, 0x69, 0x40, 0x6A, 0x60, 0x6B, 0x60, 0x6C, 0x60, 0x6D, 0x60, 0x6E, 0x60,
    0x6F, 0x40, 0x70, 0x30, 0x71, 0x30, 0x72, 0x30, 0x73, 0x30, 0x74, 0x40, 0x75, 0x70, 0x76, 0x70,
    0x77, 0x70, 0x78, 0x70, 0x81, 0x00, 0x3B, 0x79, 0x10, 0x7A, 0x50, 0x7B, 0x50, 0x7C, 0x50, 0x7D,
    0x50, 0x7E, 0x50, 0x7F, 0x50, 0x80, 0x50, 0x81, 0x50, 0x82, 0x50, 0x83, 0x40, 0x84, 0x40, 0x85,
    0x40, 0x86, 0x40, 0x87, 0x20, 0x88, 0x60, 0x89, 0x20, 0x8A, 0x20, 0x8B, 0x20, 0x8C, 0x20, 0x8D,
    0x40, 0x8E, 0x40, 0x8F, 0x30, 0x90, 0x30, 0x91, 0x30, 0x92, 0x30, 0x93, 0x30, 0x94, 0x70, 0x95,
    0x70, 0x96, 0x70, 0x81, 0x00, 0x3B, 0x97, 0x10, 0x98, 0x10, 0x99, 0x10, 0x9A, 0x10, 0x9B, 0x10,
    0x9C, 0x50, 0x9D, 0x40, 0x9E, 0x40, 0x9F, 0x50, 0xA0, 0x50, 0xA1, 0x40, 0xA2, 0x40, 0xA3, 0x40,
    0xA4, 0x40, 0xA5, 0x20, 0xA6, 0x60, 0xA7, 0x20, 0xA8, 0x50, 0xA9, 0x20, 0xAA, 0x20, 0xAB, 0x50,
    0xAC, 0x20, 0xAD, 0x20, 0xAE, 0x30, 0xAF, 0x30, 0xB0, 0x30, 0xB1, 0x40, 0xB2, 0x40, 0xB3, 0x40,
    0xB4, 0x30, 0x81, 0x00, 0x3B, 0xB5, 0x10, 0xB6, 0x10, 0xB7, 0x10, 0xB8, 0x10, 0xB9, 0x50, 0xBA,
    0x10, 0xBB, 0x10, 0xBC, 0x10, 0xBD, 0x50, 0xBE, 0x50, 0xBF, 0x40, 0xC0, 0x40, 0xC1, 0x40, 0xC2,
    0x40, 0xC3, 0x50, 0xC4, 0x20, 0xC5, 0x20, 0xC6, 0x50, 0xC7, 0x50, 0xC8, 0x50, 0xC9, 0x50, 0xCA,
    0x50, 0xCB, 0x70, 0xCC, 0x30, 0xCD, 0x30, 0xCE, 0x30, 0xCF, 0x30, 0xD0, 0x40, 0xD1, 0x40, 0xD2,
    0x40, 0x81, 0x00, 0x3B, 0xD3, 0x10, 0xD4, 0x10, 0xD5, 0x10, 0xD6, 0x10, 0xD7, 0x10, 0xD8, 0x40,
    0xD9, 0x40, 0xDA, 0x40, 0xDB, 0x50, 0xDC, 0x50, 0xDD, 0x40, 0xDE, 0x40, 0xDF, 0x40, 0xE0, 0x50,
    0xE1, 0x50, 0xE2, 0x50, 0xE3, 0x50, 0xE4, 0x70, 0xE5, 0x20, 0xE6, 0x20, 0xE7, 0x50, 0xE8, 0x50,
    0xE9, 0x70, 0xEA, 0x30, 0xEB, 0x30, 0xEC, 0x30, 0xED, 0x30, 0xEE, 0x30, 0xEF, 0x30, 0xF0, 0x30,
    0x81, 0x00, 0x3B, 0xF1, 0x10, 0xF2, 0x10, 0xF3, 0x10, 0xF4, 0x10, 0xF5, 0x10, 0xF6, 0x10, 0xF7,
    0x20, 0xF8, 0x40, 0xF9, 0x50, 0xFA, 0x40, 0xFB, 0x40, 0xFC, 0x40, 0xFD, 0x40, 0xFE, 0x50, 0xFF,
    0x50, 0x00, 0x21, 0x01, 0x51, 0x02, 0x51, 0x03, 0x21, 0x04, 0x51, 0x05, 0x51, 0x06, 0x51, 0x07,
    0x71, 0x08, 0x31, 0x09, 0x31, 0x0A, 0x31, 0x0B, 0x31, 0x0C, 0x31, 0x0D, 0x31, 0x0E, 0x31, 0x81,
    0x00, 0x02, 0x0F, 0x11, 0x10, 0x80, 0x11, 0x35, 0x12, 0x11, 0x13, 0x11, 0x14, 0x11, 0x15, 0x11,
    0x16, 0x11, 0x17, 0x11, 0x18, 0x41, 0x19, 0x41, 0x1A, 0x41, 0x1B, 0x41, 0x1C, 0x21, 0x1D, 0x51,
    0x1E, 0x21, 0x1F, 0x21, 0x20, 0x51, 0x21, 0x21, 0x22, 0x21, 0x23, 0x21, 0x24, 0x21, 0x25, 0x61,
    0x26, 0x41, 0x27, 0x41, 0x28, 0x31, 0x29, 0x31, 0x2A, 0x31, 0x2B, 0x31, 0x2C, 0x31, 0x81, 0x00,
    0x3B, 0x2D, 0x11, 0x2E, 0x11, 0x2F, 0x11, 0x30, 0x11, 0x31, 0x11, 0x32, 0x11, 0x33, 0x11, 0x34,
    0x11, 0x35, 0x11, 0x36, 0x11, 0x37, 0x41, 0x38, 0x41, 0x39, 0x41, 0x3A, 0x21, 0x3B, 0x51, 0x3C,
    0x51, 0x3D, 0x11, 0x3E, 0x21, 0x3F, 0x11, 0x40, 0x11, 0x41, 0x61, 0x42, 0x01, 0x43, 0x01, 0x44,
    0x01, 0x45, 0x61, 0x46, 0x21, 0x47, 0x41, 0x48, 0x31, 0x49, 0x31, 0x4A, 0x31, 0x81, 0x00, 0x3B,
    0x4B, 0x11, 0x4C, 0x11, 0x4D, 0x11, 0x4E, 0x11, 0x4F, 0x11, 0x50, 0x11, 0x51, 0x11, 0x52, 0x11,
    0x53, 0x11, 0x54, 0x11, 0x55, 0x11, 0x56, 0x41, 0x57, 0x41, 0x58, 0x11, 0x59, 0x51, 0x5A, 0x51,
    0x5B, 0x41, 0x5C, 0x21, 0x5D, 0x11, 0x5E, 0x11, 0x5F, 0x61, 0x60, 0x01, 0x61, 0x01, 0x62, 0x01,
    0x63, 0x01, 0x64, 0x21, 0x65, 0x71, 0x66, 0x41, 0x67, 0x31, 0x68, 0x31, 0x81, 0x00, 0x3B, 0x69,
    0x41, 0x6A, 0x11, 0x6B, 0x11, 0x6C, 0x11, 0x6D, 0x11, 0x6E, 0x11, 0x6F, 0x11, 0x70, 0x11, 0x71,
    0x11, 0x72, 0x11, 0x73, 0x11, 0x74, 0x41, 0x75, 0x41, 0x76, 0x61, 0x77, 0x51, 0x78, 0x51, 0x79,
    0x51, 0x7A, 0x51, 0x7B, 0x11, 0x7C, 0x11, 0x7D, 0x61, 0x7E, 0x01, 0x7F, 0x01, 0x80, 0x01, 0x81,
    0x01, 0x82, 0x01, 0x83, 0x31, 0x84, 0x41, 0x85, 0x31, 0x86, 0x31, 0x81, 0x00, 0x3B, 0x87, 0x41,
    0x88, 0x41, 0x89, 0x41, 0x8A, 0x11, 0x8B, 0x41, 0x8C, 0x41, 0x8D, 0x41, 0x8E, 0x11, 0x8F, 0x11,
    0x90, 0x11, 0x91, 0x41, 0x92, 0x41, 0x93, 0x41, 0x94, 0x71, 0x95, 0x61, 0x96, 0x51, 0x97, 0x51,
    0x98, 0x61, 0x99, 0x11, 0x9A, 0x11, 0x9B, 0x61, 0x9C, 0x01, 0x9D, 0x01, 0x9E, 0x01, 0x9F, 0x01,
    0xA0, 0x01, 0xA1, 0x31, 0xA2, 0x41, 0xA3, 0x31, 0xA4, 0x31, 0x81, 0x00, 0x3B, 0xA5, 0x11, 0xA6,
    0x11, 0xA7, 0x11, 0xA8, 0x41, 0xA9, 0x41, 0xAA, 0x41, 0xAB, 0x11, 0xAC, 0x11, 0xAD, 0x11, 0xAE,
    0x61, 0xAF, 0x61, 0xB0, 0x61, 0xB1, 0x71, 0xB2, 0x71, 0xB3, 0x31, 0xB4, 0x71, 0xB5, 0x31, 0xB6,
    0x61, 0xB7, 0x21, 0xB8, 0x21, 0xB9, 0x21, 0xBA, 0x31, 0xBB, 0x31, 0xBC, 0x31, 0xBD, 0x31, 0xBE,
    0x31, 0xBF, 0x31, 0xC0, 0x31, 0xC1, 0x31, 0xC2, 0x31, 0x81, 0x00, 0x3B, 0xC3, 0x41, 0xC4, 0x41,
    0xC5, 0x41, 0xC6, 0x41, 0xC7, 0x61, 0xC8, 0x61, 0xC9, 0x61, 0xCA, 0x41, 0xCB, 0x61, 0xCC, 0x61,
    0xCD, 0x61, 0xCE, 0x61, 0xCF, 0x01, 0xD0, 0x31, 0xD1, 0x31, 0xD2, 0x31, 0xD3, 0x31, 0xD4, 0x01,
    0xD5, 0x51, 0xD6, 0x51, 0xD7, 0x51, 0xD8, 0x31, 0xD9, 0x31, 0xDA, 0x31, 0xDB, 0x31, 0xDC, 0x31,
    0xDD, 0x31, 0xDE, 0x31, 0xDF, 0x31, 0xE0, 0x31, 0x81, 0x00, 0x3B, 0xE1, 0x41, 0xE2, 0x41, 0xE3,
    0x31, 0xE4, 0x31, 0xE5, 0x61, 0xE6, 0x61, 0xE7, 0x61, 0xE8, 0x61, 0xE9, 0x61, 0xEA, 0x61, 0xEB,
    0x61, 0xEC, 0x61, 0xED, 0x01, 0xEE, 0x61, 0xEF, 0x61, 0xF0, 0x01, 0xF1, 0x61, 0xF2, 0x01, 0xF3,
    0x21, 0xF4, 0x51, 0xF5, 0x21, 0xF6, 0x31, 0xF7, 0x31, 0xF8, 0x01, 0xF9, 0x31, 0xFA, 0x71, 0xFB,
    0x31, 0xFC, 0x31, 0xFD, 0x31, 0xFE, 0x31, 0x81, 0x00, 0x3B, 0xFF, 0x31, 0x00, 0x32, 0x01, 0x32,
    0x02, 0x62, 0x03, 0x62, 0x04, 0x62, 0x05, 0x62, 0x06, 0x62, 0x07, 0x62, 0x08, 0x62, 0x09, 0x02,
    0x0A, 0x02, 0x0B, 0x02, 0x0C, 0x22, 0x0D, 0x52, 0x0E, 0x52, 0x0F, 0x62, 0x10, 0x02, 0x11, 0x22,
    0x12, 0x52, 0x13, 0x22, 0x14, 0x32, 0x15, 0x32, 0x16, 0x32, 0x17, 0x32, 0x18, 0x72, 0x19, 0x32,
    0x1A, 0x32, 0x1B, 0x32, 0x1C, 0x32, 0x81, 0x00, 0x3B, 0x1D, 0x32, 0x1E, 0x32, 0x1F, 0x32, 0x20,
    0x32, 0x21, 0x62, 0x22, 0x62, 0x23, 0x62, 0x24, 0x62, 0x25, 0x02, 0x26, 0x02, 0x27, 0x02, 0x28,
    0x02, 0x29, 0x62, 0x2A, 0x52, 0x2B, 0x52, 0x2C, 0x52, 0x2D, 0x22, 0x2E, 0x02, 0x2F, 0x22, 0x30,
    0x52, 0x31, 0x22, 0x32, 0x32, 0x33, 0x02, 0x34, 0x72, 0x35, 0x72, 0x36, 0x72, 0x37, 0x32, 0x38,
    0x32, 0x39, 0x32, 0x3A, 0x32, 0x81, 0x00, 0x3B, 0x3B, 0x32, 0x3C, 0x32, 0x3D, 0x42, 0x3E, 0x32,
    0x3F, 0x62, 0x40, 0x02, 0x41, 0x02, 0x42, 0x62, 0x43, 0x02, 0x44, 0x02, 0x45, 0x02, 0x46, 0x62,
    0x47, 0x22, 0x48, 0x52, 0x49, 0x52, 0x4A, 0x52, 0x4B, 0x62, 0x4C, 0x02, 0x4D, 0x22, 0x4E, 0x72,
    0x4F, 0x22, 0x50, 0x32, 0x51, 0x32, 0x52, 0x72, 0x53, 0x72, 0x54, 0x32, 0x55, 0x32, 0x56, 0x32,
    0x57, 0x32, 0x58, 0x32, 0xFF, 0x00, 0xFF, 0x00, 0xFB, 0x00, 0x00, 0x00,
};

alignas(int) static const uint16_t shizune_hcg_tied_v6_used[601] = {
    0, 1, 2, 3, 4, 5, 6, 7, 8, 9, 10, 11, 12, 13, 14, 15,
    627, 628, 629, 630, 1009, 632, 22, 23, 24, 25, 26, 27, 28, 29, 30, 31,
    32, 33, 34, 35, 36, 37, 38, 39, 40, 41, 42, 43, 44, 633, 1010, 1011,
    1012, 1013, 1014, 1015, 52, 53, 54, 55, 56, 57, 58, 59, 60, 61, 62, 63,
    64, 65, 66, 67, 68, 69, 70, 71, 72, 73, 74, 1016, 1017, 1018, 643, 1019,
    1020, 646, 647, 83, 84, 85, 86, 87, 88, 89, 90, 91, 92, 93, 94, 95,
    96, 97, 98, 99, 100, 101, 102, 103, 648, 1021, 1022, 1023, 1024, 1025, 1026, 1027,
    656, 113, 114, 115, 116, 117, 118, 119, 120, 121, 122, 123, 124, 125, 126, 127,
    128, 129, 130, 131, 132, 133, 657, 658, 1028, 1029, 1030, 1031, 1032, 141, 142, 143,
    144, 145, 146, 147, 148, 149, 150, 151, 152, 153, 154, 155, 156, 157, 158, 159,
    160, 161, 162, 665, 666, 1033, 1034, 1035, 1036, 1037, 1038, 1039, 172, 173, 174, 175,
    176, 177, 178, 179, 180, 181, 182, 183, 184, 185, 186, 187, 188, 189, 190, 191,
    192, 674, 675, 676, 677, 1040, 1041, 1042, 1043, 201, 202, 203, 204, 205, 206, 207,
    208, 209, 210, 211, 212, 213, 214, 215, 216, 217, 218, 219, 220, 221, 682, 683,
    684, 685, 1044, 1045, 1046, 1047, 1048, 231, 232, 233, 234, 235, 236, 237, 238, 239,
    240, 241, 242, 243, 244, 245, 246, 247, 248, 249, 250, 251, 692, 693, 694, 695,
    1049, 1050, 892, 1051, 700, 701, 702, 263, 264, 265, 266, 267, 268, 269, 270, 271,
    272, 273, 274, 275, 276, 277, 278, 279, 280, 281, 703, 704, 705, 706, 707, 1052,
    1053, 710, 711, 1054, 713, 293, 294, 295, 296, 297, 298, 299, 300, 301, 302, 303,
    304, 305, 306, 307, 308, 309, 310, 311, 714, 715, 716, 717, 718, 719, 720, 721,
    320, 321, 322, 323, 324, 722, 723, 327, 328, 329, 330, 331, 332, 333, 334, 335,
    336, 337, 338, 339, 340, 341, 724, 725, 726, 727, 728, 729, 730, 731, 350, 351,
    352, 353, 354, 355, 732, 733, 358, 359, 360, 361, 362, 363, 364, 365, 366, 367,
    368, 369, 734, 735, 736, 737, 738, 739, 740, 741, 742, 743, 380, 381, 382, 383,
    384, 385, 744, 745, 388, 389, 390, 391, 392, 393, 394, 395, 396, 397, 746, 747,
    748, 749, 750, 751, 752, 753, 754, 755, 756, 409, 410, 411, 412, 413, 414, 415,
    416, 417, 418, 419, 420, 421, 422, 423, 424, 425, 426, 427, 757, 758, 759, 760,
    761, 762, 763, 764, 765, 766, 438, 439, 440, 441, 442, 443, 444, 445, 446, 447,
    448, 449, 450, 451, 452, 453, 454, 455, 456, 767, 768, 769, 770, 771, 772, 773,
    774, 775, 776, 777, 468, 469, 470, 471, 472, 473, 474, 475, 476, 477, 478, 479,
    480, 481, 482, 483, 484, 485, 778, 779, 780, 781, 782, 783, 784, 785, 786, 787,
    788, 789, 498, 499, 500, 501, 502, 503, 504, 505, 506, 507, 508, 509, 510, 511,
    512, 513, 514, 515, 790, 791, 792, 793, 794, 795, 796, 797, 798, 799, 800, 801,
    528, 529, 530, 531, 532, 533, 534, 535, 536, 537, 538, 539, 540, 541, 542, 543,
    802, 803, 804, 805, 806, 807, 808, 809, 810, 811, 812, 813, 814, 815, 558, 559,
    560, 561, 562, 563, 564, 565, 566, 567, 568, 569, 570, 571, 572, 573, 574, 575,
    576, 816, 817, 818, 819, 820, 821, 822, 823, 824, 825, 826, 588, 589, 590, 591,
    592, 593, 594, 595, 596, 597, 598, 599, 600,
};

alignas(int) static const unsigned char shizune_hcg_tied_v6_map_rle[1276] = {
    0x30, 0x00, 0x08, 0x00, 0xFF, 0x00, 0xFF, 0x00, 0xFB, 0x00, 0x3B, 0x01, 0x10, 0x02, 0x10, 0x03,
    0x10, 0x04, 0x10, 0x05, 0x10, 0x06, 0x50, 0x07, 0x40, 0x08, 0x40, 0x09, 0x40, 0x0A, 0x40, 0x0B,
    0x40, 0x0C, 0x40, 0x0D, 0x40, 0x0E, 0x40, 0x0F, 0x40, 0x10, 0x40, 0x11, 0x40, 0x12, 0x40, 0x13,
    0x40, 0x14, 0x40, 0x15, 0x40, 0x16, 0x40, 0x17, 0x40, 0x18, 0x40, 0x19, 0x40, 0x1A, 0x40, 0x1B,
    0x40, 0x1C, 0x40, 0x1D, 0x70, 0x1E, 0x70, 0x81, 0x00, 0x3B, 0x1F, 0x10, 0x20, 0x10, 0x21, 0x10,
    0x22, 0x10, 0x23, 0x10, 0x24, 0x50, 0x25, 0x10, 0x26, 0x10, 0x27, 0x10, 0x28, 0x50, 0x29, 0x40,
    0x2A, 0x40, 0x2B, 0x40, 0x2C, 0x40, 0x2D, 0x40, 0x2E, 0x40, 0x2F, 0x60, 0x30, 0x60, 0x31, 0x00,
    0x32, 0x60, 0x33, 0x20, 0x34, 0x40, 0x35, 0x40, 0x36, 0x40, 0x37, 0x40, 0x38, 0x40, 0x39, 0x40,
    0x3A, 0x70, 0x3B, 0x70, 0x3C, 0x70, 0x81, 0x00, 0x3B, 0x3D, 0x10, 0x3E, 0x50, 0x3F, 0x50, 0x40,
    0x10, 0x41, 0x10, 0x42, 0x10, 0x43, 0x10, 0x44, 0x10, 0x45, 0x50, 0x46, 0x50, 0x47, 0x40, 0x48,
    0x40, 0x49, 0x40, 0x4A, 0x40, 0x4B, 0x40, 0x4C, 0x60, 0x4D, 0x60, 0x4E, 0x00, 0x4F, 0x00, 0x50,
    0x00, 0x51, 0x60, 0x52, 0x20, 0x53, 0x40, 0x54, 0x40, 0x55, 0x40, 0x56, 0x40, 0x57, 0x70, 0x58,
    0x70, 0x59, 0x70, 0x5A, 0x70, 0x81, 0x00, 0x3B, 0x5B, 0x10, 0x5C, 0x50, 0x5D, 0x50, 0x5E, 0x50,
    0x5F, 0x50, 0x60, 0x10, 0x61, 0x10, 0x62, 0x10, 0x63, 0x10, 0x64, 0x50, 0x65, 0x40, 0x66, 0x40,
    0x67, 0x40, 0x68, 0x40, 0x69, 0x40, 0x6A, 0x60, 0x6B, 0x60, 0x6C, 0x60, 0x6D, 0x60, 0x6E, 0x60,
    0x6F, 0x40, 0x70, 0x30, 0x71, 0x30, 0x72, 0x30, 0x73, 0x30, 0x74, 0x40, 0x75, 0x70, 0x76, 0x70,
    0x77, 0x70, 0x78, 0x70, 0x81, 0x00, 0x3B, 0x79, 0x10, 0x7A, 0x50, 0x7B, 0x50, 0x7C, 0x50, 0x7D,
    0x50, 0x7E, 0x50, 0x7F, 0x50, 0x80, 0x50, 0x81, 0x50, 0x82, 0x50, 0x83, 0x40, 0x84, 0x40, 0x85,
    0x40, 0x86, 0x40, 0x87, 0x20, 0x88, 0x60, 0x89, 0x20, 0x8A, 0x20, 0x8B, 0x20, 0x8C, 0x20, 0x8D,
    0x40, 0x8E, 0x40, 0x8F, 0x30, 0x90, 0x30, 0x91, 0x30, 0x92, 0x30, 0x93, 0x30, 0x94, 0x70, 0x95,
    0x70, 0x96, 0x70, 0x81, 0x00, 0x3B, 0x97, 0x10, 0x98, 0x10, 0x99, 0x10, 0x9A, 0x10, 0x9B, 0x10,
    0x9C, 0x50, 0x9D, 0x40, 0x9E, 0x40, 0x9F, 0x50, 0xA0, 0x50, 0xA1, 0x40, 0xA2, 0x40, 0xA3, 0x40,
    0xA4, 0x40, 0xA5, 0x20, 0xA6, 0x60, 0xA7, 0x20, 0xA8, 0x50, 0xA9, 0x20, 0xAA, 0x20, 0xAB, 0x50,
    0xAC, 0x20, 0xAD, 0x20, 0xAE, 0x30, 0xAF, 0x30, 0xB0, 0x30, 0xB1, 0x40, 0xB2, 0x40, 0xB3, 0x40,
    0xB4, 0x30, 0x81, 0x00, 0x3B, 0xB5, 0x10, 0xB6, 0x10, 0xB7, 0x10, 0xB8, 0x10, 0xB9, 0x50, 0xBA,
    0x10, 0xBB, 0x10, 0xBC, 0x10, 0xBD, 0x50, 0xBE, 0x50, 0xBF, 0x40, 0xC0, 0x40, 0xC1, 0x40, 0xC2,
    0x40, 0xC3, 0x50, 0xC4, 0x20, 0xC5, 0x20, 0xC6, 0x50, 0xC7, 0x50, 0xC8, 0x50, 0xC9, 0x50, 0xCA,
    0x50, 0xCB, 0x70, 0xCC, 0x30, 0xCD, 0x30, 0xCE, 0x30, 0xCF, 0x30, 0xD0, 0x40, 0xD1, 0x40, 0xD2,
    0x40, 0x81, 0x00, 0x3B, 0xD3, 0x10, 0xD4, 0x10, 0xD5, 0x10, 0xD6, 0x10, 0xD7, 0x10, 0xD8, 0x40,
    0xD9, 0x40, 0xDA, 0x40, 0xDB, 0x50, 0xDC, 0x50, 0xDD, 0x40, 0xDE, 0x40, 0xDF, 0x40, 0xE0, 0x50,
    0xE1, 0x50, 0xE2, 0x20, 0xE3, 0x50, 0xE4, 0x70, 0xE5, 0x20, 0xE6, 0x20, 0xE7, 0x50, 0xE8, 0x50,
    0xE9, 0x70, 0xEA, 0x30, 0xEB, 0x30, 0xEC, 0x30, 0xED, 0x30, 0xEE, 0x30, 0xEF, 0x30, 0xF0, 0x30,
    0x81, 0x00, 0x3B, 0xF1, 0x10, 0xF2, 0x10, 0xF3, 0x10, 0xF4, 0x10, 0xF5, 0x10, 0xF6, 0x10, 0xF7,
    0x20, 0xF8, 0x40, 0xF9, 0x50, 0xFA, 0x40, 0xFB, 0x40, 0xFC, 0x40, 0xFD, 0x40, 0xFE, 0x50, 0xFF,
    0x50, 0x00, 0x21, 0x01, 0x51, 0x02, 0x51, 0x03, 0x21, 0x04, 0x51, 0x05, 0x51, 0x06, 0x51, 0x07,
    0x71, 0x08, 0x31, 0x09, 0x31, 0x0A, 0x31, 0x0B, 0x31, 0x0C, 0x31, 0x0D, 0x31, 0x0E, 0x31, 0x81,
    0x00, 0x02, 0x0F, 0x11, 0x10, 0x80, 0x11, 0x35, 0x12, 0x11, 0x13, 0x11, 0x14, 0x11, 0x15, 0x11,
    0x16, 0x11, 0x17, 0x11, 0x18, 0x41, 0x19, 0x41, 0x1A, 0x41, 0x1B, 0x41, 0x1C, 0x21, 0x1D, 0x51,
    0x1E, 0x21, 0x1F, 0x21, 0x20, 0x51, 0x21, 0x21, 0x22, 0x21, 0x23, 0x21, 0x24, 0x21, 0x25, 0x61,
    0x26, 0x41, 0x27, 0x41, 0x28, 0x31, 0x29, 0x31, 0x2A, 0x31, 0x2B, 0x31, 0x2C, 0x31, 0x81, 0x00,
    0x3B, 0x2D, 0x11, 0x2E, 0x11, 0x2F, 0x11, 0x30, 0x11, 0x31, 0x11, 0x32, 0x11, 0x33, 0x11, 0x34,
    0x11, 0x35, 0x11, 0x36, 0x11, 0x37, 0x41, 0x38, 0x41, 0x39, 0x41, 0x3A, 0x21, 0x3B, 0x51, 0x3C,
    0x51, 0x3D, 0x11, 0x3E, 0x21, 0x3F, 0x11, 0x40, 0x11, 0x41, 0x61, 0x42, 0x01, 0x43, 0x01, 0x44,
    0x01, 0x45, 0x61, 0x46, 0x21, 0x47, 0x41, 0x48, 0x31, 0x49, 0x31, 0x4A, 0x31, 0x81, 0x00, 0x3B,
    0x4B, 0x11, 0x4C, 0x11, 0x4D, 0x11, 0x4E, 0x11, 0x4F, 0x11, 0x50, 0x11, 0x51, 0x11, 0x52, 0x11,
    0x53, 0x11, 0x54, 0x11, 0x55, 0x11, 0x56, 0x41, 0x57, 0x41, 0x58, 0x11, 0x59, 0x51, 0x5A, 0x51,
    0x5B, 0x41, 0x5C, 0x21, 0x5D, 0x11, 0x5E, 0x11, 0x5F, 0x61, 0x60, 0x01, 0x61, 0x01, 0x62, 0x01,
    0x63, 0x01, 0x64, 0x21, 0x65, 0x71, 0x66, 0x41, 0x67, 0x31, 0x68, 0x31, 0x81, 0x00, 0x3B, 0x69,
    0x41, 0x6A, 0x11, 0x6B, 0x11, 0x6C, 0x11, 0x6D, 0x11, 0x6E, 0x11, 0x6F, 0x11, 0x70, 0x11, 0x71,
    0x11, 0x72, 0x11, 0x73, 0x11, 0x74, 0x41, 0x75, 0x41, 0x76, 0x61, 0x77, 0x51, 0x78, 0x51, 0x79,
    0x51, 0x7A, 0x51, 0x7B, 0x11, 0x7C, 0x11, 0x7D, 0x61, 0x7E, 0x01, 0x7F, 0x01, 0x80, 0x01, 0x81,
    0x01, 0x82, 0x01, 0x83, 0x31, 0x84, 0x41, 0x85, 0x31, 0x86, 0x31, 0x81, 0x00, 0x3B, 0x87, 0x41,
    0x88, 0x41, 0x89, 0x41, 0x8A, 0x11, 0x8B, 0x41, 0x8C, 0x41, 0x8D, 0x41, 0x8E, 0x11, 0x8F, 0x11,
    0x90, 0x11, 0x91, 0x41, 0x92, 0x41, 0x93, 0x41, 0x94, 0x71, 0x95, 0x61, 0x96, 0x51, 0x97, 0x51,
    0x98, 0x61, 0x99, 0x11, 0x9A, 0x11, 0x9B, 0x61, 0x9C, 0x01, 0x9D, 0x01, 0x9E, 0x01, 0x9F, 0x01,
    0xA0, 0x01, 0xA1, 0x31, 0xA2, 0x41, 0xA3, 0x31, 0xA4, 0x31, 0x81, 0x00, 0x3B, 0xA5, 0x11, 0xA6,
    0x11, 0xA7, 0x11, 0xA8, 0x41, 0xA9, 0x41, 0xAA, 0x41, 0xAB, 0x11, 0xAC, 0x11, 0xAD, 0x11, 0xAE,
    0x61, 0xAF, 0x61, 0xB0, 0x61, 0xB1, 0x71, 0xB2, 0x71, 0xB3, 0x31, 0xB4, 0x71, 0xB5, 0x31, 0xB6,
    0x61, 0xB7, 0x21, 0xB8, 0x21, 0xB9, 0x21, 0xBA, 0x31, 0xBB, 0x31, 0xBC, 0x31, 0xBD, 0x31, 0xBE,
    0x31, 0xBF, 0x31, 0xC0, 0x31, 0xC1, 0x31, 0xC2, 0x31, 0x81, 0x00, 0x3B, 0xC3, 0x41, 0xC4, 0x41,
    0xC5, 0x41, 0xC6, 0x41, 0xC7, 0x61, 0xC8, 0x61, 0xC9, 0x61, 0xCA, 0x41, 0xCB, 0x61, 0xCC, 0x61,
    0xCD, 0x61, 0xCE, 0x61, 0xCF, 0x01, 0xD0, 0x31, 0xD1, 0x31, 0xD2, 0x31, 0xD3, 0x31, 0xD4, 0x01,
    0xD5, 0x51, 0xD6, 0x51, 0xD7, 0x51, 0xD8, 0x31, 0xD9, 0x31, 0xDA, 0x31, 0xDB, 0x31, 0xDC, 0x31,
    0xDD, 0x31, 0xDE, 0x31, 0xDF, 0x31, 0xE0, 0x31, 0x81, 0x00, 0x3B, 0xE1, 0x41, 0xE2, 0x41, 0xE3,
    0x31, 0xE4, 0x31, 0xE5, 0x61, 0xE6, 0x61, 0xE7, 0x61, 0xE8, 0x61, 0xE9, 0x61, 0xEA, 0x61, 0xEB,
    0x61, 0xEC, 0x61, 0xED, 0x01, 0xEE, 0x61, 0xEF, 0x61, 0xF0, 0x01, 0xF1, 0x61, 0xF2, 0x01, 0xF3,
    0x21, 0xF4, 0x51, 0xF5, 0x21, 0xF6, 0x31, 0xF7, 0x31, 0xF8, 0x01, 0xF9, 0x31, 0xFA, 0x71, 0xFB,
    0x31, 0xFC, 0x31, 0xFD, 0x31, 0xFE, 0x31, 0x81, 0x00, 0x3B, 0xFF, 0x31, 0x00, 0x32, 0x01, 0x32,
    0x02, 0x62, 0x03, 0x62, 0x04, 0x62, 0x05, 0x62, 0x06, 0x62, 0x07, 0x62, 0x08, 0x62, 0x09, 0x02,
    0x0A, 0x02, 0x0B, 0x02, 0x0C, 0x22, 0x0D, 0x52, 0x0E, 0x52, 0x0F, 0x62, 0x10, 0x02, 0x11, 0x22,
    0x12, 0x52, 0x13, 0x22, 0x14, 0x32, 0x15, 0x32, 0x16, 0x32, 0x17, 0x32, 0x18, 0x72, 0x19, 0x32,
    0x1A, 0x32, 0x1B, 0x32, 0x1C, 0x32, 0x81, 0x00, 0x3B, 0x1D, 0x32, 0x1E, 0x32, 0x1F, 0x32, 0x20,
    0x32, 0x21, 0x62, 0x22, 0x62, 0x23, 0x62, 0x24, 0x62, 0x25, 0x02, 0x26, 0x02, 0x27, 0x02, 0x28,
    0x02, 0x29, 0x62, 0x2A, 0x52, 0x2B, 0x52, 0x2C, 0x52, 0x2D, 0x22, 0x2E, 0x02, 0x2F, 0x22, 0x30,
    0x52, 0x31, 0x22, 0x32, 0x32, 0x33, 0x02, 0x34, 0x72, 0x35, 0x72, 0x36, 0x72, 0x37, 0x32, 0x38,
    0x32, 0x39, 0x32, 0x3A, 0x32, 0x81, 0x00, 0x3B, 0x3B, 0x32, 0x3C, 0x32, 0x3D, 0x42, 0x3E, 0x32,
    0x3F, 0x62, 0x40, 0x02, 0x41, 0x02, 0x42, 0x62, 0x43, 0x02, 0x44, 0x02, 0x45, 0x02, 0x46, 0x62,
    0x47, 0x22, 0x48, 0x52, 0x49, 0x52, 0x4A, 0x52, 0x4B, 0x62, 0x4C, 0x02, 0x4D, 0x22, 0x4E, 0x72,
    0x4F, 0x22, 0x50, 0x32, 0x51, 0x32, 0x52, 0x72, 0x53, 0x72, 0x54, 0x32, 0x55, 0x32, 0x56, 0x32,
    0x57, 0x32, 0x58, 0x32, 0xFF, 0x00, 0xFF, 0x00, 0xFB, 0x00, 0x00, 0x00,
};

alignas(int) static const uint16_t shizune_hcg_tied_v7_used[601] = {
    0, 1, 2, 3, 4, 5, 6, 7, 8, 9, 10, 11, 12, 13, 14, 15,
    627, 628, 629, 630, 631, 632, 22, 23, 24, 25, 26, 27, 28, 29, 30, 31,
    32, 33, 34, 35, 36, 37, 38, 39, 40, 41, 42, 43, 44, 633, 634, 635,
    636, 637, 638, 639, 52, 53, 54, 55, 56, 57, 58, 59, 60, 61, 62, 63,
    64, 65, 66, 67, 68, 69, 70, 71, 72, 73, 74, 640, 641, 642, 643, 644,
    645, 646, 647, 83, 84, 85, 86, 87, 88, 89, 90, 91, 92, 93, 94, 95,
    96, 97, 98, 99, 100, 101, 102, 103, 648, 649, 650, 651, 652, 653, 654, 655,
    656, 113, 114, 115, 116, 117, 118, 119, 120, 121, 122, 123, 124, 125, 126, 127,
    128, 129, 130, 131, 132, 133, 657, 658, 659, 660, 661, 662, 663, 141, 142, 143,
    144, 145, 146, 147, 148, 149, 150, 151, 152, 153, 154, 155, 156, 157, 158, 159,
    160, 161, 162, 665, 666, 667, 668, 669, 670, 671, 1055, 1056, 172, 173, 174, 175,
    176, 177, 178, 179, 180, 181, 182, 183, 184, 185, 186, 187, 188, 189, 190, 191,
    192, 674, 675, 676, 677, 678, 679, 680, 1057, 201, 202, 203, 204, 205, 206, 207,
    208, 209, 210, 211, 212, 213, 214, 215, 216, 217, 218, 219, 220, 221, 682, 683,
    684, 685, 686, 687, 688, 689, 1058, 231, 232, 233, 234, 235, 236, 237, 238, 239,
    240, 241, 242, 243, 244, 245, 246, 247, 248, 249, 250, 251, 692, 693, 694, 695,
    696, 697, 698, 699, 700, 701, 702, 263, 264, 265, 266, 267, 268, 269, 270, 271,
    272, 273, 274, 275, 276, 277, 278, 279, 280, 281, 703, 704, 705, 706, 707, 708,
    709, 710, 711, 712, 713, 293, 294, 295, 296, 297, 298, 299, 300, 301, 302, 303,
    304, 305, 306, 307, 308, 309, 310, 311, 714, 715, 716, 717, 718, 719, 720, 721,
    320, 321, 322, 323, 324, 722, 723, 327, 328, 329, 330, 331, 332, 333, 334, 335,
    336, 337, 338, 339, 340, 341, 724, 725, 726, 727, 728, 729, 730, 731, 350, 351,
    352, 353, 354, 355, 732, 733, 358, 359, 360, 361, 362, 363, 364, 365, 366, 367,
    368, 369, 734, 735, 736, 737, 738, 739, 740, 741, 742, 743, 380, 381, 382, 383,
    384, 385, 744, 745, 388, 389, 390, 391, 392, 393, 394, 395, 396, 397, 746, 747,
    748, 749, 750, 751, 752, 753, 754, 755, 756, 409, 410, 411, 412, 413, 414, 415,
    416, 417, 418, 419, 420, 421, 422, 423, 424, 425, 426, 427, 757, 758, 759, 760,
    761, 762, 763, 764, 765, 766, 438, 439, 440, 441, 442, 443, 444, 445, 446, 447,
    448, 449, 450, 451, 452, 453, 454, 455, 456, 767, 768, 769, 770, 771, 772, 773,
    774, 775, 776, 777, 468, 469, 470, 471, 472, 473, 474, 475, 476, 477, 478, 479,
    480, 481, 482, 483, 484, 485, 778, 779, 780, 781, 782, 783, 784, 785, 786, 787,
    788, 789, 498, 499, 500, 501, 502, 503, 504, 505, 506, 507, 508, 509, 510, 511,
    512, 513, 514, 515, 790, 791, 792, 793, 794, 795, 796, 797, 798, 799, 800, 801,
    528, 529, 530, 531, 532, 533, 534, 535, 536, 537, 538, 539, 540, 541, 542, 543,
    802, 803, 804, 805, 806, 807, 808, 809, 810, 811, 812, 813, 814, 815, 558, 559,
    560, 561, 562, 563, 564, 565, 566, 567, 568, 569, 570, 571, 572, 573, 574, 575,
    576, 816, 817, 818, 819, 820, 821, 822, 823, 824, 825, 826, 588, 589, 590, 591,
    592, 593, 594, 595, 596, 597, 598, 599, 600,
};

alignas(int) static const unsigned char shizune_hcg_tied_v7_map_rle[1276] = {
    0x30, 0x00, 0x08, 0x00, 0xFF, 0x00, 0xFF, 0x00, 0xFB, 0x00, 0x3B, 0x01, 0x10, 0x02, 0x10, 0x03,
    0x10, 0x04, 0x10, 0x05, 0x10, 0x06, 0x50, 0x07, 0x40, 0x08, 0x40, 0x09, 0x40, 0x0A, 0x40, 0x0B,
    0x40, 0x0C, 0x40, 0x0D, 0x40, 0x0E, 0x40, 0x0F, 0x40, 0x10, 0x40, 0x11, 0x40, 0x12, 0x40, 0x13,
    0x40, 0x14, 0x40, 0x15, 0x40, 0x16, 0x40, 0x17, 0x40, 0x18, 0x40, 0x19, 0x40, 0x1A, 0x40, 0x1B,
    0x40, 0x1C, 0x40, 0x1D, 0x70, 0x1E, 0x70, 0x81, 0x00, 0x3B, 0x1F, 0x10, 0x20, 0x10, 0x21, 0x10,
    0x22, 0x10, 0x23, 0x10, 0x24, 0x50, 0x25, 0x10, 0x26, 0x10, 0x27, 0x10, 0x28, 0x50, 0x29, 0x40,
    0x2A, 0x40, 0x2B, 0x40, 0x2C, 0x40, 0x2D, 0x40, 0x2E, 0x40, 0x2F, 0x60, 0x30, 0x60, 0x31, 0x00,
    0x32, 0x60, 0x33, 0x20, 0x34, 0x40, 0x35, 0x40, 0x36, 0x40, 0x37, 0x40, 0x38, 0x40, 0x39, 0x40,
    0x3A, 0x70, 0x3B, 0x70, 0x3C, 0x70, 0x81, 0x00, 0x3B, 0x3D, 0x10, 0x3E, 0x50, 0x3F, 0x50, 0x40,
    0x10, 0x41, 0x10, 0x42, 0x10, 0x43, 0x10, 0x44, 0x10, 0x45, 0x50, 0x46, 0x50, 0x47, 0x40, 0x48,
    0x40, 0x49, 0x40, 0x4A, 0x40, 0x4B, 0x40, 0x4C, 0x60, 0x4D, 0x60, 0x4E, 0x00, 0x4F, 0x00, 0x50,
    0x00, 0x51, 0x60, 0x52, 0x20, 0x53, 0x40, 0x54, 0x40, 0x55, 0x40, 0x56, 0x40, 0x57, 0x70, 0x58,
    0x70, 0x59, 0x70, 0x5A, 0x70, 0x81, 0x00, 0x3B, 0x5B, 0x10, 0x5C, 0x50, 0x5D, 0x50, 0x5E, 0x50,
    0x5F, 0x50, 0x60, 0x10, 0x61, 0x10, 0x62, 0x10, 0x63, 0x10, 0x64, 0x50, 0x65, 0x40, 0x66, 0x40,
    0x67, 0x40, 0x68, 0x40, 0x69, 0x40, 0x6A, 0x60, 0x6B, 0x60, 0x6C, 0x60, 0x6D, 0x60, 0x6E, 0x60,
    0x6F, 0x40, 0x70, 0x30, 0x71, 0x30, 0x72, 0x30, 0x73, 0x30, 0x74, 0x40, 0x75, 0x70, 0x76, 0x70,
    0x77, 0x70, 0x78, 0x70, 0x81, 0x00, 0x3B, 0x79, 0x10, 0x7A, 0x50, 0x7B, 0x50, 0x7C, 0x50, 0x7D,
    0x50, 0x7E, 0x50, 0x7F, 0x50, 0x80, 0x50, 0x81, 0x50, 0x82, 0x50, 0x83, 0x40, 0x84, 0x40, 0x85,
    0x40, 0x86, 0x40, 0x87, 0x20, 0x88, 0x60, 0x89, 0x20, 0x8A, 0x20, 0x8B, 0x20, 0x8C, 0x20, 0x8D,
    0x40, 0x8E, 0x40, 0x8F, 0x30, 0x90, 0x30, 0x91, 0x30, 0x92, 0x30, 0x93, 0x30, 0x94, 0x70, 0x95,
    0x70, 0x96, 0x70, 0x81, 0x00, 0x3B, 0x97, 0x10, 0x98, 0x10, 0x99, 0x10, 0x9A, 0x10, 0x9B, 0x10,
    0x9C, 0x50, 0x9D, 0x40, 0x9E, 0x40, 0x9F, 0x50, 0xA0, 0x50, 0xA1, 0x40, 0xA2, 0x40, 0xA3, 0x40,
    0xA4, 0x40, 0xA5, 0x20, 0xA6, 0x60, 0xA7, 0x20, 0xA8, 0x50, 0xA9, 0x20, 0xAA, 0x20, 0xAB, 0x50,
    0xAC, 0x20, 0xAD, 0x20, 0xAE, 0x30, 0xAF, 0x30, 0xB0, 0x30, 0xB1, 0x40, 0xB2, 0x40, 0xB3, 0x40,
    0xB4, 0x30, 0x81, 0x00, 0x3B, 0xB5, 0x10, 0xB6, 0x10, 0xB7, 0x10, 0xB8, 0x10, 0xB9, 0x50, 0xBA,
    0x10, 0xBB, 0x10, 0xBC, 0x10, 0xBD, 0x50, 0xBE, 0x50, 0xBF, 0x40, 0xC0, 0x40, 0xC1, 0x40, 0xC2,
    0x40, 0xC3, 0x50, 0xC4, 0x20, 0xC5, 0x20, 0xC6, 0x50, 0xC7, 0x50, 0xC8, 0x50, 0xC9, 0x50, 0xCA,
    0x50, 0xCB, 0x70, 0xCC, 0x30, 0xCD, 0x30, 0xCE, 0x30, 0xCF, 0x30, 0xD0, 0x40, 0xD1, 0x40, 0xD2,
    0x40, 0x81, 0x00, 0x3B, 0xD3, 0x10, 0xD4, 0x10, 0xD5, 0x10, 0xD6, 0x10, 0xD7, 0x10, 0xD8, 0x40,
    0xD9, 0x40, 0xDA, 0x40, 0xDB, 0x50, 0xDC, 0x50, 0xDD, 0x40, 0xDE, 0x40, 0xDF, 0x40, 0xE0, 0x50,
    0xE1, 0x50, 0xE2, 0x50, 0xE3, 0x50, 0xE4, 0x70, 0xE5, 0x20, 0xE6, 0x20, 0xE7, 0x50, 0xE8, 0x50,
    0xE9, 0x70, 0xEA, 0x30, 0xEB, 0x30, 0xEC, 0x30, 0xED, 0x30, 0xEE, 0x30, 0xEF, 0x30, 0xF0, 0x30,
    0x81, 0x00, 0x3B, 0xF1, 0x10, 0xF2, 0x10, 0xF3, 0x10, 0xF4, 0x10, 0xF5, 0x10, 0xF6, 0x10, 0xF7,
    0x20, 0xF8, 0x40, 0xF9, 0x50, 0xFA, 0x40, 0xFB, 0x40, 0xFC, 0x40, 0xFD, 0x40, 0xFE, 0x50, 0xFF,
    0x50, 0x00, 0x21, 0x01, 0x51, 0x02, 0x51, 0x03, 0x21, 0x04, 0x51, 0x05, 0x51, 0x06, 0x51, 0x07,
    0x71, 0x08, 0x31, 0x09, 0x31, 0x0A, 0x31, 0x0B, 0x31, 0x0C, 0x31, 0x0D, 0x31, 0x0E, 0x31, 0x81,
    0x00, 0x02, 0x0F, 0x11, 0x10, 0x80, 0x11, 0x35, 0x12, 0x11, 0x13, 0x11, 0x14, 0x11, 0x15, 0x11,
    0x16, 0x11, 0x17, 0x11, 0x18, 0x41, 0x19, 0x41, 0x1A, 0x41, 0x1B, 0x41, 0x1C, 0x21, 0x1D, 0x51,
    0x1E, 0x21, 0x1F, 0x21, 0x20, 0x51, 0x21, 0x21, 0x22, 0x21, 0x23, 0x21, 0x24, 0x21, 0x25, 0x61,
    0x26, 0x41, 0x27, 0x41, 0x28, 0x31, 0x29, 0x31, 0x2A, 0x31, 0x2B, 0x31, 0x2C, 0x31, 0x81, 0x00,
    0x3B, 0x2D, 0x11, 0x2E, 0x11, 0x2F, 0x11, 0x30, 0x11, 0x31, 0x11, 0x32, 0x11, 0x33, 0x11, 0x34,
    0x11, 0x35, 0x11, 0x36, 0x11, 0x37, 0x41, 0x38, 0x41, 0x39, 0x41, 0x3A, 0x21, 0x3B, 0x51, 0x3C,
    0x51, 0x3D, 0x11, 0x3E, 0x21, 0x3F, 0x11, 0x40, 0x11, 0x41, 0x61, 0x42, 0x01, 0x43, 0x01, 0x44,
    0x01, 0x45, 0x61, 0x46, 0x21, 0x47, 0x41, 0x48, 0x31, 0x49, 0x31, 0x4A, 0x31, 0x81, 0x00, 0x3B,
    0x4B, 0x11, 0x4C, 0x11, 0x4D, 0x11, 0x4E, 0x11, 0x4F, 0x11, 0x50, 0x11, 0x51, 0x11, 0x52, 0x11,
    0x53, 0x11, 0x54, 0x11, 0x55, 0x11, 0x56, 0x41, 0x57, 0x41, 0x58, 0x11, 0x59, 0x51, 0x5A, 0x51,
    0x5B, 0x41, 0x5C, 0x21, 0x5D, 0x11, 0x5E, 0x11, 0x5F, 0x61, 0x60, 0x01, 0x61, 0x01, 0x62, 0x01,
    0x63, 0x01, 0x64, 0x21, 0x65, 0x71, 0x66, 0x41, 0x67, 0x31, 0x68, 0x31, 0x81, 0x00, 0x3B, 0x69,
    0x41, 0x6A, 0x11, 0x6B, 0x11, 0x6C, 0x11, 0x6D, 0x11, 0x6E, 0x11, 0x6F, 0x11, 0x70, 0x11, 0x71,
    0x11, 0x72, 0x11, 0x73, 0x11, 0x74, 0x41, 0x75, 0x41, 0x76, 0x61, 0x77, 0x51, 0x78, 0x51, 0x79,
    0x51, 0x7A, 0x51, 0x7B, 0x11, 0x7C, 0x11, 0x7D, 0x61, 0x7E, 0x01, 0x7F, 0x01, 0x80, 0x01, 0x81,
    0x01, 0x82, 0x01, 0x83, 0x31, 0x84, 0x41, 0x85, 0x31, 0x86, 0x31, 0x81, 0x00, 0x3B, 0x87, 0x41,
    0x88, 0x41, 0x89, 0x41, 0x8A, 0x11, 0x8B, 0x41, 0x8C, 0x41, 0x8D, 0x41, 0x8E, 0x11, 0x8F, 0x11,
    0x90, 0x11, 0x91, 0x41, 0x92, 0x41, 0x93, 0x41, 0x94, 0x71, 0x95, 0x61, 0x96, 0x51, 0x97, 0x51,
    0x98, 0x61, 0x99, 0x11, 0x9A, 0x11, 0x9B, 0x61, 0x9C, 0x01, 0x9D, 0x01, 0x9E, 0x01, 0x9F, 0x01,
    0xA0, 0x01, 0xA1, 0x31, 0xA2, 0x41, 0xA3, 0x31, 0xA4, 0x31, 0x81, 0x00, 0x3B, 0xA5, 0x11, 0xA6,
    0x11, 0xA7, 0x11, 0xA8, 0x41, 0xA9, 0x41, 0xAA, 0x41, 0xAB, 0x11, 0xAC, 0x11, 0xAD, 0x11, 0xAE,
    0x61, 0xAF, 0x61, 0xB0, 0x61, 0xB1, 0x71, 0xB2, 0x71, 0xB3, 0x31, 0xB4, 0x71, 0xB5, 0x31, 0xB6,
    0x61, 0xB7, 0x21, 0xB8, 0x21, 0xB9, 0x21, 0xBA, 0x31, 0xBB, 0x31, 0xBC, 0x31, 0xBD, 0x31, 0xBE,
    0x31, 0xBF, 0x31, 0xC0, 0x31, 0xC1, 0x31, 0xC2, 0x31, 0x81, 0x00, 0x3B, 0xC3, 0x41, 0xC4, 0x41,
    0xC5, 0x41, 0xC6, 0x41, 0xC7, 0x61, 0xC8, 0x61, 0xC9, 0x61, 0xCA, 0x41, 0xCB, 0x61, 0xCC, 0x61,
    0xCD, 0x61, 0xCE, 0x61, 0xCF, 0x01, 0xD0, 0x31, 0xD1, 0x31, 0xD2, 0x31, 0xD3, 0x31, 0xD4, 0x01,
    0xD5, 0x51, 0xD6, 0x51, 0xD7, 0x51, 0xD8, 0x31, 0xD9, 0x31, 0xDA, 0x31, 0xDB, 0x31, 0xDC, 0x31,
    0xDD, 0x31, 0xDE, 0x31, 0xDF, 0x31, 0xE0, 0x31, 0x81, 0x00, 0x3B, 0xE1, 0x41, 0xE2, 0x41, 0xE3,
    0x31, 0xE4, 0x31, 0xE5, 0x61, 0xE6, 0x61, 0xE7, 0x61, 0xE8, 0x61, 0xE9, 0x61, 0xEA, 0x61, 0xEB,
    0x61, 0xEC, 0x61, 0xED, 0x01, 0xEE, 0x61, 0xEF, 0x61, 0xF0, 0x01, 0xF1, 0x61, 0xF2, 0x01, 0xF3,
    0x21, 0xF4, 0x51, 0xF5, 0x21, 0xF6, 0x31, 0xF7, 0x31, 0xF8, 0x01, 0xF9, 0x31, 0xFA, 0x71, 0xFB,
    0x31, 0xFC, 0x31, 0xFD, 0x31, 0xFE, 0x31, 0x81, 0x00, 0x3B, 0xFF, 0x31, 0x00, 0x32, 0x01, 0x32,
    0x02, 0x62, 0x03, 0x62, 0x04, 0x62, 0x05, 0x62, 0x06, 0x62, 0x07, 0x62, 0x08, 0x62, 0x09, 0x02,
    0x0A, 0x02, 0x0B, 0x02, 0x0C, 0x22, 0x0D, 0x52, 0x0E, 0x52, 0x0F, 0x62, 0x10, 0x02, 0x11, 0x22,
    0x12, 0x52, 0x13, 0x22, 0x14, 0x32, 0x15, 0x32, 0x16, 0x32, 0x17, 0x32, 0x18, 0x72, 0x19, 0x32,
    0x1A, 0x32, 0x1B, 0x32, 0x1C, 0x32, 0x81, 0x00, 0x3B, 0x1D, 0x32, 0x1E, 0x32, 0x1F, 0x32, 0x20,
    0x32, 0x21, 0x62, 0x22, 0x62, 0x23, 0x62, 0x24, 0x62, 0x25, 0x02, 0x26, 0x02, 0x27, 0x02, 0x28,
    0x02, 0x29, 0x62, 0x2A, 0x52, 0x2B, 0x52, 0x2C, 0x52, 0x2D, 0x22, 0x2E, 0x02, 0x2F, 0x22, 0x30,
    0x52, 0x31, 0x22, 0x32, 0x32, 0x33, 0x02, 0x34, 0x72, 0x35, 0x72, 0x36, 0x72, 0x37, 0x32, 0x38,
    0x32, 0x39, 0x32, 0x3A, 0x32, 0x81, 0x00, 0x3B, 0x3B, 0x32, 0x3C, 0x32, 0x3D, 0x42, 0x3E, 0x32,
    0x3F, 0x62, 0x40, 0x02, 0x41, 0x02, 0x42, 0x62, 0x43, 0x02, 0x44, 0x02, 0x45, 0x02, 0x46, 0x62,
    0x47, 0x22, 0x48, 0x52, 0x49, 0x52, 0x4A, 0x52, 0x4B, 0x62, 0x4C, 0x02, 0x4D, 0x22, 0x4E, 0x72,
    0x4F, 0x22, 0x50, 0x32, 0x51, 0x32, 0x52, 0x72, 0x53, 0x72, 0x54, 0x32, 0x55, 0x32, 0x56, 0x32,
    0x57, 0x32, 0x58, 0x32, 0xFF, 0x00, 0xFF, 0x00, 0xFB, 0x00, 0x00, 0x00,
};

alignas(int) static const uint16_t shizune_hcg_tied_v8_used[601] = {
    0, 1, 2, 3, 4, 5, 6, 7, 8, 9, 10, 11, 12, 13, 14, 15,
    1059, 1060, 829, 830, 1061, 1062, 22, 23, 24, 25, 26, 27, 28, 29, 30, 31,
    32, 33, 34, 35, 36, 37, 38, 39, 40, 41, 42, 43, 44, 833, 834, 1063,
    1064, 1065, 1066, 1067, 52, 53, 54, 55, 56, 57, 58, 59, 60, 61, 62, 63,
    64, 65, 66, 67, 68, 69, 70, 71, 72, 73, 74, 840, 1068, 1069, 1070, 1071,
    1072, 1073, 1074, 83, 84, 85, 86, 87, 88, 89, 90, 91, 92, 93, 94, 95,
    96, 97, 98, 99, 100, 101, 102, 103, 1075, 1076, 850, 1077, 1078, 1079, 1080, 1081,
    1082, 113, 114, 115, 116, 117, 118, 119, 120, 121, 122, 123, 124, 125, 126, 127,
    128, 129, 130, 131, 132, 133, 1083, 658, 859, 1084, 1085, 1086, 1087, 1088, 142, 143,
    144, 145, 146, 147, 148, 149, 150, 151, 152, 153, 154, 155, 156, 157, 158, 159,
    160, 161, 162, 864, 1089, 1090, 1091, 1092, 1093, 1094, 1095, 1096, 172, 173, 174, 175,
    176, 177, 178, 179, 180, 181, 182, 183, 184, 185, 186, 187, 188, 189, 190, 191,
    192, 873, 1097, 875, 1098, 1099, 1100, 1101, 1102, 201, 202, 203, 204, 205, 206, 207,
    208, 209, 210, 211, 212, 213, 214, 215, 216, 217, 218, 219, 220, 221, 880, 881,
    684, 685, 882, 1103, 1104, 1105, 1106, 1107, 232, 233, 234, 235, 236, 237, 238, 239,
    240, 241, 242, 243, 244, 245, 246, 247, 248, 249, 250, 251, 887, 888, 889, 695,
    890, 697, 1108, 1109, 1110, 1111, 895, 263, 264, 265, 266, 267, 268, 269, 270, 271,
    272, 273, 274, 275, 276, 277, 278, 279, 280, 281, 896, 897, 898, 899, 900, 1112,
    1113, 1114, 1115, 1116, 1117, 293, 294, 295, 296, 297, 298, 299, 300, 301, 302, 303,
    304, 305, 306, 307, 308, 309, 310, 311, 906, 907, 908, 909, 1118, 1119, 1120, 1121,
    320, 321, 322, 323, 324, 914, 915, 327, 328, 329, 330, 331, 332, 333, 334, 335,
    336, 337, 338, 339, 340, 341, 916, 917, 918, 919, 920, 921, 922, 1122, 350, 351,
    352, 353, 354, 355, 924, 925, 358, 359, 360, 361, 362, 363, 364, 365, 366, 367,
    368, 369, 926, 927, 928, 737, 929, 930, 931, 932, 933, 934, 380, 381, 382, 383,
    384, 385, 935, 936, 388, 389, 390, 391, 392, 393, 394, 395, 396, 397, 937, 938,
    939, 940, 941, 942, 943, 944, 945, 755, 946, 409, 410, 411, 412, 413, 414, 415,
    416, 417, 418, 419, 420, 421, 422, 423, 424, 425, 426, 427, 947, 948, 759, 949,
    950, 951, 952, 953, 954, 955, 438, 439, 440, 441, 442, 443, 444, 445, 446, 447,
    448, 449, 450, 451, 452, 453, 454, 455, 456, 956, 768, 957, 958, 959, 960, 961,
    962, 963, 964, 965, 468, 469, 470, 471, 472, 473, 474, 475, 476, 477, 478, 479,
    480, 481, 482, 483, 484, 485, 778, 966, 967, 781, 968, 969, 970, 971, 786, 972,
    973, 974, 498, 499, 500, 501, 502, 503, 504, 505, 506, 507, 508, 509, 510, 511,
    512, 513, 514, 515, 975, 976, 792, 977, 978, 979, 980, 981, 798, 982, 983, 984,
    528, 529, 530, 531, 532, 533, 534, 535, 536, 537, 538, 539, 540, 541, 542, 543,
    544, 985, 986, 987, 988, 989, 990, 991, 992, 993, 994, 995, 996, 997, 558, 559,
    560, 561, 562, 563, 564, 565, 566, 567, 568, 569, 570, 571, 572, 573, 574, 575,
    576, 998, 999, 1000, 1001, 1002, 1003, 1004, 1005, 1006, 1007, 1008, 588, 589, 590, 591,
    592, 593, 594, 595, 596, 597, 598, 599, 600,
};

alignas(int) static const unsigned char shizune_hcg_tied_v8_map_rle[1276] = {
    0x30, 0x00, 0x08, 0x00, 0xFF, 0x00, 0xFF, 0x00, 0xFB, 0x00, 0x3B, 0x01, 0x10, 0x02, 0x10, 0x03,
    0x10, 0x04, 0x10, 0x05, 0x10, 0x06, 0x50, 0x07, 0x40, 0x08, 0x40, 0x09, 0x40, 0x0A, 0x40, 0x0B,
    0x40, 0x0C, 0x40, 0x0D, 0x40, 0x0E, 0x40, 0x0F, 0x40, 0x10, 0x40, 0x11, 0x40, 0x12, 0x40, 0x13,
    0x40, 0x14, 0x40, 0x15, 0x40, 0x16, 0x40, 0x17, 0x40, 0x18, 0x40, 0x19, 0x40, 0x1A, 0x40, 0x1B,
    0x40, 0x1C, 0x40, 0x1D, 0x70, 0x1E, 0x70, 0x81, 0x00, 0x3B, 0x1F, 0x10, 0x20, 0x10, 0x21, 0x10,
    0x22, 0x10, 0x23, 0x10, 0x24, 0x50, 0x25, 0x10, 0x26, 0x10, 0x27, 0x10, 0x28, 0x50, 0x29, 0x40,
    0x2A, 0x40, 0x2B, 0x40, 0x2C, 0x40, 0x2D, 0x40, 0x2E, 0x40, 0x2F, 0x60, 0x30, 0x60, 0x31, 0x00,
    0x32, 0x60, 0x33, 0x20, 0x34, 0x40, 0x35, 0x40, 0x36, 0x40, 0x37, 0x40, 0x38, 0x40, 0x39, 0x40,
    0x3A, 0x70, 0x3B, 0x70, 0x3C, 0x70, 0x81, 0x00, 0x3B, 0x3D, 0x10, 0x3E, 0x50, 0x3F, 0x50, 0x40,
    0x10, 0x41, 0x10, 0x42, 0x10, 0x43, 0x10, 0x44, 0x10, 0x45, 0x50, 0x46, 0x50, 0x47, 0x40, 0x48,
    0x40, 0x49, 0x40, 0x4A, 0x40, 0x4B, 0x40, 0x4C, 0x60, 0x4D, 0x60, 0x4E, 0x00, 0x4F, 0x00, 0x50,
    0x00, 0x51, 0x60, 0x52, 0x40, 0x53, 0x40, 0x54, 0x40, 0x55, 0x40, 0x56, 0x40, 0x57, 0x70, 0x58,
    0x70, 0x59, 0x70, 0x5A, 0x70, 0x81, 0x00, 0x3B, 0x5B, 0x10, 0x5C, 0x50, 0x5D, 0x50, 0x5E, 0x50,
    0x5F, 0x50, 0x60, 0x10, 0x61, 0x10, 0x62, 0x10, 0x63, 0x10, 0x64, 0x50, 0x65, 0x40, 0x66, 0x40,
    0x67, 0x40, 0x68, 0x40, 0x69, 0x40, 0x6A, 0x60, 0x6B, 0x60, 0x6C, 0x60, 0x6D, 0x60, 0x6E, 0x60,
    0x6F, 0x40, 0x70, 0x30, 0x71, 0x30, 0x72, 0x30, 0x73, 0x30, 0x74, 0x40, 0x75, 0x70, 0x76, 0x70,
    0x77, 0x70, 0x78, 0x70, 0x81, 0x00, 0x3B, 0x79, 0x10, 0x7A, 0x50, 0x7B, 0x50, 0x7C, 0x50, 0x7D,
    0x50, 0x7E, 0x50, 0x7F, 0x50, 0x80, 0x50, 0x81, 0x50, 0x82, 0x50, 0x83, 0x40, 0x84, 0x40, 0x85,
    0x40, 0x86, 0x40, 0x87, 0x20, 0x88, 0x60, 0x89, 0x20, 0x8A, 0x20, 0x8B, 0x20, 0x8C, 0x20, 0x8D,
    0x40, 0x8E, 0x40, 0x8F, 0x30, 0x90, 0x30, 0x91, 0x30, 0x92, 0x30, 0x93, 0x30, 0x94, 0x70, 0x95,
    0x70, 0x96, 0x70, 0x81, 0x00, 0x3B, 0x97, 0x10, 0x98, 0x10, 0x99, 0x10, 0x9A, 0x10, 0x9B, 0x10,
    0x9C, 0x50, 0x9D, 0x40, 0x9E, 0x40, 0x9F, 0x50, 0xA0, 0x50, 0xA1, 0x40, 0xA2, 0x40, 0xA3, 0x40,
    0xA4, 0x40, 0xA5, 0x20, 0xA6, 0x60, 0xA7, 0x20, 0xA8, 0x50, 0xA9, 0x20, 0xAA, 0x20, 0xAB, 0x50,
    0xAC, 0x20, 0xAD, 0x20, 0xAE, 0x30, 0xAF, 0x30, 0xB0, 0x30, 0xB1, 0x40, 0xB2, 0x40, 0xB3, 0x40,
    0xB4, 0x30, 0x81, 0x00, 0x3B, 0xB5, 0x10, 0xB6, 0x10, 0xB7, 0x10, 0xB8, 0x10, 0xB9, 0x50, 0xBA,
    0x10, 0xBB, 0x10, 0xBC, 0x10, 0xBD, 0x50, 0xBE, 0x50, 0xBF, 0x40, 0xC0, 0x40, 0xC1, 0x40, 0xC2,
    0x40, 0xC3, 0x50, 0xC4, 0x20, 0xC5, 0x20, 0xC6, 0x50, 0xC7, 0x50, 0xC8, 0x50, 0xC9, 0x50, 0xCA,
    0x50, 0xCB, 0x70, 0xCC, 0x30, 0xCD, 0x30, 0xCE, 0x30, 0xCF, 0x30, 0xD0, 0x40, 0xD1, 0x40, 0xD2,
    0x40, 0x81, 0x00, 0x3B, 0xD3, 0x10, 0xD4, 0x10, 0xD5, 0x10, 0xD6, 0x10, 0xD7, 0x10, 0xD8, 0x40,
    0xD9, 0x40, 0xDA, 0x40, 0xDB, 0x50, 0xDC, 0x50, 0xDD, 0x40, 0xDE, 0x40, 0xDF, 0x40, 0xE0, 0x50,
    0xE1, 0x50, 0xE2, 0x50, 0xE3, 0x50, 0xE4, 0x70, 0xE5, 0x20, 0xE6, 0x20, 0xE7, 0x50, 0xE8, 0x50,
    0xE9, 0x70, 0xEA, 0x30, 0xEB, 0x30, 0xEC, 0x30, 0xED, 0x30, 0xEE, 0x30, 0xEF, 0x30, 0xF0, 0x30,
    0x81, 0x00, 0x3B, 0xF1, 0x10, 0xF2, 0x10, 0xF3, 0x10, 0xF4, 0x10, 0xF5, 0x10, 0xF6, 0x10, 0xF7,
    0x20, 0xF8, 0x40, 0xF9, 0x50, 0xFA, 0x40, 0xFB, 0x40, 0xFC, 0x40, 0xFD, 0x40, 0xFE, 0x50, 0xFF,
    0x50, 0x00, 0x21, 0x01, 0x51, 0x02, 0x51, 0x03, 0x21, 0x04, 0x51, 0x05, 0x51, 0x06, 0x51, 0x07,
    0x71, 0x08, 0x31, 0x09, 0x31, 0x0A, 0x31, 0x0B, 0x31, 0x0C, 0x31, 0x0D, 0x31, 0x0E, 0x31, 0x81,
    0x00, 0x02, 0x0F, 0x11, 0x10, 0x80, 0x11, 0x35, 0x12, 0x11, 0x13, 0x11, 0x14, 0x11, 0x15, 0x11,
    0x16, 0x11, 0x17, 0x11, 0x18, 0x41, 0x19, 0x41, 0x1A, 0x41, 0x1B, 0x41, 0x1C, 0x21, 0x1D, 0x51,
    0x1E, 0x21, 0x1F, 0x21, 0x20, 0x51, 0x21, 0x21, 0x22, 0x21, 0x23, 0x21, 0x24, 0x21, 0x25, 0x61,
    0x26, 0x41, 0x27, 0x41, 0x28, 0x31, 0x29, 0x31, 0x2A, 0x31, 0x2B, 0x31, 0x2C, 0x31, 0x81, 0x00,
    0x3B, 0x2D, 0x11, 0x2E, 0x11, 0x2F, 0x11, 0x30, 0x11, 0x31, 0x11, 0x32, 0x11, 0x33, 0x11, 0x34,
    0x11, 0x35, 0x11, 0x36, 0x11, 0x37, 0x41, 0x38, 0x41, 0x39, 0x41, 0x3A, 0x21, 0x3B, 0x51, 0x3C,
    0x51, 0x3D, 0x11, 0x3E, 0x21, 0x3F, 0x11, 0x40, 0x11, 0x41, 0x61, 0x42, 0x01, 0x43, 0x01, 0x44,
    0x01, 0x45, 0x61, 0x46, 0x21, 0x47, 0x41, 0x48, 0x31, 0x49, 0x31, 0x4A, 0x31, 0x81, 0x00, 0x3B,
    0x4B, 0x11, 0x4C, 0x11, 0x4D, 0x11, 0x4E, 0x11, 0x4F, 0x11, 0x50, 0x11, 0x51, 0x11, 0x52, 0x11,
    0x53, 0x11, 0x54, 0x11, 0x55, 0x11, 0x56, 0x41, 0x57, 0x41, 0x58, 0x11, 0x59, 0x51, 0x5A, 0x51,
    0x5B, 0x41, 0x5C, 0x21, 0x5D, 0x11, 0x5E, 0x11, 0x5F, 0x61, 0x60, 0x01, 0x61, 0x01, 0x62, 0x01,
    0x63, 0x01, 0x64, 0x21, 0x65, 0x71, 0x66, 0x41, 0x67, 0x31, 0x68, 0x31, 0x81, 0x00, 0x3B, 0x69,
    0x41, 0x6A, 0x11, 0x6B, 0x11, 0x6C, 0x11, 0x6D, 0x11, 0x6E, 0x11, 0x6F, 0x11, 0x70, 0x11, 0x71,
    0x11, 0x72, 0x11, 0x73, 0x11, 0x74, 0x41, 0x75, 0x41, 0x76, 0x61, 0x77, 0x51, 0x78, 0x51, 0x79,
    0x51, 0x7A, 0x51, 0x7B, 0x11, 0x7C, 0x11, 0x7D, 0x61, 0x7E, 0x01, 0x7F, 0x01, 0x80, 0x01, 0x81,
    0x01, 0x82, 0x01, 0x83, 0x31, 0x84, 0x41, 0x85, 0x31, 0x86, 0x31, 0x81, 0x00, 0x3B, 0x87, 0x41,
    0x88, 0x41, 0x89, 0x41, 0x8A, 0x11, 0x8B, 0x41, 0x8C, 0x41, 0x8D, 0x41, 0x8E, 0x11, 0x8F, 0x11,
    0x90, 0x11, 0x91, 0x41, 0x92, 0x41, 0x93, 0x41, 0x94, 0x71, 0x95, 0x61, 0x96, 0x51, 0x97, 0x51,
    0x98, 0x61, 0x99, 0x11, 0x9A, 0x11, 0x9B, 0x61, 0x9C, 0x01, 0x9D, 0x01, 0x9E, 0x01, 0x9F, 0x01,
    0xA0, 0x01, 0xA1, 0x31, 0xA2, 0x41, 0xA3, 0x31, 0xA4, 0x31, 0x81, 0x00, 0x3B, 0xA5, 0x11, 0xA6,
    0x11, 0xA7, 0x11, 0xA8, 0x41, 0xA9, 0x41, 0xAA, 0x41, 0xAB, 0x11, 0xAC, 0x11, 0xAD, 0x11, 0xAE,
    0x61, 0xAF, 0x61, 0xB0, 0x61, 0xB1, 0x71, 0xB2, 0x71, 0xB3, 0x31, 0xB4, 0x71, 0xB5, 0x31, 0xB6,
    0x61, 0xB7, 0x21, 0xB8, 0x21, 0xB9, 0x21, 0xBA, 0x31, 0xBB, 0x31, 0xBC, 0x31, 0xBD, 0x31, 0xBE,
    0x31, 0xBF, 0x31, 0xC0, 0x31, 0xC1, 0x31, 0xC2, 0x31, 0x81, 0x00, 0x3B, 0xC3, 0x41, 0xC4, 0x41,
    0xC5, 0x41, 0xC6, 0x41, 0xC7, 0x61, 0xC8, 0x61, 0xC9, 0x61, 0xCA, 0x41, 0xCB, 0x61, 0xCC, 0x61,
    0xCD, 0x61, 0xCE, 0x61, 0xCF, 0x01, 0xD0, 0x31, 0xD1, 0x31, 0xD2, 0x31, 0xD3, 0x31, 0xD4, 0x01,
    0xD5, 0x51, 0xD6, 0x51, 0xD7, 0x51, 0xD8, 0x31, 0xD9, 0x31, 0xDA, 0x31, 0xDB, 0x31, 0xDC, 0x31,
    0xDD, 0x31, 0xDE, 0x31, 0xDF, 0x31, 0xE0, 0x31, 0x81, 0x00, 0x3B, 0xE1, 0x41, 0xE2, 0x41, 0xE3,
    0x31, 0xE4, 0x31, 0xE5, 0x61, 0xE6, 0x61, 0xE7, 0x61, 0xE8, 0x61, 0xE9, 0x61, 0xEA, 0x61, 0xEB,
    0x61, 0xEC, 0x61, 0xED, 0x01, 0xEE, 0x61, 0xEF, 0x61, 0xF0, 0x01, 0xF1, 0x61, 0xF2, 0x01, 0xF3,
    0x21, 0xF4, 0x51, 0xF5, 0x21, 0xF6, 0x31, 0xF7, 0x31, 0xF8, 0x01, 0xF9, 0x31, 0xFA, 0x71, 0xFB,
    0x31, 0xFC, 0x31, 0xFD, 0x31, 0xFE, 0x31, 0x81, 0x00, 0x3B, 0xFF, 0x31, 0x00, 0x32, 0x01, 0x32,
    0x02, 0x62, 0x03, 0x62, 0x04, 0x62, 0x05, 0x62, 0x06, 0x62, 0x07, 0x62, 0x08, 0x62, 0x09, 0x02,
    0x0A, 0x02, 0x0B, 0x02, 0x0C, 0x22, 0x0D, 0x52, 0x0E, 0x52, 0x0F, 0x62, 0x10, 0x02, 0x11, 0x22,
    0x12, 0x52, 0x13, 0x22, 0x14, 0x32, 0x15, 0x32, 0x16, 0x32, 0x17, 0x32, 0x18, 0x72, 0x19, 0x32,
    0x1A, 0x32, 0x1B, 0x32, 0x1C, 0x32, 0x81, 0x00, 0x3B, 0x1D, 0x32, 0x1E, 0x32, 0x1F, 0x32, 0x20,
    0x32, 0x21, 0x62, 0x22, 0x62, 0x23, 0x62, 0x24, 0x62, 0x25, 0x02, 0x26, 0x02, 0x27, 0x02, 0x28,
    0x02, 0x29, 0x62, 0x2A, 0x52, 0x2B, 0x52, 0x2C, 0x52, 0x2D, 0x22, 0x2E, 0x02, 0x2F, 0x22, 0x30,
    0x52, 0x31, 0x22, 0x32, 0x32, 0x33, 0x02, 0x34, 0x72, 0x35, 0x72, 0x36, 0x72, 0x37, 0x32, 0x38,
    0x32, 0x39, 0x32, 0x3A, 0x32, 0x81, 0x00, 0x3B, 0x3B, 0x32, 0x3C, 0x32, 0x3D, 0x42, 0x3E, 0x32,
    0x3F, 0x62, 0x40, 0x02, 0x41, 0x02, 0x42, 0x62, 0x43, 0x02, 0x44, 0x02, 0x45, 0x02, 0x46, 0x62,
    0x47, 0x22, 0x48, 0x52, 0x49, 0x52, 0x4A, 0x52, 0x4B, 0x62, 0x4C, 0x02, 0x4D, 0x22, 0x4E, 0x72,
    0x4F, 0x22, 0x50, 0x32, 0x51, 0x32, 0x52, 0x72, 0x53, 0x72, 0x54, 0x32, 0x55, 0x32, 0x56, 0x32,
    0x57, 0x32, 0x58, 0x32, 0xFF, 0x00, 0xFF, 0x00, 0xFB, 0x00, 0x00, 0x00,
};

static const composite_variant shizune_hcg_tied_variants[9] = {
    { shizune_hcg_tied_v0_used, 601, shizune_hcg_tied_v0_map_rle },
    { shizune_hcg_tied_v1_used, 601, shizune_hcg_tied_v1_map_rle },
    { shizune_hcg_tied_v2_used, 601, shizune_hcg_tied_v2_map_rle },
    { shizune_hcg_tied_v3_used, 601, shizune_hcg_tied_v3_map_rle },
    { shizune_hcg_tied_v4_used, 601, shizune_hcg_tied_v4_map_rle },
    { shizune_hcg_tied_v5_used, 601, shizune_hcg_tied_v5_map_rle },
    { shizune_hcg_tied_v6_used, 601, shizune_hcg_tied_v6_map_rle },
    { shizune_hcg_tied_v7_used, 601, shizune_hcg_tied_v7_map_rle },
    { shizune_hcg_tied_v8_used, 601, shizune_hcg_tied_v8_map_rle },
};

extern const composite_bg_asset shizune_hcg_tied_asset = {
    /* tileset        */ &shizune_hcg_tied_tileset,
    /* palette        */ &bn::bg_palette_items::shizune_hcg_tied_palette,
    /* variants       */ shizune_hcg_tied_variants,
    /* variant_count  */ 9,
    /* max_vram_tiles */ 601,
    /* map_w_px       */ 256,
    /* map_h_px       */ 256,
    /* huge           */ false,
};

}  // namespace ks::composites
