#include "composite_bg_asset.h"
#include "bn_bg_palette_item.h"
#include "bn_regular_bg_tiles_item.h"
#include "bn_regular_bg_tiles_items_rin_pair_tiles_0.h"
#include "bn_bg_palette_items_rin_pair_palette.h"

namespace ks::composites {

static const bn::regular_bg_tiles_item* const rin_pair_slabs[1] = {
    &bn::regular_bg_tiles_items::rin_pair_tiles_0,
};

static const composite_tileset rin_pair_tileset = {
    /* slabs      */ rin_pair_slabs,
    /* slab_count */ 1,
};

alignas(int) static const uint16_t rin_pair_v0_used[601] = {
    0, 1, 2, 3, 4, 5, 6, 7, 8, 9, 10, 11, 12, 13, 14, 15,
    16, 17, 18, 19, 20, 21, 22, 23, 24, 25, 26, 27, 28, 29, 30, 31,
    32, 33, 34, 35, 36, 37, 38, 39, 40, 41, 42, 43, 44, 45, 46, 47,
    48, 49, 50, 51, 52, 53, 54, 55, 56, 57, 58, 59, 60, 61, 62, 63,
    64, 65, 66, 67, 68, 69, 70, 71, 72, 73, 74, 75, 76, 77, 78, 79,
    80, 81, 82, 83, 84, 85, 86, 87, 88, 89, 90, 91, 92, 93, 94, 95,
    96, 97, 98, 99, 100, 101, 102, 103, 104, 105, 106, 107, 108, 109, 110, 111,
    112, 113, 114, 115, 116, 117, 118, 119, 120, 121, 122, 123, 124, 125, 126, 127,
    128, 129, 130, 131, 132, 133, 134, 135, 136, 137, 138, 139, 140, 141, 142, 143,
    144, 145, 146, 147, 148, 149, 150, 151, 152, 153, 154, 155, 156, 157, 158, 159,
    160, 161, 162, 163, 164, 165, 166, 167, 168, 169, 170, 171, 172, 173, 174, 175,
    176, 177, 178, 179, 180, 181, 182, 183, 184, 185, 186, 187, 188, 189, 190, 191,
    192, 193, 194, 195, 196, 197, 198, 199, 200, 201, 202, 203, 204, 205, 206, 207,
    208, 209, 210, 211, 212, 213, 214, 215, 216, 217, 218, 219, 220, 221, 222, 223,
    224, 225, 226, 227, 228, 229, 230, 231, 232, 233, 234, 235, 236, 237, 238, 239,
    240, 241, 242, 243, 244, 245, 246, 247, 248, 249, 250, 251, 252, 253, 254, 255,
    256, 257, 258, 259, 260, 261, 262, 263, 264, 265, 266, 267, 268, 269, 270, 271,
    272, 273, 274, 275, 276, 277, 278, 279, 280, 281, 282, 283, 284, 285, 286, 287,
    288, 289, 290, 291, 292, 293, 294, 295, 296, 297, 298, 299, 300, 301, 302, 303,
    304, 305, 306, 307, 308, 309, 310, 311, 312, 313, 314, 315, 316, 317, 318, 319,
    320, 321, 322, 323, 324, 325, 326, 327, 328, 329, 330, 331, 332, 333, 334, 335,
    336, 337, 338, 339, 340, 341, 342, 343, 344, 345, 346, 347, 348, 349, 350, 351,
    352, 353, 354, 355, 356, 357, 358, 359, 360, 361, 362, 363, 364, 365, 366, 367,
    368, 369, 370, 371, 372, 373, 374, 375, 376, 377, 378, 379, 380, 381, 382, 383,
    384, 385, 386, 387, 388, 389, 390, 391, 392, 393, 394, 395, 396, 397, 398, 399,
    400, 401, 402, 403, 404, 405, 406, 407, 408, 409, 410, 411, 412, 413, 414, 415,
    416, 417, 418, 419, 420, 421, 422, 423, 424, 425, 426, 427, 428, 429, 430, 431,
    432, 433, 434, 435, 436, 437, 438, 439, 440, 441, 442, 443, 444, 445, 446, 447,
    448, 449, 450, 451, 452, 453, 454, 455, 456, 457, 458, 459, 460, 461, 462, 463,
    464, 465, 466, 467, 468, 469, 470, 471, 472, 473, 474, 475, 476, 477, 478, 479,
    480, 481, 482, 483, 484, 485, 486, 487, 488, 489, 490, 491, 492, 493, 494, 495,
    496, 497, 498, 499, 500, 501, 502, 503, 504, 505, 506, 507, 508, 509, 510, 511,
    512, 513, 514, 515, 516, 517, 518, 519, 520, 521, 522, 523, 524, 525, 526, 527,
    528, 529, 530, 531, 532, 533, 534, 535, 536, 537, 538, 539, 540, 541, 542, 543,
    544, 545, 546, 547, 548, 549, 550, 551, 552, 553, 554, 555, 556, 557, 558, 559,
    560, 561, 562, 563, 564, 565, 566, 567, 568, 569, 570, 571, 572, 573, 574, 575,
    576, 577, 578, 579, 580, 581, 582, 583, 584, 585, 586, 587, 588, 589, 590, 591,
    592, 593, 594, 595, 596, 597, 598, 599, 600,
};

alignas(int) static const unsigned char rin_pair_v0_map_rle[1276] = {
    0x30, 0x00, 0x08, 0x00, 0xFF, 0x00, 0xFF, 0x00, 0xFB, 0x00, 0x3B, 0x01, 0x40, 0x02, 0x40, 0x03,
    0x40, 0x04, 0x20, 0x05, 0x20, 0x06, 0x60, 0x07, 0x60, 0x08, 0x60, 0x09, 0x60, 0x0A, 0x60, 0x0B,
    0x20, 0x0C, 0x20, 0x0D, 0x20, 0x0E, 0x20, 0x0F, 0x20, 0x10, 0x20, 0x11, 0x20, 0x12, 0x70, 0x13,
    0x40, 0x14, 0x20, 0x15, 0x20, 0x16, 0x10, 0x17, 0x10, 0x18, 0x10, 0x19, 0x20, 0x1A, 0x20, 0x1B,
    0x20, 0x1C, 0x20, 0x1D, 0x20, 0x1E, 0x20, 0x81, 0x00, 0x3B, 0x1F, 0x40, 0x20, 0x40, 0x21, 0x40,
    0x22, 0x20, 0x23, 0x20, 0x24, 0x60, 0x25, 0x60, 0x26, 0x60, 0x27, 0x20, 0x28, 0x40, 0x29, 0x70,
    0x2A, 0x70, 0x2B, 0x20, 0x2C, 0x20, 0x2D, 0x20, 0x2E, 0x20, 0x2F, 0x20, 0x30, 0x70, 0x31, 0x70,
    0x32, 0x10, 0x33, 0x10, 0x34, 0x10, 0x35, 0x10, 0x36, 0x10, 0x37, 0x10, 0x38, 0x20, 0x39, 0x20,
    0x3A, 0x20, 0x3B, 0x60, 0x3C, 0x20, 0x81, 0x00, 0x3B, 0x3D, 0x40, 0x3E, 0x40, 0x3F, 0x40, 0x40,
    0x20, 0x41, 0x20, 0x42, 0x60, 0x43, 0x20, 0x44, 0x60, 0x45, 0x70, 0x46, 0x40, 0x47, 0x50, 0x48,
    0x50, 0x49, 0x50, 0x4A, 0x70, 0x4B, 0x20, 0x4C, 0x20, 0x4D, 0x20, 0x4E, 0x70, 0x4F, 0x10, 0x50,
    0x10, 0x51, 0x10, 0x52, 0x10, 0x53, 0x10, 0x54, 0x10, 0x55, 0x10, 0x56, 0x20, 0x57, 0x20, 0x58,
    0x20, 0x59, 0x20, 0x5A, 0x20, 0x81, 0x00, 0x3B, 0x5B, 0x40, 0x5C, 0x40, 0x5D, 0x40, 0x5E, 0x20,
    0x5F, 0x20, 0x60, 0x20, 0x61, 0x60, 0x62, 0x40, 0x63, 0x40, 0x64, 0x50, 0x65, 0x50, 0x66, 0x50,
    0x67, 0x50, 0x68, 0x00, 0x69, 0x00, 0x6A, 0x70, 0x6B, 0x10, 0x6C, 0x70, 0x6D, 0x10, 0x6E, 0x10,
    0x6F, 0x10, 0x70, 0x10, 0x71, 0x10, 0x72, 0x10, 0x73, 0x10, 0x74, 0x10, 0x75, 0x20, 0x76, 0x20,
    0x77, 0x20, 0x78, 0x20, 0x81, 0x00, 0x3B, 0x79, 0x40, 0x7A, 0x40, 0x7B, 0x40, 0x7C, 0x20, 0x7D,
    0x60, 0x7E, 0x60, 0x7F, 0x40, 0x80, 0x40, 0x81, 0x50, 0x82, 0x50, 0x83, 0x50, 0x84, 0x50, 0x85,
    0x50, 0x86, 0x50, 0x87, 0x00, 0x88, 0x70, 0x89, 0x70, 0x8A, 0x70, 0x8B, 0x10, 0x8C, 0x10, 0x8D,
    0x10, 0x8E, 0x10, 0x8F, 0x10, 0x90, 0x10, 0x91, 0x10, 0x92, 0x10, 0x93, 0x10, 0x94, 0x20, 0x95,
    0x10, 0x96, 0x10, 0x81, 0x00, 0x3B, 0x97, 0x40, 0x98, 0x40, 0x99, 0x40, 0x9A, 0x60, 0x9B, 0x60,
    0x9C, 0x60, 0x9D, 0x40, 0x9E, 0x40, 0x9F, 0x50, 0xA0, 0x50, 0xA1, 0x50, 0xA2, 0x50, 0xA3, 0x50,
    0xA4, 0x50, 0xA5, 0x50, 0xA6, 0x70, 0xA7, 0x10, 0xA8, 0x70, 0xA9, 0x10, 0xAA, 0x10, 0xAB, 0x70,
    0xAC, 0x70, 0xAD, 0x70, 0xAE, 0x70, 0xAF, 0x10, 0xB0, 0x10, 0xB1, 0x10, 0xB2, 0x10, 0xB3, 0x10,
    0xB4, 0x10, 0x81, 0x00, 0x3B, 0xB5, 0x40, 0xB6, 0x40, 0xB7, 0x40, 0xB8, 0x60, 0xB9, 0x60, 0xBA,
    0x60, 0xBB, 0x40, 0xBC, 0x40, 0xBD, 0x50, 0xBE, 0x00, 0xBF, 0x50, 0xC0, 0x00, 0xC1, 0x00, 0xC2,
    0x00, 0xC3, 0x50, 0xC4, 0x70, 0xC5, 0x10, 0xC6, 0x70, 0xC7, 0x70, 0xC8, 0x30, 0xC9, 0x30, 0xCA,
    0x30, 0xCB, 0x30, 0xCC, 0x30, 0xCD, 0x70, 0xCE, 0x10, 0xCF, 0x10, 0xD0, 0x10, 0xD1, 0x10, 0xD2,
    0x10, 0x81, 0x00, 0x3B, 0xD3, 0x40, 0xD4, 0x40, 0xD5, 0x40, 0xD6, 0x60, 0xD7, 0x60, 0xD8, 0x60,
    0xD9, 0x40, 0xDA, 0x40, 0xDB, 0x50, 0xDC, 0x00, 0xDD, 0x00, 0xDE, 0x00, 0xDF, 0x00, 0xE0, 0x00,
    0xE1, 0x70, 0xE2, 0x10, 0xE3, 0x10, 0xE4, 0x70, 0xE5, 0x30, 0xE6, 0x30, 0xE7, 0x30, 0xE8, 0x30,
    0xE9, 0x30, 0xEA, 0x30, 0xEB, 0x30, 0xEC, 0x70, 0xED, 0x20, 0xEE, 0x20, 0xEF, 0x10, 0xF0, 0x10,
    0x81, 0x00, 0x3B, 0xF1, 0x40, 0xF2, 0x40, 0xF3, 0x50, 0xF4, 0x20, 0xF5, 0x60, 0xF6, 0x60, 0xF7,
    0x20, 0xF8, 0x50, 0xF9, 0x50, 0xFA, 0x00, 0xFB, 0x00, 0xFC, 0x00, 0xFD, 0x00, 0xFE, 0x00, 0xFF,
    0x10, 0x00, 0x11, 0x01, 0x11, 0x02, 0x71, 0x03, 0x31, 0x04, 0x31, 0x05, 0x31, 0x06, 0x31, 0x07,
    0x31, 0x08, 0x31, 0x09, 0x31, 0x0A, 0x31, 0x0B, 0x21, 0x0C, 0x21, 0x0D, 0x11, 0x0E, 0x11, 0x81,
    0x00, 0x3B, 0x0F, 0x41, 0x10, 0x41, 0x11, 0x51, 0x12, 0x21, 0x13, 0x21, 0x14, 0x61, 0x15, 0x21,
    0x16, 0x51, 0x17, 0x01, 0x18, 0x01, 0x19, 0x01, 0x1A, 0x01, 0x1B, 0x01, 0x1C, 0x01, 0x1D, 0x11,
    0x1E, 0x11, 0x1F, 0x11, 0x20, 0x51, 0x21, 0x51, 0x22, 0x31, 0x23, 0x31, 0x24, 0x31, 0x25, 0x31,
    0x26, 0x31, 0x27, 0x31, 0x28, 0x31, 0x29, 0x21, 0x2A, 0x21, 0x2B, 0x21, 0x2C, 0x21, 0x81, 0x00,
    0x3B, 0x2D, 0x41, 0x2E, 0x41, 0x2F, 0x51, 0x30, 0x21, 0x31, 0x21, 0x32, 0x21, 0x33, 0x71, 0x34,
    0x01, 0x35, 0x01, 0x36, 0x01, 0x37, 0x01, 0x38, 0x01, 0x39, 0x01, 0x3A, 0x11, 0x3B, 0x11, 0x3C,
    0x11, 0x3D, 0x71, 0x3E, 0x01, 0x3F, 0x51, 0x40, 0x51, 0x41, 0x31, 0x42, 0x31, 0x43, 0x31, 0x44,
    0x31, 0x45, 0x31, 0x46, 0x31, 0x47, 0x71, 0x48, 0x21, 0x49, 0x21, 0x4A, 0x21, 0x81, 0x00, 0x3B,
    0x4B, 0x41, 0x4C, 0x41, 0x4D, 0x51, 0x4E, 0x21, 0x4F, 0x21, 0x50, 0x21, 0x51, 0x11, 0x52, 0x11,
    0x53, 0x71, 0x54, 0x01, 0x55, 0x11, 0x56, 0x71, 0x57, 0x11, 0x58, 0x11, 0x59, 0x11, 0x5A, 0x11,
    0x5B, 0x71, 0x5C, 0x01, 0x5D, 0x01, 0x5E, 0x51, 0x5F, 0x31, 0x60, 0x51, 0x61, 0x71, 0x62, 0x31,
    0x63, 0x31, 0x64, 0x31, 0x65, 0x71, 0x66, 0x21, 0x67, 0x21, 0x68, 0x21, 0x81, 0x00, 0x3B, 0x69,
    0x41, 0x6A, 0x41, 0x6B, 0x51, 0x6C, 0x21, 0x6D, 0x21, 0x6E, 0x11, 0x6F, 0x11, 0x70, 0x11, 0x71,
    0x71, 0x72, 0x71, 0x73, 0x11, 0x74, 0x11, 0x75, 0x11, 0x76, 0x11, 0x77, 0x11, 0x78, 0x11, 0x79,
    0x71, 0x7A, 0x01, 0x7B, 0x01, 0x7C, 0x31, 0x7D, 0x31, 0x7E, 0x31, 0x7F, 0x31, 0x80, 0x31, 0x81,
    0x31, 0x82, 0x31, 0x83, 0x71, 0x84, 0x21, 0x85, 0x21, 0x86, 0x21, 0x81, 0x00, 0x3B, 0x87, 0x41,
    0x88, 0x41, 0x89, 0x51, 0x8A, 0x21, 0x8B, 0x11, 0x8C, 0x11, 0x8D, 0x11, 0x8E, 0x11, 0x8F, 0x71,
    0x90, 0x71, 0x91, 0x71, 0x92, 0x11, 0x93, 0x11, 0x94, 0x11, 0x95, 0x11, 0x96, 0x11, 0x97, 0x11,
    0x98, 0x01, 0x99, 0x01, 0x9A, 0x31, 0x9B, 0x31, 0x9C, 0x31, 0x9D, 0x31, 0x9E, 0x31, 0x9F, 0x61,
    0xA0, 0x41, 0xA1, 0x71, 0xA2, 0x21, 0xA3, 0x21, 0xA4, 0x21, 0x81, 0x00, 0x3B, 0xA5, 0x41, 0xA6,
    0x41, 0xA7, 0x41, 0xA8, 0x21, 0xA9, 0x71, 0xAA, 0x11, 0xAB, 0x11, 0xAC, 0x11, 0xAD, 0x11, 0xAE,
    0x11, 0xAF, 0x71, 0xB0, 0x11, 0xB1, 0x11, 0xB2, 0x11, 0xB3, 0x11, 0xB4, 0x11, 0xB5, 0x11, 0xB6,
    0x51, 0xB7, 0x21, 0xB8, 0x71, 0xB9, 0x01, 0xBA, 0x51, 0xBB, 0x71, 0xBC, 0x61, 0xBD, 0x61, 0xBE,
    0x61, 0xBF, 0x61, 0xC0, 0x21, 0xC1, 0x21, 0xC2, 0x21, 0x81, 0x00, 0x3B, 0xC3, 0x21, 0xC4, 0x41,
    0xC5, 0x41, 0xC6, 0x21, 0xC7, 0x21, 0xC8, 0x11, 0xC9, 0x11, 0xCA, 0x71, 0xCB, 0x11, 0xCC, 0x11,
    0xCD, 0x11, 0xCE, 0x11, 0xCF, 0x11, 0xD0, 0x11, 0xD1, 0x11, 0xD2, 0x11, 0xD3, 0x11, 0xD4, 0x51,
    0xD5, 0x21, 0xD6, 0x21, 0xD7, 0x01, 0xD8, 0x71, 0xD9, 0x11, 0xDA, 0x11, 0xDB, 0x61, 0xDC, 0x61,
    0xDD, 0x61, 0xDE, 0x61, 0xDF, 0x21, 0xE0, 0x21, 0x81, 0x00, 0x3B, 0xE1, 0x21, 0xE2, 0x21, 0xE3,
    0x41, 0xE4, 0x21, 0xE5, 0x21, 0xE6, 0x11, 0xE7, 0x11, 0xE8, 0x11, 0xE9, 0x11, 0xEA, 0x11, 0xEB,
    0x11, 0xEC, 0x11, 0xED, 0x11, 0xEE, 0x11, 0xEF, 0x11, 0xF0, 0x11, 0xF1, 0x11, 0xF2, 0x51, 0xF3,
    0x21, 0xF4, 0x71, 0xF5, 0x01, 0xF6, 0x51, 0xF7, 0x71, 0xF8, 0x11, 0xF9, 0x21, 0xFA, 0x61, 0xFB,
    0x61, 0xFC, 0x61, 0xFD, 0x21, 0xFE, 0x21, 0x81, 0x00, 0x3B, 0xFF, 0x21, 0x00, 0x42, 0x01, 0x42,
    0x02, 0x62, 0x03, 0x22, 0x04, 0x12, 0x05, 0x12, 0x06, 0x12, 0x07, 0x12, 0x08, 0x12, 0x09, 0x12,
    0x0A, 0x12, 0x0B, 0x22, 0x0C, 0x22, 0x0D, 0x12, 0x0E, 0x12, 0x0F, 0x12, 0x10, 0x52, 0x11, 0x22,
    0x12, 0x02, 0x13, 0x02, 0x14, 0x52, 0x15, 0x32, 0x16, 0x72, 0x17, 0x72, 0x18, 0x62, 0x19, 0x62,
    0x1A, 0x62, 0x1B, 0x62, 0x1C, 0x62, 0x81, 0x00, 0x08, 0x1D, 0x42, 0x1E, 0x42, 0x1F, 0x42, 0x20,
    0x62, 0x21, 0x80, 0x22, 0x2F, 0x23, 0x12, 0x24, 0x12, 0x25, 0x12, 0x26, 0x12, 0x27, 0x12, 0x28,
    0x12, 0x29, 0x42, 0x2A, 0x22, 0x2B, 0x22, 0x2C, 0x12, 0x2D, 0x22, 0x2E, 0x52, 0x2F, 0x22, 0x30,
    0x02, 0x31, 0x02, 0x32, 0x32, 0x33, 0x32, 0x34, 0x52, 0x35, 0x72, 0x36, 0x42, 0x37, 0x62, 0x38,
    0x62, 0x39, 0x62, 0x3A, 0x62, 0x81, 0x00, 0x3B, 0x3B, 0x42, 0x3C, 0x42, 0x3D, 0x42, 0x3E, 0x62,
    0x3F, 0x62, 0x40, 0x42, 0x41, 0x12, 0x42, 0x12, 0x43, 0x12, 0x44, 0x72, 0x45, 0x12, 0x46, 0x12,
    0x47, 0x42, 0x48, 0x22, 0x49, 0x22, 0x4A, 0x22, 0x4B, 0x22, 0x4C, 0x52, 0x4D, 0x72, 0x4E, 0x02,
    0x4F, 0x52, 0x50, 0x32, 0x51, 0x32, 0x52, 0x52, 0x53, 0x72, 0x54, 0x72, 0x55, 0x62, 0x56, 0x62,
    0x57, 0x62, 0x58, 0x62, 0xFF, 0x00, 0xFF, 0x00, 0xFB, 0x00, 0x00, 0x00,
};

alignas(int) static const uint16_t rin_pair_v1_used[601] = {
    0, 1, 2, 3, 4, 5, 6, 7, 8, 9, 10, 11, 12, 13, 14, 15,
    16, 17, 18, 19, 20, 21, 22, 23, 24, 25, 26, 27, 28, 29, 30, 31,
    32, 33, 34, 35, 36, 37, 38, 39, 40, 41, 42, 43, 44, 45, 46, 47,
    48, 49, 50, 51, 52, 53, 54, 55, 56, 57, 58, 59, 60, 61, 62, 63,
    64, 65, 66, 67, 68, 69, 70, 71, 72, 73, 74, 75, 76, 77, 78, 79,
    80, 81, 82, 83, 84, 85, 86, 87, 88, 89, 90, 91, 92, 93, 94, 95,
    96, 97, 98, 99, 100, 101, 102, 103, 104, 105, 106, 107, 108, 109, 110, 111,
    112, 113, 114, 115, 116, 117, 118, 119, 120, 121, 122, 123, 124, 125, 126, 127,
    128, 129, 130, 131, 132, 133, 134, 135, 136, 137, 138, 139, 140, 141, 142, 143,
    144, 145, 146, 147, 148, 149, 150, 151, 152, 153, 154, 155, 156, 157, 158, 159,
    160, 161, 162, 601, 164, 165, 166, 167, 168, 169, 170, 171, 172, 173, 174, 175,
    176, 177, 178, 179, 180, 181, 182, 183, 184, 185, 186, 187, 188, 189, 190, 191,
    192, 602, 603, 604, 196, 197, 198, 199, 200, 201, 202, 203, 204, 205, 206, 207,
    208, 209, 210, 211, 212, 213, 214, 215, 216, 217, 218, 219, 220, 221, 222, 605,
    606, 607, 226, 227, 228, 229, 230, 231, 232, 233, 234, 235, 236, 237, 238, 239,
    240, 241, 242, 243, 244, 245, 246, 247, 248, 249, 250, 251, 252, 253, 254, 255,
    256, 257, 258, 259, 260, 261, 262, 263, 264, 265, 266, 267, 268, 269, 270, 271,
    272, 273, 274, 275, 276, 277, 278, 279, 280, 281, 282, 608, 284, 285, 286, 287,
    288, 289, 290, 291, 292, 293, 294, 295, 296, 297, 298, 299, 300, 301, 302, 303,
    304, 305, 306, 307, 308, 309, 310, 311, 312, 609, 314, 315, 316, 317, 318, 319,
    320, 321, 322, 323, 324, 325, 326, 327, 328, 329, 330, 331, 332, 333, 334, 335,
    336, 337, 338, 339, 340, 341, 342, 343, 344, 345, 346, 347, 348, 349, 350, 351,
    352, 353, 354, 355, 356, 357, 358, 359, 360, 361, 362, 363, 364, 365, 366, 367,
    368, 369, 370, 371, 372, 373, 374, 375, 376, 377, 378, 379, 380, 381, 382, 383,
    384, 385, 386, 387, 388, 389, 390, 391, 392, 393, 394, 395, 396, 397, 398, 399,
    400, 401, 402, 403, 404, 405, 406, 407, 408, 409, 410, 411, 412, 413, 414, 415,
    416, 417, 418, 419, 420, 421, 422, 423, 424, 425, 426, 427, 428, 429, 430, 431,
    432, 433, 434, 435, 436, 437, 438, 439, 440, 441, 442, 443, 444, 445, 446, 447,
    448, 449, 450, 451, 452, 453, 454, 455, 456, 457, 458, 459, 460, 461, 462, 463,
    464, 465, 466, 467, 468, 469, 470, 471, 472, 473, 474, 475, 476, 477, 478, 479,
    480, 481, 482, 483, 484, 485, 486, 487, 488, 489, 490, 491, 492, 493, 494, 495,
    496, 497, 498, 499, 500, 501, 502, 503, 504, 505, 506, 507, 508, 509, 510, 511,
    512, 513, 514, 515, 516, 517, 518, 519, 520, 521, 522, 523, 524, 525, 526, 527,
    528, 529, 530, 531, 532, 533, 534, 535, 536, 537, 538, 539, 540, 541, 542, 543,
    544, 545, 546, 547, 548, 549, 550, 551, 552, 553, 554, 555, 556, 557, 558, 559,
    560, 561, 562, 563, 564, 565, 566, 567, 568, 569, 570, 571, 572, 573, 574, 575,
    576, 577, 578, 579, 580, 581, 582, 583, 584, 585, 586, 587, 588, 589, 590, 591,
    592, 593, 594, 595, 596, 597, 598, 599, 600,
};

alignas(int) static const unsigned char rin_pair_v1_map_rle[1276] = {
    0x30, 0x00, 0x08, 0x00, 0xFF, 0x00, 0xFF, 0x00, 0xFB, 0x00, 0x3B, 0x01, 0x40, 0x02, 0x40, 0x03,
    0x40, 0x04, 0x20, 0x05, 0x20, 0x06, 0x60, 0x07, 0x60, 0x08, 0x60, 0x09, 0x60, 0x0A, 0x60, 0x0B,
    0x20, 0x0C, 0x20, 0x0D, 0x20, 0x0E, 0x20, 0x0F, 0x20, 0x10, 0x20, 0x11, 0x20, 0x12, 0x70, 0x13,
    0x40, 0x14, 0x20, 0x15, 0x20, 0x16, 0x10, 0x17, 0x10, 0x18, 0x10, 0x19, 0x20, 0x1A, 0x20, 0x1B,
    0x20, 0x1C, 0x20, 0x1D, 0x20, 0x1E, 0x20, 0x81, 0x00, 0x3B, 0x1F, 0x40, 0x20, 0x40, 0x21, 0x40,
    0x22, 0x20, 0x23, 0x20, 0x24, 0x60, 0x25, 0x60, 0x26, 0x60, 0x27, 0x20, 0x28, 0x40, 0x29, 0x70,
    0x2A, 0x70, 0x2B, 0x20, 0x2C, 0x20, 0x2D, 0x20, 0x2E, 0x20, 0x2F, 0x20, 0x30, 0x70, 0x31, 0x70,
    0x32, 0x10, 0x33, 0x10, 0x34, 0x10, 0x35, 0x10, 0x36, 0x10, 0x37, 0x10, 0x38, 0x20, 0x39, 0x20,
    0x3A, 0x20, 0x3B, 0x60, 0x3C, 0x20, 0x81, 0x00, 0x3B, 0x3D, 0x40, 0x3E, 0x40, 0x3F, 0x40, 0x40,
    0x20, 0x41, 0x20, 0x42, 0x60, 0x43, 0x20, 0x44, 0x60, 0x45, 0x70, 0x46, 0x40, 0x47, 0x50, 0x48,
    0x50, 0x49, 0x50, 0x4A, 0x70, 0x4B, 0x20, 0x4C, 0x20, 0x4D, 0x20, 0x4E, 0x70, 0x4F, 0x10, 0x50,
    0x10, 0x51, 0x10, 0x52, 0x10, 0x53, 0x10, 0x54, 0x10, 0x55, 0x10, 0x56, 0x20, 0x57, 0x20, 0x58,
    0x20, 0x59, 0x20, 0x5A, 0x20, 0x81, 0x00, 0x3B, 0x5B, 0x40, 0x5C, 0x40, 0x5D, 0x40, 0x5E, 0x20,
    0x5F, 0x20, 0x60, 0x20, 0x61, 0x60, 0x62, 0x40, 0x63, 0x40, 0x64, 0x50, 0x65, 0x50, 0x66, 0x50,
    0x67, 0x50, 0x68, 0x00, 0x69, 0x00, 0x6A, 0x70, 0x6B, 0x10, 0x6C, 0x70, 0x6D, 0x10, 0x6E, 0x10,
    0x6F, 0x10, 0x70, 0x10, 0x71, 0x10, 0x72, 0x10, 0x73, 0x10, 0x74, 0x10, 0x75, 0x20, 0x76, 0x20,
    0x77, 0x20, 0x78, 0x20, 0x81, 0x00, 0x3B, 0x79, 0x40, 0x7A, 0x40, 0x7B, 0x40, 0x7C, 0x20, 0x7D,
    0x60, 0x7E, 0x60, 0x7F, 0x40, 0x80, 0x40, 0x81, 0x50, 0x82, 0x50, 0x83, 0x50, 0x84, 0x50, 0x85,
    0x50, 0x86, 0x50, 0x87, 0x00, 0x88, 0x70, 0x89, 0x70, 0x8A, 0x70, 0x8B, 0x10, 0x8C, 0x10, 0x8D,
    0x10, 0x8E, 0x10, 0x8F, 0x10, 0x90, 0x10, 0x91, 0x10, 0x92, 0x10, 0x93, 0x10, 0x94, 0x20, 0x95,
    0x10, 0x96, 0x10, 0x81, 0x00, 0x3B, 0x97, 0x40, 0x98, 0x40, 0x99, 0x40, 0x9A, 0x60, 0x9B, 0x60,
    0x9C, 0x60, 0x9D, 0x40, 0x9E, 0x40, 0x9F, 0x50, 0xA0, 0x50, 0xA1, 0x50, 0xA2, 0x50, 0xA3, 0x50,
    0xA4, 0x50, 0xA5, 0x50, 0xA6, 0x70, 0xA7, 0x10, 0xA8, 0x70, 0xA9, 0x10, 0xAA, 0x10, 0xAB, 0x70,
    0xAC, 0x70, 0xAD, 0x70, 0xAE, 0x70, 0xAF, 0x10, 0xB0, 0x10, 0xB1, 0x10, 0xB2, 0x10, 0xB3, 0x10,
    0xB4, 0x10, 0x81, 0x00, 0x3B, 0xB5, 0x40, 0xB6, 0x40, 0xB7, 0x40, 0xB8, 0x60, 0xB9, 0x60, 0xBA,
    0x60, 0xBB, 0x40, 0xBC, 0x40, 0xBD, 0x50, 0xBE, 0x00, 0xBF, 0x50, 0xC0, 0x00, 0xC1, 0x00, 0xC2,
    0x00, 0xC3, 0x50, 0xC4, 0x70, 0xC5, 0x10, 0xC6, 0x70, 0xC7, 0x70, 0xC8, 0x30, 0xC9, 0x30, 0xCA,
    0x30, 0xCB, 0x30, 0xCC, 0x30, 0xCD, 0x70, 0xCE, 0x10, 0xCF, 0x10, 0xD0, 0x10, 0xD1, 0x10, 0xD2,
    0x10, 0x81, 0x00, 0x3B, 0xD3, 0x40, 0xD4, 0x40, 0xD5, 0x40, 0xD6, 0x60, 0xD7, 0x60, 0xD8, 0x60,
    0xD9, 0x40, 0xDA, 0x40, 0xDB, 0x50, 0xDC, 0x00, 0xDD, 0x00, 0xDE, 0x00, 0xDF, 0x00, 0xE0, 0x00,
    0xE1, 0x70, 0xE2, 0x10, 0xE3, 0x10, 0xE4, 0x70, 0xE5, 0x30, 0xE6, 0x30, 0xE7, 0x30, 0xE8, 0x30,
    0xE9, 0x30, 0xEA, 0x30, 0xEB, 0x30, 0xEC, 0x70, 0xED, 0x20, 0xEE, 0x20, 0xEF, 0x10, 0xF0, 0x10,
    0x81, 0x00, 0x3B, 0xF1, 0x40, 0xF2, 0x40, 0xF3, 0x50, 0xF4, 0x20, 0xF5, 0x60, 0xF6, 0x60, 0xF7,
    0x20, 0xF8, 0x50, 0xF9, 0x50, 0xFA, 0x00, 0xFB, 0x00, 0xFC, 0x00, 0xFD, 0x00, 0xFE, 0x00, 0xFF,
    0x10, 0x00, 0x11, 0x01, 0x11, 0x02, 0x71, 0x03, 0x31, 0x04, 0x31, 0x05, 0x31, 0x06, 0x31, 0x07,
    0x31, 0x08, 0x31, 0x09, 0x31, 0x0A, 0x31, 0x0B, 0x21, 0x0C, 0x21, 0x0D, 0x11, 0x0E, 0x11, 0x81,
    0x00, 0x3B, 0x0F, 0x41, 0x10, 0x41, 0x11, 0x51, 0x12, 0x21, 0x13, 0x21, 0x14, 0x61, 0x15, 0x21,
    0x16, 0x51, 0x17, 0x01, 0x18, 0x01, 0x19, 0x01, 0x1A, 0x01, 0x1B, 0x01, 0x1C, 0x01, 0x1D, 0x11,
    0x1E, 0x11, 0x1F, 0x11, 0x20, 0x51, 0x21, 0x51, 0x22, 0x31, 0x23, 0x31, 0x24, 0x31, 0x25, 0x31,
    0x26, 0x31, 0x27, 0x31, 0x28, 0x31, 0x29, 0x21, 0x2A, 0x21, 0x2B, 0x21, 0x2C, 0x21, 0x81, 0x00,
    0x3B, 0x2D, 0x41, 0x2E, 0x41, 0x2F, 0x51, 0x30, 0x21, 0x31, 0x21, 0x32, 0x21, 0x33, 0x71, 0x34,
    0x01, 0x35, 0x01, 0x36, 0x01, 0x37, 0x01, 0x38, 0x01, 0x39, 0x01, 0x3A, 0x11, 0x3B, 0x11, 0x3C,
    0x11, 0x3D, 0x71, 0x3E, 0x01, 0x3F, 0x51, 0x40, 0x51, 0x41, 0x31, 0x42, 0x31, 0x43, 0x31, 0x44,
    0x31, 0x45, 0x31, 0x46, 0x31, 0x47, 0x71, 0x48, 0x21, 0x49, 0x21, 0x4A, 0x21, 0x81, 0x00, 0x3B,
    0x4B, 0x41, 0x4C, 0x41, 0x4D, 0x51, 0x4E, 0x21, 0x4F, 0x21, 0x50, 0x21, 0x51, 0x11, 0x52, 0x11,
    0x53, 0x71, 0x54, 0x01, 0x55, 0x11, 0x56, 0x71, 0x57, 0x11, 0x58, 0x11, 0x59, 0x11, 0x5A, 0x11,
    0x5B, 0x71, 0x5C, 0x01, 0x5D, 0x01, 0x5E, 0x51, 0x5F, 0x31, 0x60, 0x51, 0x61, 0x71, 0x62, 0x31,
    0x63, 0x31, 0x64, 0x31, 0x65, 0x71, 0x66, 0x21, 0x67, 0x21, 0x68, 0x21, 0x81, 0x00, 0x3B, 0x69,
    0x41, 0x6A, 0x41, 0x6B, 0x51, 0x6C, 0x21, 0x6D, 0x21, 0x6E, 0x11, 0x6F, 0x11, 0x70, 0x11, 0x71,
    0x71, 0x72, 0x71, 0x73, 0x11, 0x74, 0x11, 0x75, 0x11, 0x76, 0x11, 0x77, 0x11, 0x78, 0x11, 0x79,
    0x71, 0x7A, 0x01, 0x7B, 0x01, 0x7C, 0x31, 0x7D, 0x31, 0x7E, 0x31, 0x7F, 0x31, 0x80, 0x31, 0x81,
    0x31, 0x82, 0x31, 0x83, 0x71, 0x84, 0x21, 0x85, 0x21, 0x86, 0x21, 0x81, 0x00, 0x3B, 0x87, 0x41,
    0x88, 0x41, 0x89, 0x51, 0x8A, 0x21, 0x8B, 0x11, 0x8C, 0x11, 0x8D, 0x11, 0x8E, 0x11, 0x8F, 0x71,
    0x90, 0x71, 0x91, 0x71, 0x92, 0x11, 0x93, 0x11, 0x94, 0x11, 0x95, 0x11, 0x96, 0x11, 0x97, 0x11,
    0x98, 0x01, 0x99, 0x01, 0x9A, 0x31, 0x9B, 0x31, 0x9C, 0x31, 0x9D, 0x31, 0x9E, 0x31, 0x9F, 0x61,
    0xA0, 0x41, 0xA1, 0x71, 0xA2, 0x21, 0xA3, 0x21, 0xA4, 0x21, 0x81, 0x00, 0x3B, 0xA5, 0x41, 0xA6,
    0x41, 0xA7, 0x41, 0xA8, 0x21, 0xA9, 0x71, 0xAA, 0x11, 0xAB, 0x11, 0xAC, 0x11, 0xAD, 0x11, 0xAE,
    0x11, 0xAF, 0x71, 0xB0, 0x11, 0xB1, 0x11, 0xB2, 0x11, 0xB3, 0x11, 0xB4, 0x11, 0xB5, 0x11, 0xB6,
    0x51, 0xB7, 0x21, 0xB8, 0x71, 0xB9, 0x01, 0xBA, 0x51, 0xBB, 0x71, 0xBC, 0x61, 0xBD, 0x61, 0xBE,
    0x61, 0xBF, 0x61, 0xC0, 0x21, 0xC1, 0x21, 0xC2, 0x21, 0x81, 0x00, 0x3B, 0xC3, 0x21, 0xC4, 0x41,
    0xC5, 0x41, 0xC6, 0x21, 0xC7, 0x21, 0xC8, 0x11, 0xC9, 0x11, 0xCA, 0x71, 0xCB, 0x11, 0xCC, 0x11,
    0xCD, 0x11, 0xCE, 0x11, 0xCF, 0x11, 0xD0, 0x11, 0xD1, 0x11, 0xD2, 0x11, 0xD3, 0x11, 0xD4, 0x51,
    0xD5, 0x21, 0xD6, 0x21, 0xD7, 0x01, 0xD8, 0x71, 0xD9, 0x11, 0xDA, 0x11, 0xDB, 0x61, 0xDC, 0x61,
    0xDD, 0x61, 0xDE, 0x61, 0xDF, 0x21, 0xE0, 0x21, 0x81, 0x00, 0x3B, 0xE1, 0x21, 0xE2, 0x21, 0xE3,
    0x41, 0xE4, 0x21, 0xE5, 0x21, 0xE6, 0x11, 0xE7, 0x11, 0xE8, 0x11, 0xE9, 0x11, 0xEA, 0x11, 0xEB,
    0x11, 0xEC, 0x11, 0xED, 0x11, 0xEE, 0x11, 0xEF, 0x11, 0xF0, 0x11, 0xF1, 0x11, 0xF2, 0x51, 0xF3,
    0x21, 0xF4, 0x71, 0xF5, 0x01, 0xF6, 0x51, 0xF7, 0x71, 0xF8, 0x11, 0xF9, 0x21, 0xFA, 0x61, 0xFB,
    0x61, 0xFC, 0x61, 0xFD, 0x21, 0xFE, 0x21, 0x81, 0x00, 0x3B, 0xFF, 0x21, 0x00, 0x42, 0x01, 0x42,
    0x02, 0x62, 0x03, 0x22, 0x04, 0x12, 0x05, 0x12, 0x06, 0x12, 0x07, 0x12, 0x08, 0x12, 0x09, 0x12,
    0x0A, 0x12, 0x0B, 0x22, 0x0C, 0x22, 0x0D, 0x12, 0x0E, 0x12, 0x0F, 0x12, 0x10, 0x52, 0x11, 0x22,
    0x12, 0x02, 0x13, 0x02, 0x14, 0x52, 0x15, 0x32, 0x16, 0x72, 0x17, 0x72, 0x18, 0x62, 0x19, 0x62,
    0x1A, 0x62, 0x1B, 0x62, 0x1C, 0x62, 0x81, 0x00, 0x08, 0x1D, 0x42, 0x1E, 0x42, 0x1F, 0x42, 0x20,
    0x62, 0x21, 0x80, 0x22, 0x2F, 0x23, 0x12, 0x24, 0x12, 0x25, 0x12, 0x26, 0x12, 0x27, 0x12, 0x28,
    0x12, 0x29, 0x42, 0x2A, 0x22, 0x2B, 0x22, 0x2C, 0x12, 0x2D, 0x22, 0x2E, 0x52, 0x2F, 0x22, 0x30,
    0x02, 0x31, 0x02, 0x32, 0x32, 0x33, 0x32, 0x34, 0x52, 0x35, 0x72, 0x36, 0x42, 0x37, 0x62, 0x38,
    0x62, 0x39, 0x62, 0x3A, 0x62, 0x81, 0x00, 0x3B, 0x3B, 0x42, 0x3C, 0x42, 0x3D, 0x42, 0x3E, 0x62,
    0x3F, 0x62, 0x40, 0x42, 0x41, 0x12, 0x42, 0x12, 0x43, 0x12, 0x44, 0x72, 0x45, 0x12, 0x46, 0x12,
    0x47, 0x42, 0x48, 0x22, 0x49, 0x22, 0x4A, 0x22, 0x4B, 0x22, 0x4C, 0x52, 0x4D, 0x72, 0x4E, 0x02,
    0x4F, 0x52, 0x50, 0x32, 0x51, 0x32, 0x52, 0x52, 0x53, 0x72, 0x54, 0x72, 0x55, 0x62, 0x56, 0x62,
    0x57, 0x62, 0x58, 0x62, 0xFF, 0x00, 0xFF, 0x00, 0xFB, 0x00, 0x00, 0x00,
};

alignas(int) static const uint16_t rin_pair_v2_used[601] = {
    0, 1, 2, 3, 4, 5, 6, 7, 8, 9, 10, 11, 12, 13, 14, 15,
    16, 17, 18, 19, 20, 21, 22, 23, 24, 25, 26, 27, 28, 29, 30, 31,
    32, 33, 34, 35, 36, 37, 38, 39, 40, 41, 42, 43, 44, 45, 46, 47,
    48, 49, 50, 51, 52, 53, 54, 55, 56, 57, 58, 59, 60, 61, 62, 63,
    64, 65, 66, 67, 68, 69, 70, 71, 72, 73, 74, 75, 76, 77, 78, 79,
    80, 81, 82, 83, 84, 85, 86, 87, 88, 89, 90, 91, 92, 93, 94, 95,
    96, 97, 98, 99, 100, 101, 102, 103, 104, 105, 106, 107, 108, 109, 110, 111,
    112, 113, 114, 115, 116, 117, 118, 119, 120, 121, 122, 123, 124, 125, 126, 127,
    128, 129, 130, 131, 132, 133, 134, 135, 136, 137, 138, 139, 140, 141, 142, 143,
    144, 145, 146, 147, 148, 149, 150, 151, 152, 153, 154, 155, 156, 157, 158, 159,
    160, 161, 162, 601, 164, 165, 166, 167, 168, 169, 170, 171, 172, 173, 174, 175,
    176, 177, 178, 179, 180, 181, 182, 183, 184, 185, 186, 187, 188, 189, 190, 191,
    192, 602, 603, 604, 196, 197, 198, 199, 200, 201, 202, 203, 204, 205, 206, 207,
    208, 209, 210, 211, 212, 213, 214, 215, 216, 217, 218, 219, 220, 221, 222, 605,
    606, 607, 226, 227, 228, 229, 230, 231, 232, 233, 234, 235, 236, 237, 238, 239,
    240, 241, 242, 243, 244, 245, 246, 247, 248, 249, 250, 251, 252, 253, 254, 255,
    256, 257, 258, 610, 260, 261, 262, 263, 264, 265, 266, 267, 268, 269, 270, 271,
    272, 273, 274, 275, 276, 277, 278, 279, 280, 281, 282, 608, 284, 285, 286, 287,
    611, 612, 613, 291, 292, 293, 294, 295, 296, 297, 298, 299, 300, 301, 302, 303,
    304, 305, 306, 307, 308, 309, 310, 311, 312, 609, 314, 315, 316, 317, 614, 615,
    320, 321, 322, 323, 324, 325, 326, 327, 328, 329, 330, 331, 332, 333, 334, 335,
    336, 337, 338, 339, 340, 341, 342, 343, 344, 345, 346, 347, 348, 349, 350, 351,
    352, 353, 354, 355, 356, 357, 358, 359, 360, 361, 362, 363, 364, 365, 366, 367,
    368, 369, 370, 371, 372, 373, 374, 375, 376, 377, 616, 379, 380, 381, 382, 383,
    384, 385, 386, 387, 388, 389, 390, 391, 392, 393, 394, 395, 396, 397, 398, 399,
    400, 401, 402, 403, 404, 405, 406, 407, 408, 409, 410, 411, 412, 413, 414, 415,
    416, 417, 418, 419, 420, 421, 422, 423, 424, 425, 426, 427, 428, 429, 430, 431,
    432, 433, 434, 435, 436, 437, 438, 439, 440, 441, 442, 443, 444, 445, 446, 447,
    448, 449, 450, 451, 452, 453, 454, 455, 456, 457, 458, 459, 460, 461, 462, 463,
    464, 465, 466, 467, 468, 469, 470, 471, 472, 473, 474, 475, 476, 477, 478, 479,
    480, 481, 482, 483, 484, 485, 486, 487, 488, 489, 490, 491, 492, 493, 494, 495,
    496, 497, 498, 499, 500, 501, 502, 503, 504, 505, 506, 507, 508, 509, 510, 511,
    512, 513, 514, 515, 516, 517, 518, 519, 520, 521, 522, 523, 524, 525, 526, 527,
    528, 529, 530, 531, 532, 533, 534, 535, 536, 537, 538, 539, 540, 541, 542, 543,
    544, 545, 546, 547, 548, 549, 550, 551, 552, 553, 554, 555, 556, 557, 558, 559,
    560, 561, 562, 563, 564, 565, 566, 567, 568, 569, 570, 571, 572, 573, 574, 575,
    576, 577, 578, 579, 580, 581, 582, 583, 584, 585, 586, 587, 588, 589, 590, 591,
    592, 593, 594, 595, 596, 597, 598, 599, 600,
};

alignas(int) static const unsigned char rin_pair_v2_map_rle[1276] = {
    0x30, 0x00, 0x08, 0x00, 0xFF, 0x00, 0xFF, 0x00, 0xFB, 0x00, 0x3B, 0x01, 0x40, 0x02, 0x40, 0x03,
    0x40, 0x04, 0x20, 0x05, 0x20, 0x06, 0x60, 0x07, 0x60, 0x08, 0x60, 0x09, 0x60, 0x0A, 0x60, 0x0B,
    0x20, 0x0C, 0x20, 0x0D, 0x20, 0x0E, 0x20, 0x0F, 0x20, 0x10, 0x20, 0x11, 0x20, 0x12, 0x70, 0x13,
    0x40, 0x14, 0x20, 0x15, 0x20, 0x16, 0x10, 0x17, 0x10, 0x18, 0x10, 0x19, 0x20, 0x1A, 0x20, 0x1B,
    0x20, 0x1C, 0x20, 0x1D, 0x20, 0x1E, 0x20, 0x81, 0x00, 0x3B, 0x1F, 0x40, 0x20, 0x40, 0x21, 0x40,
    0x22, 0x20, 0x23, 0x20, 0x24, 0x60, 0x25, 0x60, 0x26, 0x60, 0x27, 0x20, 0x28, 0x40, 0x29, 0x70,
    0x2A, 0x70, 0x2B, 0x20, 0x2C, 0x20, 0x2D, 0x20, 0x2E, 0x20, 0x2F, 0x20, 0x30, 0x70, 0x31, 0x70,
    0x32, 0x10, 0x33, 0x10, 0x34, 0x10, 0x35, 0x10, 0x36, 0x10, 0x37, 0x10, 0x38, 0x20, 0x39, 0x20,
    0x3A, 0x20, 0x3B, 0x60, 0x3C, 0x20, 0x81, 0x00, 0x3B, 0x3D, 0x40, 0x3E, 0x40, 0x3F, 0x40, 0x40,
    0x20, 0x41, 0x20, 0x42, 0x60, 0x43, 0x20, 0x44, 0x60, 0x45, 0x70, 0x46, 0x40, 0x47, 0x50, 0x48,
    0x50, 0x49, 0x50, 0x4A, 0x70, 0x4B, 0x20, 0x4C, 0x20, 0x4D, 0x20, 0x4E, 0x70, 0x4F, 0x10, 0x50,
    0x10, 0x51, 0x10, 0x52, 0x10, 0x53, 0x10, 0x54, 0x10, 0x55, 0x10, 0x56, 0x20, 0x57, 0x20, 0x58,
    0x20, 0x59, 0x20, 0x5A, 0x20, 0x81, 0x00, 0x3B, 0x5B, 0x40, 0x5C, 0x40, 0x5D, 0x40, 0x5E, 0x20,
    0x5F, 0x20, 0x60, 0x20, 0x61, 0x60, 0x62, 0x40, 0x63, 0x40, 0x64, 0x50, 0x65, 0x50, 0x66, 0x50,
    0x67, 0x50, 0x68, 0x00, 0x69, 0x00, 0x6A, 0x70, 0x6B, 0x10, 0x6C, 0x70, 0x6D, 0x10, 0x6E, 0x10,
    0x6F, 0x10, 0x70, 0x10, 0x71, 0x10, 0x72, 0x10, 0x73, 0x10, 0x74, 0x10, 0x75, 0x20, 0x76, 0x20,
    0x77, 0x20, 0x78, 0x20, 0x81, 0x00, 0x3B, 0x79, 0x40, 0x7A, 0x40, 0x7B, 0x40, 0x7C, 0x20, 0x7D,
    0x60, 0x7E, 0x60, 0x7F, 0x40, 0x80, 0x40, 0x81, 0x50, 0x82, 0x50, 0x83, 0x50, 0x84, 0x50, 0x85,
    0x50, 0x86, 0x50, 0x87, 0x00, 0x88, 0x70, 0x89, 0x70, 0x8A, 0x70, 0x8B, 0x10, 0x8C, 0x10, 0x8D,
    0x10, 0x8E, 0x10, 0x8F, 0x10, 0x90, 0x10, 0x91, 0x10, 0x92, 0x10, 0x93, 0x10, 0x94, 0x20, 0x95,
    0x10, 0x96, 0x10, 0x81, 0x00, 0x3B, 0x97, 0x40, 0x98, 0x40, 0x99, 0x40, 0x9A, 0x60, 0x9B, 0x60,
    0x9C, 0x60, 0x9D, 0x40, 0x9E, 0x40, 0x9F, 0x50, 0xA0, 0x50, 0xA1, 0x50, 0xA2, 0x50, 0xA3, 0x50,
    0xA4, 0x50, 0xA5, 0x50, 0xA6, 0x70, 0xA7, 0x10, 0xA8, 0x70, 0xA9, 0x10, 0xAA, 0x10, 0xAB, 0x70,
    0xAC, 0x70, 0xAD, 0x70, 0xAE, 0x70, 0xAF, 0x10, 0xB0, 0x10, 0xB1, 0x10, 0xB2, 0x10, 0xB3, 0x10,
    0xB4, 0x10, 0x81, 0x00, 0x3B, 0xB5, 0x40, 0xB6, 0x40, 0xB7, 0x40, 0xB8, 0x60, 0xB9, 0x60, 0xBA,
    0x60, 0xBB, 0x40, 0xBC, 0x40, 0xBD, 0x50, 0xBE, 0x00, 0xBF, 0x50, 0xC0, 0x00, 0xC1, 0x00, 0xC2,
    0x00, 0xC3, 0x50, 0xC4, 0x70, 0xC5, 0x10, 0xC6, 0x70, 0xC7, 0x70, 0xC8, 0x30, 0xC9, 0x30, 0xCA,
    0x30, 0xCB, 0x30, 0xCC, 0x30, 0xCD, 0x70, 0xCE, 0x10, 0xCF, 0x10, 0xD0, 0x10, 0xD1, 0x10, 0xD2,
    0x10, 0x81, 0x00, 0x3B, 0xD3, 0x40, 0xD4, 0x40, 0xD5, 0x40, 0xD6, 0x60, 0xD7, 0x60, 0xD8, 0x60,
    0xD9, 0x40, 0xDA, 0x40, 0xDB, 0x50, 0xDC, 0x00, 0xDD, 0x00, 0xDE, 0x00, 0xDF, 0x00, 0xE0, 0x00,
    0xE1, 0x70, 0xE2, 0x10, 0xE3, 0x10, 0xE4, 0x70, 0xE5, 0x30, 0xE6, 0x30, 0xE7, 0x30, 0xE8, 0x30,
    0xE9, 0x30, 0xEA, 0x30, 0xEB, 0x30, 0xEC, 0x70, 0xED, 0x20, 0xEE, 0x20, 0xEF, 0x10, 0xF0, 0x10,
    0x81, 0x00, 0x3B, 0xF1, 0x40, 0xF2, 0x40, 0xF3, 0x50, 0xF4, 0x20, 0xF5, 0x60, 0xF6, 0x60, 0xF7,
    0x20, 0xF8, 0x50, 0xF9, 0x50, 0xFA, 0x00, 0xFB, 0x00, 0xFC, 0x00, 0xFD, 0x00, 0xFE, 0x00, 0xFF,
    0x10, 0x00, 0x11, 0x01, 0x11, 0x02, 0x71, 0x03, 0x31, 0x04, 0x31, 0x05, 0x31, 0x06, 0x31, 0x07,
    0x31, 0x08, 0x31, 0x09, 0x31, 0x0A, 0x31, 0x0B, 0x21, 0x0C, 0x21, 0x0D, 0x11, 0x0E, 0x11, 0x81,
    0x00, 0x3B, 0x0F, 0x41, 0x10, 0x41, 0x11, 0x51, 0x12, 0x21, 0x13, 0x21, 0x14, 0x61, 0x15, 0x21,
    0x16, 0x51, 0x17, 0x01, 0x18, 0x01, 0x19, 0x01, 0x1A, 0x01, 0x1B, 0x01, 0x1C, 0x01, 0x1D, 0x11,
    0x1E, 0x11, 0x1F, 0x11, 0x20, 0x51, 0x21, 0x51, 0x22, 0x31, 0x23, 0x31, 0x24, 0x31, 0x25, 0x31,
    0x26, 0x31, 0x27, 0x31, 0x28, 0x31, 0x29, 0x21, 0x2A, 0x21, 0x2B, 0x21, 0x2C, 0x21, 0x81, 0x00,
    0x3B, 0x2D, 0x41, 0x2E, 0x41, 0x2F, 0x51, 0x30, 0x21, 0x31, 0x21, 0x32, 0x21, 0x33, 0x71, 0x34,
    0x01, 0x35, 0x01, 0x36, 0x01, 0x37, 0x01, 0x38, 0x01, 0x39, 0x01, 0x3A, 0x11, 0x3B, 0x11, 0x3C,
    0x11, 0x3D, 0x71, 0x3E, 0x01, 0x3F, 0x51, 0x40, 0x51, 0x41, 0x31, 0x42, 0x31, 0x43, 0x31, 0x44,
    0x31, 0x45, 0x31, 0x46, 0x31, 0x47, 0x71, 0x48, 0x21, 0x49, 0x21, 0x4A, 0x21, 0x81, 0x00, 0x3B,
    0x4B, 0x41, 0x4C, 0x41, 0x4D, 0x51, 0x4E, 0x21, 0x4F, 0x21, 0x50, 0x21, 0x51, 0x11, 0x52, 0x11,
    0x53, 0x71, 0x54, 0x01, 0x55, 0x11, 0x56, 0x71, 0x57, 0x11, 0x58, 0x11, 0x59, 0x11, 0x5A, 0x11,
    0x5B, 0x71, 0x5C, 0x01, 0x5D, 0x01, 0x5E, 0x51, 0x5F, 0x31, 0x60, 0x51, 0x61, 0x71, 0x62, 0x31,
    0x63, 0x31, 0x64, 0x31, 0x65, 0x71, 0x66, 0x21, 0x67, 0x21, 0x68, 0x21, 0x81, 0x00, 0x3B, 0x69,
    0x41, 0x6A, 0x41, 0x6B, 0x51, 0x6C, 0x21, 0x6D, 0x21, 0x6E, 0x11, 0x6F, 0x11, 0x70, 0x11, 0x71,
    0x71, 0x72, 0x71, 0x73, 0x11, 0x74, 0x11, 0x75, 0x11, 0x76, 0x11, 0x77, 0x11, 0x78, 0x11, 0x79,
    0x71, 0x7A, 0x01, 0x7B, 0x01, 0x7C, 0x31, 0x7D, 0x31, 0x7E, 0x31, 0x7F, 0x31, 0x80, 0x31, 0x81,
    0x31, 0x82, 0x31, 0x83, 0x71, 0x84, 0x21, 0x85, 0x21, 0x86, 0x21, 0x81, 0x00, 0x3B, 0x87, 0x41,
    0x88, 0x41, 0x89, 0x51, 0x8A, 0x21, 0x8B, 0x11, 0x8C, 0x11, 0x8D, 0x11, 0x8E, 0x11, 0x8F, 0x71,
    0x90, 0x71, 0x91, 0x71, 0x92, 0x11, 0x93, 0x11, 0x94, 0x11, 0x95, 0x11, 0x96, 0x11, 0x97, 0x11,
    0x98, 0x01, 0x99, 0x01, 0x9A, 0x31, 0x9B, 0x31, 0x9C, 0x31, 0x9D, 0x31, 0x9E, 0x31, 0x9F, 0x61,
    0xA0, 0x41, 0xA1, 0x71, 0xA2, 0x21, 0xA3, 0x21, 0xA4, 0x21, 0x81, 0x00, 0x3B, 0xA5, 0x41, 0xA6,
    0x41, 0xA7, 0x41, 0xA8, 0x21, 0xA9, 0x71, 0xAA, 0x11, 0xAB, 0x11, 0xAC, 0x11, 0xAD, 0x11, 0xAE,
    0x11, 0xAF, 0x71, 0xB0, 0x11, 0xB1, 0x11, 0xB2, 0x11, 0xB3, 0x11, 0xB4, 0x11, 0xB5, 0x11, 0xB6,
    0x51, 0xB7, 0x21, 0xB8, 0x71, 0xB9, 0x01, 0xBA, 0x51, 0xBB, 0x71, 0xBC, 0x61, 0xBD, 0x61, 0xBE,
    0x61, 0xBF, 0x61, 0xC0, 0x21, 0xC1, 0x21, 0xC2, 0x21, 0x81, 0x00, 0x3B, 0xC3, 0x21, 0xC4, 0x41,
    0xC5, 0x41, 0xC6, 0x21, 0xC7, 0x21, 0xC8, 0x11, 0xC9, 0x11, 0xCA, 0x71, 0xCB, 0x11, 0xCC, 0x11,
    0xCD, 0x11, 0xCE, 0x11, 0xCF, 0x11, 0xD0, 0x11, 0xD1, 0x11, 0xD2, 0x11, 0xD3, 0x11, 0xD4, 0x51,
    0xD5, 0x21, 0xD6, 0x21, 0xD7, 0x01, 0xD8, 0x71, 0xD9, 0x11, 0xDA, 0x11, 0xDB, 0x61, 0xDC, 0x61,
    0xDD, 0x61, 0xDE, 0x61, 0xDF, 0x21, 0xE0, 0x21, 0x81, 0x00, 0x3B, 0xE1, 0x21, 0xE2, 0x21, 0xE3,
    0x41, 0xE4, 0x21, 0xE5, 0x21, 0xE6, 0x11, 0xE7, 0x11, 0xE8, 0x11, 0xE9, 0x11, 0xEA, 0x11, 0xEB,
    0x11, 0xEC, 0x11, 0xED, 0x11, 0xEE, 0x11, 0xEF, 0x11, 0xF0, 0x11, 0xF1, 0x11, 0xF2, 0x51, 0xF3,
    0x21, 0xF4, 0x71, 0xF5, 0x01, 0xF6, 0x51, 0xF7, 0x71, 0xF8, 0x11, 0xF9, 0x21, 0xFA, 0x61, 0xFB,
    0x61, 0xFC, 0x61, 0xFD, 0x21, 0xFE, 0x21, 0x81, 0x00, 0x3B, 0xFF, 0x21, 0x00, 0x42, 0x01, 0x42,
    0x02, 0x62, 0x03, 0x22, 0x04, 0x12, 0x05, 0x12, 0x06, 0x12, 0x07, 0x12, 0x08, 0x12, 0x09, 0x12,
    0x0A, 0x12, 0x0B, 0x22, 0x0C, 0x22, 0x0D, 0x12, 0x0E, 0x12, 0x0F, 0x12, 0x10, 0x52, 0x11, 0x22,
    0x12, 0x02, 0x13, 0x02, 0x14, 0x52, 0x15, 0x32, 0x16, 0x72, 0x17, 0x72, 0x18, 0x62, 0x19, 0x62,
    0x1A, 0x62, 0x1B, 0x62, 0x1C, 0x62, 0x81, 0x00, 0x08, 0x1D, 0x42, 0x1E, 0x42, 0x1F, 0x42, 0x20,
    0x62, 0x21, 0x80, 0x22, 0x2F, 0x23, 0x12, 0x24, 0x12, 0x25, 0x12, 0x26, 0x12, 0x27, 0x12, 0x28,
    0x12, 0x29, 0x42, 0x2A, 0x22, 0x2B, 0x22, 0x2C, 0x12, 0x2D, 0x22, 0x2E, 0x52, 0x2F, 0x22, 0x30,
    0x02, 0x31, 0x02, 0x32, 0x32, 0x33, 0x32, 0x34, 0x52, 0x35, 0x72, 0x36, 0x42, 0x37, 0x62, 0x38,
    0x62, 0x39, 0x62, 0x3A, 0x62, 0x81, 0x00, 0x3B, 0x3B, 0x42, 0x3C, 0x42, 0x3D, 0x42, 0x3E, 0x62,
    0x3F, 0x62, 0x40, 0x42, 0x41, 0x12, 0x42, 0x12, 0x43, 0x12, 0x44, 0x72, 0x45, 0x12, 0x46, 0x12,
    0x47, 0x42, 0x48, 0x22, 0x49, 0x22, 0x4A, 0x22, 0x4B, 0x22, 0x4C, 0x52, 0x4D, 0x72, 0x4E, 0x02,
    0x4F, 0x52, 0x50, 0x32, 0x51, 0x32, 0x52, 0x52, 0x53, 0x72, 0x54, 0x72, 0x55, 0x62, 0x56, 0x62,
    0x57, 0x62, 0x58, 0x62, 0xFF, 0x00, 0xFF, 0x00, 0xFB, 0x00, 0x00, 0x00,
};

alignas(int) static const uint16_t rin_pair_v3_used[601] = {
    0, 1, 2, 3, 4, 5, 6, 7, 8, 9, 10, 11, 12, 13, 14, 15,
    16, 17, 18, 19, 20, 21, 22, 23, 24, 25, 26, 27, 28, 29, 30, 31,
    32, 33, 34, 35, 36, 37, 38, 39, 40, 41, 42, 43, 44, 45, 46, 47,
    48, 49, 50, 51, 52, 53, 54, 55, 56, 57, 58, 59, 60, 61, 62, 63,
    64, 65, 66, 67, 68, 69, 70, 71, 72, 73, 74, 75, 76, 77, 78, 79,
    80, 81, 82, 83, 84, 85, 86, 87, 88, 89, 90, 91, 92, 93, 94, 95,
    96, 97, 98, 99, 100, 101, 102, 103, 104, 105, 106, 107, 108, 109, 110, 111,
    112, 113, 114, 115, 116, 117, 118, 119, 120, 121, 122, 123, 124, 125, 126, 127,
    128, 129, 130, 131, 132, 133, 134, 135, 136, 137, 138, 139, 140, 141, 142, 143,
    144, 145, 146, 147, 148, 149, 150, 151, 152, 153, 154, 155, 156, 157, 158, 159,
    160, 161, 617, 618, 164, 165, 166, 167, 168, 169, 170, 171, 172, 173, 174, 175,
    176, 177, 178, 179, 180, 181, 182, 183, 184, 185, 186, 187, 188, 189, 190, 191,
    192, 619, 620, 195, 196, 197, 198, 199, 200, 201, 202, 203, 204, 205, 206, 207,
    208, 209, 210, 211, 212, 213, 214, 215, 216, 217, 218, 219, 220, 221, 222, 621,
    622, 623, 226, 227, 228, 229, 230, 231, 232, 233, 234, 235, 236, 237, 238, 239,
    240, 241, 242, 243, 244, 245, 246, 247, 248, 249, 250, 251, 252, 253, 254, 255,
    256, 257, 258, 610, 260, 261, 262, 263, 264, 265, 266, 267, 268, 269, 270, 271,
    272, 273, 274, 275, 276, 277, 278, 279, 280, 281, 282, 624, 284, 285, 286, 287,
    611, 612, 613, 291, 292, 293, 294, 295, 296, 297, 298, 299, 300, 301, 302, 303,
    304, 305, 306, 307, 308, 309, 310, 311, 312, 625, 314, 315, 316, 317, 614, 615,
    320, 321, 322, 323, 324, 325, 326, 327, 328, 329, 330, 331, 332, 333, 334, 335,
    336, 337, 338, 339, 340, 341, 342, 343, 344, 345, 346, 347, 348, 349, 350, 351,
    352, 353, 354, 355, 356, 357, 358, 359, 360, 361, 362, 363, 364, 365, 366, 367,
    368, 369, 370, 371, 372, 373, 374, 375, 376, 377, 616, 379, 380, 381, 382, 383,
    384, 385, 386, 387, 388, 389, 390, 391, 392, 393, 394, 395, 396, 397, 398, 399,
    400, 401, 402, 403, 404, 405, 406, 407, 408, 409, 410, 411, 412, 413, 414, 415,
    416, 417, 418, 419, 420, 421, 422, 423, 424, 425, 426, 427, 428, 429, 430, 431,
    432, 433, 434, 435, 436, 437, 438, 439, 440, 441, 442, 443, 444, 445, 446, 447,
    448, 449, 450, 451, 452, 453, 454, 455, 456, 457, 458, 459, 460, 461, 462, 463,
    464, 465, 466, 467, 468, 469, 470, 471, 472, 473, 474, 475, 476, 477, 478, 479,
    480, 481, 482, 483, 484, 485, 486, 487, 488, 489, 490, 491, 492, 493, 494, 495,
    496, 497, 498, 499, 500, 501, 502, 503, 504, 505, 506, 507, 508, 509, 510, 511,
    512, 513, 514, 515, 516, 517, 518, 519, 520, 521, 522, 523, 524, 525, 526, 527,
    528, 529, 530, 531, 532, 533, 534, 535, 536, 537, 538, 539, 540, 541, 542, 543,
    544, 545, 546, 547, 548, 549, 550, 551, 552, 553, 554, 555, 556, 557, 558, 559,
    560, 561, 562, 563, 564, 565, 566, 567, 568, 569, 570, 571, 572, 573, 574, 575,
    576, 577, 578, 579, 580, 581, 582, 583, 584, 585, 586, 587, 588, 589, 590, 591,
    592, 593, 594, 595, 596, 597, 598, 599, 600,
};

alignas(int) static const unsigned char rin_pair_v3_map_rle[1276] = {
    0x30, 0x00, 0x08, 0x00, 0xFF, 0x00, 0xFF, 0x00, 0xFB, 0x00, 0x3B, 0x01, 0x40, 0x02, 0x40, 0x03,
    0x40, 0x04, 0x20, 0x05, 0x20, 0x06, 0x60, 0x07, 0x60, 0x08, 0x60, 0x09, 0x60, 0x0A, 0x60, 0x0B,
    0x20, 0x0C, 0x20, 0x0D, 0x20, 0x0E, 0x20, 0x0F, 0x20, 0x10, 0x20, 0x11, 0x20, 0x12, 0x70, 0x13,
    0x40, 0x14, 0x20, 0x15, 0x20, 0x16, 0x10, 0x17, 0x10, 0x18, 0x10, 0x19, 0x20, 0x1A, 0x20, 0x1B,
    0x20, 0x1C, 0x20, 0x1D, 0x20, 0x1E, 0x20, 0x81, 0x00, 0x3B, 0x1F, 0x40, 0x20, 0x40, 0x21, 0x40,
    0x22, 0x20, 0x23, 0x20, 0x24, 0x60, 0x25, 0x60, 0x26, 0x60, 0x27, 0x20, 0x28, 0x40, 0x29, 0x70,
    0x2A, 0x70, 0x2B, 0x20, 0x2C, 0x20, 0x2D, 0x20, 0x2E, 0x20, 0x2F, 0x20, 0x30, 0x70, 0x31, 0x70,
    0x32, 0x10, 0x33, 0x10, 0x34, 0x10, 0x35, 0x10, 0x36, 0x10, 0x37, 0x10, 0x38, 0x20, 0x39, 0x20,
    0x3A, 0x20, 0x3B, 0x60, 0x3C, 0x20, 0x81, 0x00, 0x3B, 0x3D, 0x40, 0x3E, 0x40, 0x3F, 0x40, 0x40,
    0x20, 0x41, 0x20, 0x42, 0x60, 0x43, 0x20, 0x44, 0x60, 0x45, 0x70, 0x46, 0x40, 0x47, 0x50, 0x48,
    0x50, 0x49, 0x50, 0x4A, 0x70, 0x4B, 0x20, 0x4C, 0x20, 0x4D, 0x20, 0x4E, 0x70, 0x4F, 0x10, 0x50,
    0x10, 0x51, 0x10, 0x52, 0x10, 0x53, 0x10, 0x54, 0x10, 0x55, 0x10, 0x56, 0x20, 0x57, 0x20, 0x58,
    0x20, 0x59, 0x20, 0x5A, 0x20, 0x81, 0x00, 0x3B, 0x5B, 0x40, 0x5C, 0x40, 0x5D, 0x40, 0x5E, 0x20,
    0x5F, 0x20, 0x60, 0x20, 0x61, 0x60, 0x62, 0x40, 0x63, 0x40, 0x64, 0x50, 0x65, 0x50, 0x66, 0x50,
    0x67, 0x50, 0x68, 0x00, 0x69, 0x00, 0x6A, 0x70, 0x6B, 0x10, 0x6C, 0x70, 0x6D, 0x10, 0x6E, 0x10,
    0x6F, 0x10, 0x70, 0x10, 0x71, 0x10, 0x72, 0x10, 0x73, 0x10, 0x74, 0x10, 0x75, 0x20, 0x76, 0x20,
    0x77, 0x20, 0x78, 0x20, 0x81, 0x00, 0x3B, 0x79, 0x40, 0x7A, 0x40, 0x7B, 0x40, 0x7C, 0x20, 0x7D,
    0x60, 0x7E, 0x60, 0x7F, 0x40, 0x80, 0x40, 0x81, 0x50, 0x82, 0x50, 0x83, 0x50, 0x84, 0x50, 0x85,
    0x50, 0x86, 0x50, 0x87, 0x00, 0x88, 0x70, 0x89, 0x70, 0x8A, 0x70, 0x8B, 0x10, 0x8C, 0x10, 0x8D,
    0x10, 0x8E, 0x10, 0x8F, 0x10, 0x90, 0x10, 0x91, 0x10, 0x92, 0x10, 0x93, 0x10, 0x94, 0x20, 0x95,
    0x10, 0x96, 0x10, 0x81, 0x00, 0x3B, 0x97, 0x40, 0x98, 0x40, 0x99, 0x40, 0x9A, 0x60, 0x9B, 0x60,
    0x9C, 0x60, 0x9D, 0x40, 0x9E, 0x40, 0x9F, 0x50, 0xA0, 0x50, 0xA1, 0x50, 0xA2, 0x50, 0xA3, 0x50,
    0xA4, 0x50, 0xA5, 0x50, 0xA6, 0x70, 0xA7, 0x10, 0xA8, 0x70, 0xA9, 0x10, 0xAA, 0x10, 0xAB, 0x70,
    0xAC, 0x70, 0xAD, 0x70, 0xAE, 0x70, 0xAF, 0x10, 0xB0, 0x10, 0xB1, 0x10, 0xB2, 0x10, 0xB3, 0x10,
    0xB4, 0x10, 0x81, 0x00, 0x3B, 0xB5, 0x40, 0xB6, 0x40, 0xB7, 0x40, 0xB8, 0x60, 0xB9, 0x60, 0xBA,
    0x60, 0xBB, 0x40, 0xBC, 0x40, 0xBD, 0x50, 0xBE, 0x00, 0xBF, 0x50, 0xC0, 0x00, 0xC1, 0x00, 0xC2,
    0x00, 0xC3, 0x50, 0xC4, 0x70, 0xC5, 0x10, 0xC6, 0x70, 0xC7, 0x70, 0xC8, 0x30, 0xC9, 0x30, 0xCA,
    0x30, 0xCB, 0x30, 0xCC, 0x30, 0xCD, 0x70, 0xCE, 0x10, 0xCF, 0x10, 0xD0, 0x10, 0xD1, 0x10, 0xD2,
    0x10, 0x81, 0x00, 0x3B, 0xD3, 0x40, 0xD4, 0x40, 0xD5, 0x40, 0xD6, 0x60, 0xD7, 0x60, 0xD8, 0x60,
    0xD9, 0x40, 0xDA, 0x40, 0xDB, 0x50, 0xDC, 0x00, 0xDD, 0x00, 0xDE, 0x00, 0xDF, 0x00, 0xE0, 0x00,
    0xE1, 0x70, 0xE2, 0x10, 0xE3, 0x10, 0xE4, 0x70, 0xE5, 0x30, 0xE6, 0x30, 0xE7, 0x30, 0xE8, 0x30,
    0xE9, 0x30, 0xEA, 0x30, 0xEB, 0x30, 0xEC, 0x70, 0xED, 0x20, 0xEE, 0x20, 0xEF, 0x10, 0xF0, 0x10,
    0x81, 0x00, 0x3B, 0xF1, 0x40, 0xF2, 0x40, 0xF3, 0x50, 0xF4, 0x20, 0xF5, 0x60, 0xF6, 0x60, 0xF7,
    0x20, 0xF8, 0x50, 0xF9, 0x50, 0xFA, 0x00, 0xFB, 0x00, 0xFC, 0x00, 0xFD, 0x00, 0xFE, 0x00, 0xFF,
    0x10, 0x00, 0x11, 0x01, 0x11, 0x02, 0x71, 0x03, 0x31, 0x04, 0x31, 0x05, 0x31, 0x06, 0x31, 0x07,
    0x31, 0x08, 0x31, 0x09, 0x31, 0x0A, 0x31, 0x0B, 0x21, 0x0C, 0x21, 0x0D, 0x11, 0x0E, 0x11, 0x81,
    0x00, 0x3B, 0x0F, 0x41, 0x10, 0x41, 0x11, 0x51, 0x12, 0x21, 0x13, 0x21, 0x14, 0x61, 0x15, 0x21,
    0x16, 0x51, 0x17, 0x01, 0x18, 0x01, 0x19, 0x01, 0x1A, 0x01, 0x1B, 0x01, 0x1C, 0x01, 0x1D, 0x11,
    0x1E, 0x11, 0x1F, 0x11, 0x20, 0x51, 0x21, 0x51, 0x22, 0x31, 0x23, 0x31, 0x24, 0x31, 0x25, 0x31,
    0x26, 0x31, 0x27, 0x31, 0x28, 0x31, 0x29, 0x21, 0x2A, 0x21, 0x2B, 0x21, 0x2C, 0x21, 0x81, 0x00,
    0x3B, 0x2D, 0x41, 0x2E, 0x41, 0x2F, 0x51, 0x30, 0x21, 0x31, 0x21, 0x32, 0x21, 0x33, 0x71, 0x34,
    0x01, 0x35, 0x01, 0x36, 0x01, 0x37, 0x01, 0x38, 0x01, 0x39, 0x01, 0x3A, 0x11, 0x3B, 0x11, 0x3C,
    0x11, 0x3D, 0x71, 0x3E, 0x01, 0x3F, 0x51, 0x40, 0x51, 0x41, 0x31, 0x42, 0x31, 0x43, 0x31, 0x44,
    0x31, 0x45, 0x31, 0x46, 0x31, 0x47, 0x71, 0x48, 0x21, 0x49, 0x21, 0x4A, 0x21, 0x81, 0x00, 0x3B,
    0x4B, 0x41, 0x4C, 0x41, 0x4D, 0x51, 0x4E, 0x21, 0x4F, 0x21, 0x50, 0x21, 0x51, 0x11, 0x52, 0x11,
    0x53, 0x71, 0x54, 0x01, 0x55, 0x11, 0x56, 0x71, 0x57, 0x11, 0x58, 0x11, 0x59, 0x11, 0x5A, 0x11,
    0x5B, 0x71, 0x5C, 0x01, 0x5D, 0x01, 0x5E, 0x51, 0x5F, 0x31, 0x60, 0x51, 0x61, 0x71, 0x62, 0x31,
    0x63, 0x31, 0x64, 0x31, 0x65, 0x71, 0x66, 0x21, 0x67, 0x21, 0x68, 0x21, 0x81, 0x00, 0x3B, 0x69,
    0x41, 0x6A, 0x41, 0x6B, 0x51, 0x6C, 0x21, 0x6D, 0x21, 0x6E, 0x11, 0x6F, 0x11, 0x70, 0x11, 0x71,
    0x71, 0x72, 0x71, 0x73, 0x11, 0x74, 0x11, 0x75, 0x11, 0x76, 0x11, 0x77, 0x11, 0x78, 0x11, 0x79,
    0x71, 0x7A, 0x01, 0x7B, 0x01, 0x7C, 0x31, 0x7D, 0x31, 0x7E, 0x31, 0x7F, 0x31, 0x80, 0x31, 0x81,
    0x31, 0x82, 0x31, 0x83, 0x71, 0x84, 0x21, 0x85, 0x21, 0x86, 0x21, 0x81, 0x00, 0x3B, 0x87, 0x41,
    0x88, 0x41, 0x89, 0x51, 0x8A, 0x21, 0x8B, 0x11, 0x8C, 0x11, 0x8D, 0x11, 0x8E, 0x11, 0x8F, 0x71,
    0x90, 0x71, 0x91, 0x71, 0x92, 0x11, 0x93, 0x11, 0x94, 0x11, 0x95, 0x11, 0x96, 0x11, 0x97, 0x11,
    0x98, 0x01, 0x99, 0x01, 0x9A, 0x31, 0x9B, 0x31, 0x9C, 0x31, 0x9D, 0x31, 0x9E, 0x31, 0x9F, 0x61,
    0xA0, 0x41, 0xA1, 0x71, 0xA2, 0x21, 0xA3, 0x21, 0xA4, 0x21, 0x81, 0x00, 0x3B, 0xA5, 0x41, 0xA6,
    0x41, 0xA7, 0x41, 0xA8, 0x21, 0xA9, 0x71, 0xAA, 0x11, 0xAB, 0x11, 0xAC, 0x11, 0xAD, 0x11, 0xAE,
    0x11, 0xAF, 0x71, 0xB0, 0x11, 0xB1, 0x11, 0xB2, 0x11, 0xB3, 0x11, 0xB4, 0x11, 0xB5, 0x11, 0xB6,
    0x51, 0xB7, 0x21, 0xB8, 0x71, 0xB9, 0x01, 0xBA, 0x51, 0xBB, 0x71, 0xBC, 0x61, 0xBD, 0x61, 0xBE,
    0x61, 0xBF, 0x61, 0xC0, 0x21, 0xC1, 0x21, 0xC2, 0x21, 0x81, 0x00, 0x3B, 0xC3, 0x21, 0xC4, 0x41,
    0xC5, 0x41, 0xC6, 0x21, 0xC7, 0x21, 0xC8, 0x11, 0xC9, 0x11, 0xCA, 0x71, 0xCB, 0x11, 0xCC, 0x11,
    0xCD, 0x11, 0xCE, 0x11, 0xCF, 0x11, 0xD0, 0x11, 0xD1, 0x11, 0xD2, 0x11, 0xD3, 0x11, 0xD4, 0x51,
    0xD5, 0x21, 0xD6, 0x21, 0xD7, 0x01, 0xD8, 0x71, 0xD9, 0x11, 0xDA, 0x11, 0xDB, 0x61, 0xDC, 0x61,
    0xDD, 0x61, 0xDE, 0x61, 0xDF, 0x21, 0xE0, 0x21, 0x81, 0x00, 0x3B, 0xE1, 0x21, 0xE2, 0x21, 0xE3,
    0x41, 0xE4, 0x21, 0xE5, 0x21, 0xE6, 0x11, 0xE7, 0x11, 0xE8, 0x11, 0xE9, 0x11, 0xEA, 0x11, 0xEB,
    0x11, 0xEC, 0x11, 0xED, 0x11, 0xEE, 0x11, 0xEF, 0x11, 0xF0, 0x11, 0xF1, 0x11, 0xF2, 0x51, 0xF3,
    0x21, 0xF4, 0x71, 0xF5, 0x01, 0xF6, 0x51, 0xF7, 0x71, 0xF8, 0x11, 0xF9, 0x21, 0xFA, 0x61, 0xFB,
    0x61, 0xFC, 0x61, 0xFD, 0x21, 0xFE, 0x21, 0x81, 0x00, 0x3B, 0xFF, 0x21, 0x00, 0x42, 0x01, 0x42,
    0x02, 0x62, 0x03, 0x22, 0x04, 0x12, 0x05, 0x12, 0x06, 0x12, 0x07, 0x12, 0x08, 0x12, 0x09, 0x12,
    0x0A, 0x12, 0x0B, 0x22, 0x0C, 0x22, 0x0D, 0x12, 0x0E, 0x12, 0x0F, 0x12, 0x10, 0x52, 0x11, 0x22,
    0x12, 0x02, 0x13, 0x02, 0x14, 0x52, 0x15, 0x32, 0x16, 0x72, 0x17, 0x72, 0x18, 0x62, 0x19, 0x62,
    0x1A, 0x62, 0x1B, 0x62, 0x1C, 0x62, 0x81, 0x00, 0x08, 0x1D, 0x42, 0x1E, 0x42, 0x1F, 0x42, 0x20,
    0x62, 0x21, 0x80, 0x22, 0x2F, 0x23, 0x12, 0x24, 0x12, 0x25, 0x12, 0x26, 0x12, 0x27, 0x12, 0x28,
    0x12, 0x29, 0x42, 0x2A, 0x22, 0x2B, 0x22, 0x2C, 0x12, 0x2D, 0x22, 0x2E, 0x52, 0x2F, 0x22, 0x30,
    0x02, 0x31, 0x02, 0x32, 0x32, 0x33, 0x32, 0x34, 0x52, 0x35, 0x72, 0x36, 0x42, 0x37, 0x62, 0x38,
    0x62, 0x39, 0x62, 0x3A, 0x62, 0x81, 0x00, 0x3B, 0x3B, 0x42, 0x3C, 0x42, 0x3D, 0x42, 0x3E, 0x62,
    0x3F, 0x62, 0x40, 0x42, 0x41, 0x12, 0x42, 0x12, 0x43, 0x12, 0x44, 0x72, 0x45, 0x12, 0x46, 0x12,
    0x47, 0x42, 0x48, 0x22, 0x49, 0x22, 0x4A, 0x22, 0x4B, 0x22, 0x4C, 0x52, 0x4D, 0x72, 0x4E, 0x02,
    0x4F, 0x52, 0x50, 0x32, 0x51, 0x32, 0x52, 0x52, 0x53, 0x72, 0x54, 0x72, 0x55, 0x62, 0x56, 0x62,
    0x57, 0x62, 0x58, 0x62, 0xFF, 0x00, 0xFF, 0x00, 0xFB, 0x00, 0x00, 0x00,
};

alignas(int) static const uint16_t rin_pair_v4_used[601] = {
    0, 1, 2, 3, 4, 5, 6, 7, 8, 9, 10, 11, 12, 13, 14, 15,
    16, 17, 18, 19, 20, 21, 22, 23, 24, 25, 26, 27, 28, 29, 30, 31,
    32, 33, 34, 35, 36, 37, 38, 39, 40, 41, 42, 43, 44, 45, 46, 47,
    48, 49, 50, 51, 52, 53, 54, 55, 56, 57, 58, 59, 60, 61, 62, 63,
    64, 65, 66, 67, 68, 69, 70, 71, 72, 73, 74, 75, 76, 77, 78, 79,
    80, 81, 82, 83, 84, 85, 86, 87, 88, 89, 90, 91, 92, 93, 94, 95,
    96, 97, 98, 99, 100, 101, 102, 103, 104, 105, 106, 107, 108, 109, 110, 111,
    112, 113, 114, 115, 116, 117, 118, 119, 120, 121, 122, 123, 124, 125, 126, 127,
    128, 129, 130, 131, 132, 133, 134, 135, 136, 137, 138, 139, 140, 141, 142, 143,
    144, 145, 146, 147, 148, 149, 150, 151, 152, 153, 154, 155, 156, 157, 158, 159,
    160, 161, 617, 618, 164, 165, 166, 167, 168, 169, 170, 171, 172, 173, 174, 175,
    176, 177, 178, 179, 180, 181, 182, 183, 184, 185, 186, 187, 188, 189, 190, 191,
    192, 619, 620, 195, 196, 197, 198, 199, 200, 201, 202, 203, 204, 205, 206, 207,
    208, 209, 210, 211, 212, 213, 214, 215, 216, 217, 218, 219, 220, 221, 222, 621,
    622, 623, 226, 227, 228, 229, 230, 231, 232, 233, 234, 235, 236, 237, 238, 239,
    240, 241, 242, 243, 244, 245, 246, 247, 248, 249, 250, 251, 252, 253, 254, 255,
    256, 257, 258, 626, 260, 261, 262, 263, 264, 265, 266, 267, 268, 269, 270, 271,
    272, 273, 274, 275, 276, 277, 278, 279, 280, 281, 282, 624, 284, 285, 286, 287,
    288, 627, 290, 291, 292, 293, 294, 295, 296, 297, 298, 299, 300, 301, 302, 303,
    304, 305, 306, 307, 308, 309, 310, 311, 312, 625, 314, 315, 316, 317, 628, 629,
    320, 321, 322, 323, 324, 325, 326, 327, 328, 329, 330, 331, 332, 333, 334, 335,
    336, 337, 338, 339, 340, 341, 342, 343, 344, 345, 346, 347, 348, 349, 350, 351,
    352, 353, 354, 355, 356, 357, 358, 359, 360, 361, 362, 363, 364, 365, 366, 367,
    368, 369, 370, 371, 372, 373, 374, 375, 376, 630, 631, 379, 380, 381, 382, 383,
    384, 385, 386, 387, 388, 389, 390, 391, 392, 393, 394, 395, 396, 397, 398, 399,
    400, 401, 402, 403, 404, 405, 406, 407, 408, 409, 410, 411, 412, 413, 414, 415,
    416, 417, 418, 419, 420, 421, 422, 423, 424, 425, 426, 427, 428, 429, 430, 431,
    432, 433, 434, 435, 436, 437, 438, 439, 440, 441, 442, 443, 444, 445, 446, 447,
    448, 449, 450, 451, 452, 453, 454, 455, 456, 457, 458, 459, 460, 461, 462, 463,
    464, 465, 466, 467, 468, 469, 470, 471, 472, 473, 474, 475, 476, 477, 478, 479,
    480, 481, 482, 483, 484, 485, 486, 487, 488, 489, 490, 491, 492, 493, 494, 495,
    496, 497, 498, 499, 500, 501, 502, 503, 504, 505, 506, 507, 508, 509, 510, 511,
    512, 513, 514, 515, 516, 517, 518, 519, 520, 521, 522, 523, 524, 525, 526, 527,
    528, 529, 530, 531, 532, 533, 534, 535, 536, 537, 538, 539, 540, 541, 542, 543,
    544, 545, 546, 547, 548, 549, 550, 551, 552, 553, 554, 555, 556, 557, 558, 559,
    560, 561, 562, 563, 564, 565, 566, 567, 568, 569, 570, 571, 572, 573, 574, 575,
    576, 577, 578, 579, 580, 581, 582, 583, 584, 585, 586, 587, 588, 589, 590, 591,
    592, 593, 594, 595, 596, 597, 598, 599, 600,
};

alignas(int) static const unsigned char rin_pair_v4_map_rle[1276] = {
    0x30, 0x00, 0x08, 0x00, 0xFF, 0x00, 0xFF, 0x00, 0xFB, 0x00, 0x3B, 0x01, 0x40, 0x02, 0x40, 0x03,
    0x40, 0x04, 0x20, 0x05, 0x20, 0x06, 0x60, 0x07, 0x60, 0x08, 0x60, 0x09, 0x60, 0x0A, 0x60, 0x0B,
    0x20, 0x0C, 0x20, 0x0D, 0x20, 0x0E, 0x20, 0x0F, 0x20, 0x10, 0x20, 0x11, 0x20, 0x12, 0x70, 0x13,
    0x40, 0x14, 0x20, 0x15, 0x20, 0x16, 0x10, 0x17, 0x10, 0x18, 0x10, 0x19, 0x20, 0x1A, 0x20, 0x1B,
    0x20, 0x1C, 0x20, 0x1D, 0x20, 0x1E, 0x20, 0x81, 0x00, 0x3B, 0x1F, 0x40, 0x20, 0x40, 0x21, 0x40,
    0x22, 0x20, 0x23, 0x20, 0x24, 0x60, 0x25, 0x60, 0x26, 0x60, 0x27, 0x20, 0x28, 0x40, 0x29, 0x70,
    0x2A, 0x70, 0x2B, 0x20, 0x2C, 0x20, 0x2D, 0x20, 0x2E, 0x20, 0x2F, 0x20, 0x30, 0x70, 0x31, 0x70,
    0x32, 0x10, 0x33, 0x10, 0x34, 0x10, 0x35, 0x10, 0x36, 0x10, 0x37, 0x10, 0x38, 0x20, 0x39, 0x20,
    0x3A, 0x20, 0x3B, 0x60, 0x3C, 0x20, 0x81, 0x00, 0x3B, 0x3D, 0x40, 0x3E, 0x40, 0x3F, 0x40, 0x40,
    0x20, 0x41, 0x20, 0x42, 0x60, 0x43, 0x20, 0x44, 0x60, 0x45, 0x70, 0x46, 0x40, 0x47, 0x50, 0x48,
    0x50, 0x49, 0x50, 0x4A, 0x70, 0x4B, 0x20, 0x4C, 0x20, 0x4D, 0x20, 0x4E, 0x70, 0x4F, 0x10, 0x50,
    0x10, 0x51, 0x10, 0x52, 0x10, 0x53, 0x10, 0x54, 0x10, 0x55, 0x10, 0x56, 0x20, 0x57, 0x20, 0x58,
    0x20, 0x59, 0x20, 0x5A, 0x20, 0x81, 0x00, 0x3B, 0x5B, 0x40, 0x5C, 0x40, 0x5D, 0x40, 0x5E, 0x20,
    0x5F, 0x20, 0x60, 0x20, 0x61, 0x60, 0x62, 0x40, 0x63, 0x40, 0x64, 0x50, 0x65, 0x50, 0x66, 0x50,
    0x67, 0x50, 0x68, 0x00, 0x69, 0x00, 0x6A, 0x70, 0x6B, 0x10, 0x6C, 0x70, 0x6D, 0x10, 0x6E, 0x10,
    0x6F, 0x10, 0x70, 0x10, 0x71, 0x10, 0x72, 0x10, 0x73, 0x10, 0x74, 0x10, 0x75, 0x20, 0x76, 0x20,
    0x77, 0x20, 0x78, 0x20, 0x81, 0x00, 0x3B, 0x79, 0x40, 0x7A, 0x40, 0x7B, 0x40, 0x7C, 0x20, 0x7D,
    0x60, 0x7E, 0x60, 0x7F, 0x40, 0x80, 0x40, 0x81, 0x50, 0x82, 0x50, 0x83, 0x50, 0x84, 0x50, 0x85,
    0x50, 0x86, 0x50, 0x87, 0x00, 0x88, 0x70, 0x89, 0x70, 0x8A, 0x70, 0x8B, 0x10, 0x8C, 0x10, 0x8D,
    0x10, 0x8E, 0x10, 0x8F, 0x10, 0x90, 0x10, 0x91, 0x10, 0x92, 0x10, 0x93, 0x10, 0x94, 0x20, 0x95,
    0x10, 0x96, 0x10, 0x81, 0x00, 0x3B, 0x97, 0x40, 0x98, 0x40, 0x99, 0x40, 0x9A, 0x60, 0x9B, 0x60,
    0x9C, 0x60, 0x9D, 0x40, 0x9E, 0x40, 0x9F, 0x50, 0xA0, 0x50, 0xA1, 0x50, 0xA2, 0x50, 0xA3, 0x50,
    0xA4, 0x50, 0xA5, 0x50, 0xA6, 0x70, 0xA7, 0x10, 0xA8, 0x70, 0xA9, 0x10, 0xAA, 0x10, 0xAB, 0x70,
    0xAC, 0x70, 0xAD, 0x70, 0xAE, 0x70, 0xAF, 0x10, 0xB0, 0x10, 0xB1, 0x10, 0xB2, 0x10, 0xB3, 0x10,
    0xB4, 0x10, 0x81, 0x00, 0x3B, 0xB5, 0x40, 0xB6, 0x40, 0xB7, 0x40, 0xB8, 0x60, 0xB9, 0x60, 0xBA,
    0x60, 0xBB, 0x40, 0xBC, 0x40, 0xBD, 0x50, 0xBE, 0x00, 0xBF, 0x50, 0xC0, 0x00, 0xC1, 0x00, 0xC2,
    0x00, 0xC3, 0x50, 0xC4, 0x70, 0xC5, 0x10, 0xC6, 0x70, 0xC7, 0x70, 0xC8, 0x30, 0xC9, 0x30, 0xCA,
    0x30, 0xCB, 0x30, 0xCC, 0x30, 0xCD, 0x70, 0xCE, 0x10, 0xCF, 0x10, 0xD0, 0x10, 0xD1, 0x10, 0xD2,
    0x10, 0x81, 0x00, 0x3B, 0xD3, 0x40, 0xD4, 0x40, 0xD5, 0x40, 0xD6, 0x60, 0xD7, 0x60, 0xD8, 0x60,
    0xD9, 0x40, 0xDA, 0x40, 0xDB, 0x50, 0xDC, 0x00, 0xDD, 0x00, 0xDE, 0x00, 0xDF, 0x00, 0xE0, 0x00,
    0xE1, 0x70, 0xE2, 0x10, 0xE3, 0x10, 0xE4, 0x70, 0xE5, 0x30, 0xE6, 0x30, 0xE7, 0x30, 0xE8, 0x30,
    0xE9, 0x30, 0xEA, 0x30, 0xEB, 0x30, 0xEC, 0x70, 0xED, 0x20, 0xEE, 0x20, 0xEF, 0x10, 0xF0, 0x10,
    0x81, 0x00, 0x3B, 0xF1, 0x40, 0xF2, 0x40, 0xF3, 0x50, 0xF4, 0x20, 0xF5, 0x60, 0xF6, 0x60, 0xF7,
    0x20, 0xF8, 0x50, 0xF9, 0x50, 0xFA, 0x00, 0xFB, 0x00, 0xFC, 0x00, 0xFD, 0x00, 0xFE, 0x00, 0xFF,
    0x10, 0x00, 0x11, 0x01, 0x11, 0x02, 0x71, 0x03, 0x31, 0x04, 0x31, 0x05, 0x31, 0x06, 0x31, 0x07,
    0x31, 0x08, 0x31, 0x09, 0x31, 0x0A, 0x31, 0x0B, 0x21, 0x0C, 0x21, 0x0D, 0x11, 0x0E, 0x11, 0x81,
    0x00, 0x3B, 0x0F, 0x41, 0x10, 0x41, 0x11, 0x51, 0x12, 0x21, 0x13, 0x21, 0x14, 0x61, 0x15, 0x21,
    0x16, 0x51, 0x17, 0x01, 0x18, 0x01, 0x19, 0x01, 0x1A, 0x01, 0x1B, 0x01, 0x1C, 0x01, 0x1D, 0x11,
    0x1E, 0x11, 0x1F, 0x11, 0x20, 0x51, 0x21, 0x51, 0x22, 0x31, 0x23, 0x31, 0x24, 0x31, 0x25, 0x31,
    0x26, 0x31, 0x27, 0x31, 0x28, 0x31, 0x29, 0x21, 0x2A, 0x21, 0x2B, 0x21, 0x2C, 0x21, 0x81, 0x00,
    0x3B, 0x2D, 0x41, 0x2E, 0x41, 0x2F, 0x51, 0x30, 0x21, 0x31, 0x21, 0x32, 0x21, 0x33, 0x71, 0x34,
    0x01, 0x35, 0x01, 0x36, 0x01, 0x37, 0x01, 0x38, 0x01, 0x39, 0x01, 0x3A, 0x11, 0x3B, 0x11, 0x3C,
    0x11, 0x3D, 0x71, 0x3E, 0x01, 0x3F, 0x51, 0x40, 0x51, 0x41, 0x31, 0x42, 0x31, 0x43, 0x31, 0x44,
    0x31, 0x45, 0x31, 0x46, 0x31, 0x47, 0x71, 0x48, 0x21, 0x49, 0x21, 0x4A, 0x21, 0x81, 0x00, 0x3B,
    0x4B, 0x41, 0x4C, 0x41, 0x4D, 0x51, 0x4E, 0x21, 0x4F, 0x21, 0x50, 0x21, 0x51, 0x11, 0x52, 0x11,
    0x53, 0x71, 0x54, 0x01, 0x55, 0x11, 0x56, 0x71, 0x57, 0x11, 0x58, 0x11, 0x59, 0x11, 0x5A, 0x11,
    0x5B, 0x71, 0x5C, 0x01, 0x5D, 0x01, 0x5E, 0x51, 0x5F, 0x31, 0x60, 0x51, 0x61, 0x71, 0x62, 0x31,
    0x63, 0x31, 0x64, 0x31, 0x65, 0x71, 0x66, 0x21, 0x67, 0x21, 0x68, 0x21, 0x81, 0x00, 0x3B, 0x69,
    0x41, 0x6A, 0x41, 0x6B, 0x51, 0x6C, 0x21, 0x6D, 0x21, 0x6E, 0x11, 0x6F, 0x11, 0x70, 0x11, 0x71,
    0x71, 0x72, 0x71, 0x73, 0x11, 0x74, 0x11, 0x75, 0x11, 0x76, 0x11, 0x77, 0x11, 0x78, 0x11, 0x79,
    0x71, 0x7A, 0x01, 0x7B, 0x01, 0x7C, 0x31, 0x7D, 0x31, 0x7E, 0x31, 0x7F, 0x31, 0x80, 0x31, 0x81,
    0x31, 0x82, 0x31, 0x83, 0x71, 0x84, 0x21, 0x85, 0x21, 0x86, 0x21, 0x81, 0x00, 0x3B, 0x87, 0x41,
    0x88, 0x41, 0x89, 0x51, 0x8A, 0x21, 0x8B, 0x11, 0x8C, 0x11, 0x8D, 0x11, 0x8E, 0x11, 0x8F, 0x71,
    0x90, 0x71, 0x91, 0x71, 0x92, 0x11, 0x93, 0x11, 0x94, 0x11, 0x95, 0x11, 0x96, 0x11, 0x97, 0x11,
    0x98, 0x01, 0x99, 0x01, 0x9A, 0x31, 0x9B, 0x31, 0x9C, 0x31, 0x9D, 0x31, 0x9E, 0x31, 0x9F, 0x61,
    0xA0, 0x41, 0xA1, 0x71, 0xA2, 0x21, 0xA3, 0x21, 0xA4, 0x21, 0x81, 0x00, 0x3B, 0xA5, 0x41, 0xA6,
    0x41, 0xA7, 0x41, 0xA8, 0x21, 0xA9, 0x71, 0xAA, 0x11, 0xAB, 0x11, 0xAC, 0x11, 0xAD, 0x11, 0xAE,
    0x11, 0xAF, 0x71, 0xB0, 0x11, 0xB1, 0x11, 0xB2, 0x11, 0xB3, 0x11, 0xB4, 0x11, 0xB5, 0x11, 0xB6,
    0x51, 0xB7, 0x21, 0xB8, 0x71, 0xB9, 0x01, 0xBA, 0x51, 0xBB, 0x71, 0xBC, 0x61, 0xBD, 0x61, 0xBE,
    0x61, 0xBF, 0x61, 0xC0, 0x21, 0xC1, 0x21, 0xC2, 0x21, 0x81, 0x00, 0x3B, 0xC3, 0x21, 0xC4, 0x41,
    0xC5, 0x41, 0xC6, 0x21, 0xC7, 0x21, 0xC8, 0x11, 0xC9, 0x11, 0xCA, 0x71, 0xCB, 0x11, 0xCC, 0x11,
    0xCD, 0x11, 0xCE, 0x11, 0xCF, 0x11, 0xD0, 0x11, 0xD1, 0x11, 0xD2, 0x11, 0xD3, 0x11, 0xD4, 0x51,
    0xD5, 0x21, 0xD6, 0x21, 0xD7, 0x01, 0xD8, 0x71, 0xD9, 0x11, 0xDA, 0x11, 0xDB, 0x61, 0xDC, 0x61,
    0xDD, 0x61, 0xDE, 0x61, 0xDF, 0x21, 0xE0, 0x21, 0x81, 0x00, 0x3B, 0xE1, 0x21, 0xE2, 0x21, 0xE3,
    0x41, 0xE4, 0x21, 0xE5, 0x21, 0xE6, 0x11, 0xE7, 0x11, 0xE8, 0x11, 0xE9, 0x11, 0xEA, 0x11, 0xEB,
    0x11, 0xEC, 0x11, 0xED, 0x11, 0xEE, 0x11, 0xEF, 0x11, 0xF0, 0x11, 0xF1, 0x11, 0xF2, 0x51, 0xF3,
    0x21, 0xF4, 0x71, 0xF5, 0x01, 0xF6, 0x51, 0xF7, 0x71, 0xF8, 0x11, 0xF9, 0x21, 0xFA, 0x61, 0xFB,
    0x61, 0xFC, 0x61, 0xFD, 0x21, 0xFE, 0x21, 0x81, 0x00, 0x3B, 0xFF, 0x21, 0x00, 0x42, 0x01, 0x42,
    0x02, 0x62, 0x03, 0x22, 0x04, 0x12, 0x05, 0x12, 0x06, 0x12, 0x07, 0x12, 0x08, 0x12, 0x09, 0x12,
    0x0A, 0x12, 0x0B, 0x22, 0x0C, 0x22, 0x0D, 0x12, 0x0E, 0x12, 0x0F, 0x12, 0x10, 0x52, 0x11, 0x22,
    0x12, 0x02, 0x13, 0x02, 0x14, 0x52, 0x15, 0x32, 0x16, 0x72, 0x17, 0x72, 0x18, 0x62, 0x19, 0x62,
    0x1A, 0x62, 0x1B, 0x62, 0x1C, 0x62, 0x81, 0x00, 0x08, 0x1D, 0x42, 0x1E, 0x42, 0x1F, 0x42, 0x20,
    0x62, 0x21, 0x80, 0x22, 0x2F, 0x23, 0x12, 0x24, 0x12, 0x25, 0x12, 0x26, 0x12, 0x27, 0x12, 0x28,
    0x12, 0x29, 0x42, 0x2A, 0x22, 0x2B, 0x22, 0x2C, 0x12, 0x2D, 0x22, 0x2E, 0x52, 0x2F, 0x22, 0x30,
    0x02, 0x31, 0x02, 0x32, 0x32, 0x33, 0x32, 0x34, 0x52, 0x35, 0x72, 0x36, 0x42, 0x37, 0x62, 0x38,
    0x62, 0x39, 0x62, 0x3A, 0x62, 0x81, 0x00, 0x3B, 0x3B, 0x42, 0x3C, 0x42, 0x3D, 0x42, 0x3E, 0x62,
    0x3F, 0x62, 0x40, 0x42, 0x41, 0x12, 0x42, 0x12, 0x43, 0x12, 0x44, 0x72, 0x45, 0x12, 0x46, 0x12,
    0x47, 0x42, 0x48, 0x22, 0x49, 0x22, 0x4A, 0x22, 0x4B, 0x22, 0x4C, 0x52, 0x4D, 0x72, 0x4E, 0x02,
    0x4F, 0x52, 0x50, 0x32, 0x51, 0x32, 0x52, 0x52, 0x53, 0x72, 0x54, 0x72, 0x55, 0x62, 0x56, 0x62,
    0x57, 0x62, 0x58, 0x62, 0xFF, 0x00, 0xFF, 0x00, 0xFB, 0x00, 0x00, 0x00,
};

alignas(int) static const uint16_t rin_pair_v5_used[601] = {
    0, 1, 2, 3, 4, 5, 6, 7, 8, 9, 10, 11, 12, 13, 14, 15,
    16, 17, 18, 19, 20, 21, 22, 23, 24, 25, 26, 27, 28, 29, 30, 31,
    32, 33, 34, 35, 36, 37, 38, 39, 40, 41, 42, 43, 44, 45, 46, 47,
    48, 49, 50, 51, 52, 53, 54, 55, 56, 57, 58, 59, 60, 61, 62, 63,
    64, 65, 66, 67, 68, 69, 70, 71, 72, 73, 74, 75, 76, 77, 78, 79,
    80, 81, 82, 83, 84, 85, 86, 87, 88, 89, 90, 91, 92, 93, 94, 95,
    96, 97, 98, 99, 100, 101, 102, 103, 104, 105, 106, 107, 108, 109, 110, 111,
    112, 113, 114, 115, 116, 117, 118, 119, 120, 121, 122, 123, 124, 125, 126, 127,
    128, 129, 130, 131, 132, 133, 134, 135, 136, 137, 138, 139, 140, 141, 142, 143,
    144, 145, 146, 147, 148, 149, 150, 151, 152, 153, 154, 155, 156, 157, 158, 159,
    160, 161, 617, 618, 164, 165, 166, 167, 168, 169, 170, 171, 172, 173, 174, 175,
    176, 177, 178, 179, 180, 181, 182, 183, 184, 185, 186, 187, 188, 189, 190, 191,
    192, 619, 620, 195, 196, 197, 198, 199, 200, 201, 202, 203, 204, 205, 206, 207,
    208, 209, 210, 211, 212, 213, 214, 215, 216, 217, 218, 219, 220, 221, 222, 621,
    622, 623, 226, 227, 228, 229, 230, 231, 232, 233, 234, 235, 236, 237, 238, 239,
    240, 241, 242, 243, 244, 245, 246, 247, 248, 249, 250, 251, 252, 253, 254, 255,
    256, 257, 258, 632, 260, 261, 262, 263, 264, 265, 266, 267, 268, 269, 270, 271,
    272, 273, 274, 275, 276, 277, 278, 279, 280, 281, 282, 624, 284, 285, 286, 287,
    611, 633, 634, 291, 292, 293, 294, 295, 296, 297, 298, 299, 300, 301, 302, 303,
    304, 305, 306, 307, 308, 309, 310, 311, 312, 625, 314, 315, 316, 317, 614, 635,
    320, 321, 322, 323, 324, 325, 326, 327, 328, 329, 330, 331, 332, 333, 334, 335,
    336, 337, 338, 339, 340, 341, 342, 343, 344, 345, 346, 347, 348, 349, 350, 351,
    352, 353, 354, 355, 356, 357, 358, 359, 360, 361, 362, 363, 364, 365, 366, 367,
    368, 369, 370, 371, 372, 373, 374, 375, 376, 630, 636, 379, 380, 381, 382, 383,
    384, 385, 386, 387, 388, 389, 390, 391, 392, 393, 394, 395, 396, 397, 398, 399,
    400, 401, 402, 403, 404, 405, 406, 407, 408, 409, 410, 411, 412, 413, 414, 415,
    416, 417, 418, 419, 420, 421, 422, 423, 424, 425, 426, 427, 428, 429, 430, 431,
    432, 433, 434, 435, 436, 437, 438, 439, 440, 441, 442, 443, 444, 445, 446, 447,
    448, 449, 450, 451, 452, 453, 454, 455, 456, 457, 458, 459, 460, 461, 462, 463,
    464, 465, 466, 467, 468, 469, 470, 471, 472, 473, 474, 475, 476, 477, 478, 479,
    480, 481, 482, 483, 484, 485, 486, 487, 488, 489, 490, 491, 492, 493, 494, 495,
    496, 497, 498, 499, 500, 501, 502, 503, 504, 505, 506, 507, 508, 509, 510, 511,
    512, 513, 514, 515, 516, 517, 518, 519, 520, 521, 522, 523, 524, 525, 526, 527,
    528, 529, 530, 531, 532, 533, 534, 535, 536, 537, 538, 539, 540, 541, 542, 543,
    544, 545, 546, 547, 548, 549, 550, 551, 552, 553, 554, 555, 556, 557, 558, 559,
    560, 561, 562, 563, 564, 565, 566, 567, 568, 569, 570, 571, 572, 573, 574, 575,
    576, 577, 578, 579, 580, 581, 582, 583, 584, 585, 586, 587, 588, 589, 590, 591,
    592, 593, 594, 595, 596, 597, 598, 599, 600,
};

alignas(int) static const unsigned char rin_pair_v5_map_rle[1276] = {
    0x30, 0x00, 0x08, 0x00, 0xFF, 0x00, 0xFF, 0x00, 0xFB, 0x00, 0x3B, 0x01, 0x40, 0x02, 0x40, 0x03,
    0x40, 0x04, 0x20, 0x05, 0x20, 0x06, 0x60, 0x07, 0x60, 0x08, 0x60, 0x09, 0x60, 0x0A, 0x60, 0x0B,
    0x20, 0x0C, 0x20, 0x0D, 0x20, 0x0E, 0x20, 0x0F, 0x20, 0x10, 0x20, 0x11, 0x20, 0x12, 0x70, 0x13,
    0x40, 0x14, 0x20, 0x15, 0x20, 0x16, 0x10, 0x17, 0x10, 0x18, 0x10, 0x19, 0x20, 0x1A, 0x20, 0x1B,
    0x20, 0x1C, 0x20, 0x1D, 0x20, 0x1E, 0x20, 0x81, 0x00, 0x3B, 0x1F, 0x40, 0x20, 0x40, 0x21, 0x40,
    0x22, 0x20, 0x23, 0x20, 0x24, 0x60, 0x25, 0x60, 0x26, 0x60, 0x27, 0x20, 0x28, 0x40, 0x29, 0x70,
    0x2A, 0x70, 0x2B, 0x20, 0x2C, 0x20, 0x2D, 0x20, 0x2E, 0x20, 0x2F, 0x20, 0x30, 0x70, 0x31, 0x70,
    0x32, 0x10, 0x33, 0x10, 0x34, 0x10, 0x35, 0x10, 0x36, 0x10, 0x37, 0x10, 0x38, 0x20, 0x39, 0x20,
    0x3A, 0x20, 0x3B, 0x60, 0x3C, 0x20, 0x81, 0x00, 0x3B, 0x3D, 0x40, 0x3E, 0x40, 0x3F, 0x40, 0x40,
    0x20, 0x41, 0x20, 0x42, 0x60, 0x43, 0x20, 0x44, 0x60, 0x45, 0x70, 0x46, 0x40, 0x47, 0x50, 0x48,
    0x50, 0x49, 0x50, 0x4A, 0x70, 0x4B, 0x20, 0x4C, 0x20, 0x4D, 0x20, 0x4E, 0x70, 0x4F, 0x10, 0x50,
    0x10, 0x51, 0x10, 0x52, 0x10, 0x53, 0x10, 0x54, 0x10, 0x55, 0x10, 0x56, 0x20, 0x57, 0x20, 0x58,
    0x20, 0x59, 0x20, 0x5A, 0x20, 0x81, 0x00, 0x3B, 0x5B, 0x40, 0x5C, 0x40, 0x5D, 0x40, 0x5E, 0x20,
    0x5F, 0x20, 0x60, 0x20, 0x61, 0x60, 0x62, 0x40, 0x63, 0x40, 0x64, 0x50, 0x65, 0x50, 0x66, 0x50,
    0x67, 0x50, 0x68, 0x00, 0x69, 0x00, 0x6A, 0x70, 0x6B, 0x10, 0x6C, 0x70, 0x6D, 0x10, 0x6E, 0x10,
    0x6F, 0x10, 0x70, 0x10, 0x71, 0x10, 0x72, 0x10, 0x73, 0x10, 0x74, 0x10, 0x75, 0x20, 0x76, 0x20,
    0x77, 0x20, 0x78, 0x20, 0x81, 0x00, 0x3B, 0x79, 0x40, 0x7A, 0x40, 0x7B, 0x40, 0x7C, 0x20, 0x7D,
    0x60, 0x7E, 0x60, 0x7F, 0x40, 0x80, 0x40, 0x81, 0x50, 0x82, 0x50, 0x83, 0x50, 0x84, 0x50, 0x85,
    0x50, 0x86, 0x50, 0x87, 0x00, 0x88, 0x70, 0x89, 0x70, 0x8A, 0x70, 0x8B, 0x10, 0x8C, 0x10, 0x8D,
    0x10, 0x8E, 0x10, 0x8F, 0x10, 0x90, 0x10, 0x91, 0x10, 0x92, 0x10, 0x93, 0x10, 0x94, 0x20, 0x95,
    0x10, 0x96, 0x10, 0x81, 0x00, 0x3B, 0x97, 0x40, 0x98, 0x40, 0x99, 0x40, 0x9A, 0x60, 0x9B, 0x60,
    0x9C, 0x60, 0x9D, 0x40, 0x9E, 0x40, 0x9F, 0x50, 0xA0, 0x50, 0xA1, 0x50, 0xA2, 0x50, 0xA3, 0x50,
    0xA4, 0x50, 0xA5, 0x50, 0xA6, 0x70, 0xA7, 0x10, 0xA8, 0x70, 0xA9, 0x10, 0xAA, 0x10, 0xAB, 0x70,
    0xAC, 0x70, 0xAD, 0x70, 0xAE, 0x70, 0xAF, 0x10, 0xB0, 0x10, 0xB1, 0x10, 0xB2, 0x10, 0xB3, 0x10,
    0xB4, 0x10, 0x81, 0x00, 0x3B, 0xB5, 0x40, 0xB6, 0x40, 0xB7, 0x40, 0xB8, 0x60, 0xB9, 0x60, 0xBA,
    0x60, 0xBB, 0x40, 0xBC, 0x40, 0xBD, 0x50, 0xBE, 0x00, 0xBF, 0x50, 0xC0, 0x00, 0xC1, 0x00, 0xC2,
    0x00, 0xC3, 0x50, 0xC4, 0x70, 0xC5, 0x10, 0xC6, 0x70, 0xC7, 0x70, 0xC8, 0x30, 0xC9, 0x30, 0xCA,
    0x30, 0xCB, 0x30, 0xCC, 0x30, 0xCD, 0x70, 0xCE, 0x10, 0xCF, 0x10, 0xD0, 0x10, 0xD1, 0x10, 0xD2,
    0x10, 0x81, 0x00, 0x3B, 0xD3, 0x40, 0xD4, 0x40, 0xD5, 0x40, 0xD6, 0x60, 0xD7, 0x60, 0xD8, 0x60,
    0xD9, 0x40, 0xDA, 0x40, 0xDB, 0x50, 0xDC, 0x00, 0xDD, 0x00, 0xDE, 0x00, 0xDF, 0x00, 0xE0, 0x00,
    0xE1, 0x70, 0xE2, 0x10, 0xE3, 0x10, 0xE4, 0x70, 0xE5, 0x30, 0xE6, 0x30, 0xE7, 0x30, 0xE8, 0x30,
    0xE9, 0x30, 0xEA, 0x30, 0xEB, 0x30, 0xEC, 0x70, 0xED, 0x20, 0xEE, 0x20, 0xEF, 0x10, 0xF0, 0x10,
    0x81, 0x00, 0x3B, 0xF1, 0x40, 0xF2, 0x40, 0xF3, 0x50, 0xF4, 0x20, 0xF5, 0x60, 0xF6, 0x60, 0xF7,
    0x20, 0xF8, 0x50, 0xF9, 0x50, 0xFA, 0x00, 0xFB, 0x00, 0xFC, 0x00, 0xFD, 0x00, 0xFE, 0x00, 0xFF,
    0x10, 0x00, 0x11, 0x01, 0x11, 0x02, 0x71, 0x03, 0x31, 0x04, 0x31, 0x05, 0x31, 0x06, 0x31, 0x07,
    0x31, 0x08, 0x31, 0x09, 0x31, 0x0A, 0x31, 0x0B, 0x21, 0x0C, 0x21, 0x0D, 0x11, 0x0E, 0x11, 0x81,
    0x00, 0x3B, 0x0F, 0x41, 0x10, 0x41, 0x11, 0x51, 0x12, 0x21, 0x13, 0x21, 0x14, 0x61, 0x15, 0x21,
    0x16, 0x51, 0x17, 0x01, 0x18, 0x01, 0x19, 0x01, 0x1A, 0x01, 0x1B, 0x01, 0x1C, 0x01, 0x1D, 0x11,
    0x1E, 0x11, 0x1F, 0x11, 0x20, 0x51, 0x21, 0x51, 0x22, 0x31, 0x23, 0x31, 0x24, 0x31, 0x25, 0x31,
    0x26, 0x31, 0x27, 0x31, 0x28, 0x31, 0x29, 0x21, 0x2A, 0x21, 0x2B, 0x21, 0x2C, 0x21, 0x81, 0x00,
    0x3B, 0x2D, 0x41, 0x2E, 0x41, 0x2F, 0x51, 0x30, 0x21, 0x31, 0x21, 0x32, 0x21, 0x33, 0x71, 0x34,
    0x01, 0x35, 0x01, 0x36, 0x01, 0x37, 0x01, 0x38, 0x01, 0x39, 0x01, 0x3A, 0x11, 0x3B, 0x11, 0x3C,
    0x11, 0x3D, 0x71, 0x3E, 0x01, 0x3F, 0x51, 0x40, 0x51, 0x41, 0x31, 0x42, 0x31, 0x43, 0x31, 0x44,
    0x31, 0x45, 0x31, 0x46, 0x31, 0x47, 0x71, 0x48, 0x21, 0x49, 0x21, 0x4A, 0x21, 0x81, 0x00, 0x3B,
    0x4B, 0x41, 0x4C, 0x41, 0x4D, 0x51, 0x4E, 0x21, 0x4F, 0x21, 0x50, 0x21, 0x51, 0x11, 0x52, 0x11,
    0x53, 0x71, 0x54, 0x01, 0x55, 0x11, 0x56, 0x71, 0x57, 0x11, 0x58, 0x11, 0x59, 0x11, 0x5A, 0x11,
    0x5B, 0x71, 0x5C, 0x01, 0x5D, 0x01, 0x5E, 0x51, 0x5F, 0x31, 0x60, 0x51, 0x61, 0x71, 0x62, 0x31,
    0x63, 0x31, 0x64, 0x31, 0x65, 0x71, 0x66, 0x21, 0x67, 0x21, 0x68, 0x21, 0x81, 0x00, 0x3B, 0x69,
    0x41, 0x6A, 0x41, 0x6B, 0x51, 0x6C, 0x21, 0x6D, 0x21, 0x6E, 0x11, 0x6F, 0x11, 0x70, 0x11, 0x71,
    0x71, 0x72, 0x71, 0x73, 0x11, 0x74, 0x11, 0x75, 0x11, 0x76, 0x11, 0x77, 0x11, 0x78, 0x11, 0x79,
    0x71, 0x7A, 0x01, 0x7B, 0x01, 0x7C, 0x31, 0x7D, 0x31, 0x7E, 0x31, 0x7F, 0x31, 0x80, 0x31, 0x81,
    0x31, 0x82, 0x31, 0x83, 0x71, 0x84, 0x21, 0x85, 0x21, 0x86, 0x21, 0x81, 0x00, 0x3B, 0x87, 0x41,
    0x88, 0x41, 0x89, 0x51, 0x8A, 0x21, 0x8B, 0x11, 0x8C, 0x11, 0x8D, 0x11, 0x8E, 0x11, 0x8F, 0x71,
    0x90, 0x71, 0x91, 0x71, 0x92, 0x11, 0x93, 0x11, 0x94, 0x11, 0x95, 0x11, 0x96, 0x11, 0x97, 0x11,
    0x98, 0x01, 0x99, 0x01, 0x9A, 0x31, 0x9B, 0x31, 0x9C, 0x31, 0x9D, 0x31, 0x9E, 0x31, 0x9F, 0x61,
    0xA0, 0x41, 0xA1, 0x71, 0xA2, 0x21, 0xA3, 0x21, 0xA4, 0x21, 0x81, 0x00, 0x3B, 0xA5, 0x41, 0xA6,
    0x41, 0xA7, 0x41, 0xA8, 0x21, 0xA9, 0x71, 0xAA, 0x11, 0xAB, 0x11, 0xAC, 0x11, 0xAD, 0x11, 0xAE,
    0x11, 0xAF, 0x71, 0xB0, 0x11, 0xB1, 0x11, 0xB2, 0x11, 0xB3, 0x11, 0xB4, 0x11, 0xB5, 0x11, 0xB6,
    0x51, 0xB7, 0x21, 0xB8, 0x71, 0xB9, 0x01, 0xBA, 0x51, 0xBB, 0x71, 0xBC, 0x61, 0xBD, 0x61, 0xBE,
    0x61, 0xBF, 0x61, 0xC0, 0x21, 0xC1, 0x21, 0xC2, 0x21, 0x81, 0x00, 0x3B, 0xC3, 0x21, 0xC4, 0x41,
    0xC5, 0x41, 0xC6, 0x21, 0xC7, 0x21, 0xC8, 0x11, 0xC9, 0x11, 0xCA, 0x71, 0xCB, 0x11, 0xCC, 0x11,
    0xCD, 0x11, 0xCE, 0x11, 0xCF, 0x11, 0xD0, 0x11, 0xD1, 0x11, 0xD2, 0x11, 0xD3, 0x11, 0xD4, 0x51,
    0xD5, 0x21, 0xD6, 0x21, 0xD7, 0x01, 0xD8, 0x71, 0xD9, 0x11, 0xDA, 0x11, 0xDB, 0x61, 0xDC, 0x61,
    0xDD, 0x61, 0xDE, 0x61, 0xDF, 0x21, 0xE0, 0x21, 0x81, 0x00, 0x3B, 0xE1, 0x21, 0xE2, 0x21, 0xE3,
    0x41, 0xE4, 0x21, 0xE5, 0x21, 0xE6, 0x11, 0xE7, 0x11, 0xE8, 0x11, 0xE9, 0x11, 0xEA, 0x11, 0xEB,
    0x11, 0xEC, 0x11, 0xED, 0x11, 0xEE, 0x11, 0xEF, 0x11, 0xF0, 0x11, 0xF1, 0x11, 0xF2, 0x51, 0xF3,
    0x21, 0xF4, 0x71, 0xF5, 0x01, 0xF6, 0x51, 0xF7, 0x71, 0xF8, 0x11, 0xF9, 0x21, 0xFA, 0x61, 0xFB,
    0x61, 0xFC, 0x61, 0xFD, 0x21, 0xFE, 0x21, 0x81, 0x00, 0x3B, 0xFF, 0x21, 0x00, 0x42, 0x01, 0x42,
    0x02, 0x62, 0x03, 0x22, 0x04, 0x12, 0x05, 0x12, 0x06, 0x12, 0x07, 0x12, 0x08, 0x12, 0x09, 0x12,
    0x0A, 0x12, 0x0B, 0x22, 0x0C, 0x22, 0x0D, 0x12, 0x0E, 0x12, 0x0F, 0x12, 0x10, 0x52, 0x11, 0x22,
    0x12, 0x02, 0x13, 0x02, 0x14, 0x52, 0x15, 0x32, 0x16, 0x72, 0x17, 0x72, 0x18, 0x62, 0x19, 0x62,
    0x1A, 0x62, 0x1B, 0x62, 0x1C, 0x62, 0x81, 0x00, 0x08, 0x1D, 0x42, 0x1E, 0x42, 0x1F, 0x42, 0x20,
    0x62, 0x21, 0x80, 0x22, 0x2F, 0x23, 0x12, 0x24, 0x12, 0x25, 0x12, 0x26, 0x12, 0x27, 0x12, 0x28,
    0x12, 0x29, 0x42, 0x2A, 0x22, 0x2B, 0x22, 0x2C, 0x12, 0x2D, 0x22, 0x2E, 0x52, 0x2F, 0x22, 0x30,
    0x02, 0x31, 0x02, 0x32, 0x32, 0x33, 0x32, 0x34, 0x52, 0x35, 0x72, 0x36, 0x42, 0x37, 0x62, 0x38,
    0x62, 0x39, 0x62, 0x3A, 0x62, 0x81, 0x00, 0x3B, 0x3B, 0x42, 0x3C, 0x42, 0x3D, 0x42, 0x3E, 0x62,
    0x3F, 0x62, 0x40, 0x42, 0x41, 0x12, 0x42, 0x12, 0x43, 0x12, 0x44, 0x72, 0x45, 0x12, 0x46, 0x12,
    0x47, 0x42, 0x48, 0x22, 0x49, 0x22, 0x4A, 0x22, 0x4B, 0x22, 0x4C, 0x52, 0x4D, 0x72, 0x4E, 0x02,
    0x4F, 0x52, 0x50, 0x32, 0x51, 0x32, 0x52, 0x52, 0x53, 0x72, 0x54, 0x72, 0x55, 0x62, 0x56, 0x62,
    0x57, 0x62, 0x58, 0x62, 0xFF, 0x00, 0xFF, 0x00, 0xFB, 0x00, 0x00, 0x00,
};

alignas(int) static const uint16_t rin_pair_v6_used[601] = {
    0, 1, 2, 3, 4, 5, 6, 7, 8, 9, 10, 11, 12, 13, 14, 15,
    16, 17, 18, 19, 20, 21, 22, 23, 24, 25, 26, 27, 28, 29, 30, 31,
    32, 33, 34, 35, 36, 37, 38, 39, 40, 41, 42, 43, 44, 45, 46, 47,
    48, 49, 50, 51, 52, 53, 54, 55, 56, 57, 58, 59, 60, 61, 62, 63,
    64, 65, 66, 67, 68, 69, 70, 71, 72, 73, 74, 75, 76, 77, 78, 79,
    80, 81, 82, 83, 84, 85, 86, 87, 88, 89, 90, 91, 92, 93, 94, 95,
    96, 97, 98, 99, 100, 101, 102, 103, 104, 105, 106, 107, 108, 109, 110, 111,
    112, 113, 114, 115, 116, 117, 118, 119, 120, 121, 122, 123, 124, 125, 126, 127,
    128, 129, 130, 131, 132, 133, 134, 135, 136, 137, 138, 139, 140, 141, 142, 143,
    144, 145, 146, 147, 148, 149, 150, 151, 152, 153, 154, 155, 156, 157, 158, 159,
    160, 161, 162, 163, 164, 165, 166, 167, 168, 169, 170, 171, 172, 173, 174, 175,
    176, 177, 178, 179, 180, 181, 182, 183, 184, 185, 186, 187, 188, 189, 190, 191,
    192, 193, 194, 195, 196, 197, 198, 199, 200, 201, 202, 203, 204, 205, 206, 207,
    208, 209, 210, 211, 212, 213, 214, 215, 216, 217, 218, 219, 220, 221, 222, 223,
    224, 225, 226, 227, 228, 229, 230, 231, 232, 233, 234, 235, 236, 237, 238, 239,
    240, 241, 242, 243, 244, 245, 246, 247, 248, 249, 250, 251, 252, 253, 254, 255,
    256, 257, 258, 632, 260, 261, 262, 263, 264, 265, 266, 267, 268, 269, 270, 271,
    272, 273, 274, 275, 276, 277, 278, 279, 280, 281, 282, 283, 284, 285, 286, 287,
    611, 633, 634, 291, 292, 293, 294, 295, 296, 297, 298, 299, 300, 301, 302, 303,
    304, 305, 306, 307, 308, 309, 310, 311, 312, 313, 314, 315, 316, 317, 614, 635,
    320, 321, 322, 323, 324, 325, 326, 327, 328, 329, 330, 331, 332, 333, 334, 335,
    336, 337, 338, 339, 340, 341, 342, 343, 344, 345, 346, 347, 348, 349, 350, 351,
    352, 353, 354, 355, 356, 357, 358, 359, 360, 361, 362, 363, 364, 365, 366, 367,
    368, 369, 370, 371, 372, 373, 374, 375, 376, 630, 636, 379, 380, 381, 382, 383,
    384, 385, 386, 387, 388, 389, 390, 391, 392, 393, 394, 395, 396, 397, 398, 399,
    400, 401, 402, 403, 404, 405, 406, 407, 408, 409, 410, 411, 412, 413, 414, 415,
    416, 417, 418, 419, 420, 421, 422, 423, 424, 425, 426, 427, 428, 429, 430, 431,
    432, 433, 434, 435, 436, 437, 438, 439, 440, 441, 442, 443, 444, 445, 446, 447,
    448, 449, 450, 451, 452, 453, 454, 455, 456, 457, 458, 459, 460, 461, 462, 463,
    464, 465, 466, 467, 468, 469, 470, 471, 472, 473, 474, 475, 476, 477, 478, 479,
    480, 481, 482, 483, 484, 485, 486, 487, 488, 489, 490, 491, 492, 493, 494, 495,
    496, 497, 498, 499, 500, 501, 502, 503, 504, 505, 506, 507, 508, 509, 510, 511,
    512, 513, 514, 515, 516, 517, 518, 519, 520, 521, 522, 523, 524, 525, 526, 527,
    528, 529, 530, 531, 532, 533, 534, 535, 536, 537, 538, 539, 540, 541, 542, 543,
    544, 545, 546, 547, 548, 549, 550, 551, 552, 553, 554, 555, 556, 557, 558, 559,
    560, 561, 562, 563, 564, 565, 566, 567, 568, 569, 570, 571, 572, 573, 574, 575,
    576, 577, 578, 579, 580, 581, 582, 583, 584, 585, 586, 587, 588, 589, 590, 591,
    592, 593, 594, 595, 596, 597, 598, 599, 600,
};

alignas(int) static const unsigned char rin_pair_v6_map_rle[1276] = {
    0x30, 0x00, 0x08, 0x00, 0xFF, 0x00, 0xFF, 0x00, 0xFB, 0x00, 0x3B, 0x01, 0x40, 0x02, 0x40, 0x03,
    0x40, 0x04, 0x20, 0x05, 0x20, 0x06, 0x60, 0x07, 0x60, 0x08, 0x60, 0x09, 0x60, 0x0A, 0x60, 0x0B,
    0x20, 0x0C, 0x20, 0x0D, 0x20, 0x0E, 0x20, 0x0F, 0x20, 0x10, 0x20, 0x11, 0x20, 0x12, 0x70, 0x13,
    0x40, 0x14, 0x20, 0x15, 0x20, 0x16, 0x10, 0x17, 0x10, 0x18, 0x10, 0x19, 0x20, 0x1A, 0x20, 0x1B,
    0x20, 0x1C, 0x20, 0x1D, 0x20, 0x1E, 0x20, 0x81, 0x00, 0x3B, 0x1F, 0x40, 0x20, 0x40, 0x21, 0x40,
    0x22, 0x20, 0x23, 0x20, 0x24, 0x60, 0x25, 0x60, 0x26, 0x60, 0x27, 0x20, 0x28, 0x40, 0x29, 0x70,
    0x2A, 0x70, 0x2B, 0x20, 0x2C, 0x20, 0x2D, 0x20, 0x2E, 0x20, 0x2F, 0x20, 0x30, 0x70, 0x31, 0x70,
    0x32, 0x10, 0x33, 0x10, 0x34, 0x10, 0x35, 0x10, 0x36, 0x10, 0x37, 0x10, 0x38, 0x20, 0x39, 0x20,
    0x3A, 0x20, 0x3B, 0x60, 0x3C, 0x20, 0x81, 0x00, 0x3B, 0x3D, 0x40, 0x3E, 0x40, 0x3F, 0x40, 0x40,
    0x20, 0x41, 0x20, 0x42, 0x60, 0x43, 0x20, 0x44, 0x60, 0x45, 0x70, 0x46, 0x40, 0x47, 0x50, 0x48,
    0x50, 0x49, 0x50, 0x4A, 0x70, 0x4B, 0x20, 0x4C, 0x20, 0x4D, 0x20, 0x4E, 0x70, 0x4F, 0x10, 0x50,
    0x10, 0x51, 0x10, 0x52, 0x10, 0x53, 0x10, 0x54, 0x10, 0x55, 0x10, 0x56, 0x20, 0x57, 0x20, 0x58,
    0x20, 0x59, 0x20, 0x5A, 0x20, 0x81, 0x00, 0x3B, 0x5B, 0x40, 0x5C, 0x40, 0x5D, 0x40, 0x5E, 0x20,
    0x5F, 0x20, 0x60, 0x20, 0x61, 0x60, 0x62, 0x40, 0x63, 0x40, 0x64, 0x50, 0x65, 0x50, 0x66, 0x50,
    0x67, 0x50, 0x68, 0x00, 0x69, 0x00, 0x6A, 0x70, 0x6B, 0x10, 0x6C, 0x70, 0x6D, 0x10, 0x6E, 0x10,
    0x6F, 0x10, 0x70, 0x10, 0x71, 0x10, 0x72, 0x10, 0x73, 0x10, 0x74, 0x10, 0x75, 0x20, 0x76, 0x20,
    0x77, 0x20, 0x78, 0x20, 0x81, 0x00, 0x3B, 0x79, 0x40, 0x7A, 0x40, 0x7B, 0x40, 0x7C, 0x20, 0x7D,
    0x60, 0x7E, 0x60, 0x7F, 0x40, 0x80, 0x40, 0x81, 0x50, 0x82, 0x50, 0x83, 0x50, 0x84, 0x50, 0x85,
    0x50, 0x86, 0x50, 0x87, 0x00, 0x88, 0x70, 0x89, 0x70, 0x8A, 0x70, 0x8B, 0x10, 0x8C, 0x10, 0x8D,
    0x10, 0x8E, 0x10, 0x8F, 0x10, 0x90, 0x10, 0x91, 0x10, 0x92, 0x10, 0x93, 0x10, 0x94, 0x20, 0x95,
    0x10, 0x96, 0x10, 0x81, 0x00, 0x3B, 0x97, 0x40, 0x98, 0x40, 0x99, 0x40, 0x9A, 0x60, 0x9B, 0x60,
    0x9C, 0x60, 0x9D, 0x40, 0x9E, 0x40, 0x9F, 0x50, 0xA0, 0x50, 0xA1, 0x50, 0xA2, 0x50, 0xA3, 0x50,
    0xA4, 0x50, 0xA5, 0x50, 0xA6, 0x70, 0xA7, 0x10, 0xA8, 0x70, 0xA9, 0x10, 0xAA, 0x10, 0xAB, 0x70,
    0xAC, 0x70, 0xAD, 0x70, 0xAE, 0x70, 0xAF, 0x10, 0xB0, 0x10, 0xB1, 0x10, 0xB2, 0x10, 0xB3, 0x10,
    0xB4, 0x10, 0x81, 0x00, 0x3B, 0xB5, 0x40, 0xB6, 0x40, 0xB7, 0x40, 0xB8, 0x60, 0xB9, 0x60, 0xBA,
    0x60, 0xBB, 0x40, 0xBC, 0x40, 0xBD, 0x50, 0xBE, 0x00, 0xBF, 0x50, 0xC0, 0x00, 0xC1, 0x00, 0xC2,
    0x00, 0xC3, 0x50, 0xC4, 0x70, 0xC5, 0x10, 0xC6, 0x70, 0xC7, 0x70, 0xC8, 0x30, 0xC9, 0x30, 0xCA,
    0x30, 0xCB, 0x30, 0xCC, 0x30, 0xCD, 0x70, 0xCE, 0x10, 0xCF, 0x10, 0xD0, 0x10, 0xD1, 0x10, 0xD2,
    0x10, 0x81, 0x00, 0x3B, 0xD3, 0x40, 0xD4, 0x40, 0xD5, 0x40, 0xD6, 0x60, 0xD7, 0x60, 0xD8, 0x60,
    0xD9, 0x40, 0xDA, 0x40, 0xDB, 0x50, 0xDC, 0x00, 0xDD, 0x00, 0xDE, 0x00, 0xDF, 0x00, 0xE0, 0x00,
    0xE1, 0x70, 0xE2, 0x10, 0xE3, 0x10, 0xE4, 0x70, 0xE5, 0x30, 0xE6, 0x30, 0xE7, 0x30, 0xE8, 0x30,
    0xE9, 0x30, 0xEA, 0x30, 0xEB, 0x30, 0xEC, 0x70, 0xED, 0x20, 0xEE, 0x20, 0xEF, 0x10, 0xF0, 0x10,
    0x81, 0x00, 0x3B, 0xF1, 0x40, 0xF2, 0x40, 0xF3, 0x50, 0xF4, 0x20, 0xF5, 0x60, 0xF6, 0x60, 0xF7,
    0x20, 0xF8, 0x50, 0xF9, 0x50, 0xFA, 0x00, 0xFB, 0x00, 0xFC, 0x00, 0xFD, 0x00, 0xFE, 0x00, 0xFF,
    0x10, 0x00, 0x11, 0x01, 0x11, 0x02, 0x71, 0x03, 0x31, 0x04, 0x31, 0x05, 0x31, 0x06, 0x31, 0x07,
    0x31, 0x08, 0x31, 0x09, 0x31, 0x0A, 0x31, 0x0B, 0x21, 0x0C, 0x21, 0x0D, 0x11, 0x0E, 0x11, 0x81,
    0x00, 0x3B, 0x0F, 0x41, 0x10, 0x41, 0x11, 0x51, 0x12, 0x21, 0x13, 0x21, 0x14, 0x61, 0x15, 0x21,
    0x16, 0x51, 0x17, 0x01, 0x18, 0x01, 0x19, 0x01, 0x1A, 0x01, 0x1B, 0x01, 0x1C, 0x01, 0x1D, 0x11,
    0x1E, 0x11, 0x1F, 0x11, 0x20, 0x51, 0x21, 0x51, 0x22, 0x31, 0x23, 0x31, 0x24, 0x31, 0x25, 0x31,
    0x26, 0x31, 0x27, 0x31, 0x28, 0x31, 0x29, 0x21, 0x2A, 0x21, 0x2B, 0x21, 0x2C, 0x21, 0x81, 0x00,
    0x3B, 0x2D, 0x41, 0x2E, 0x41, 0x2F, 0x51, 0x30, 0x21, 0x31, 0x21, 0x32, 0x21, 0x33, 0x71, 0x34,
    0x01, 0x35, 0x01, 0x36, 0x01, 0x37, 0x01, 0x38, 0x01, 0x39, 0x01, 0x3A, 0x11, 0x3B, 0x11, 0x3C,
    0x11, 0x3D, 0x71, 0x3E, 0x01, 0x3F, 0x51, 0x40, 0x51, 0x41, 0x31, 0x42, 0x31, 0x43, 0x31, 0x44,
    0x31, 0x45, 0x31, 0x46, 0x31, 0x47, 0x71, 0x48, 0x21, 0x49, 0x21, 0x4A, 0x21, 0x81, 0x00, 0x3B,
    0x4B, 0x41, 0x4C, 0x41, 0x4D, 0x51, 0x4E, 0x21, 0x4F, 0x21, 0x50, 0x21, 0x51, 0x11, 0x52, 0x11,
    0x53, 0x71, 0x54, 0x01, 0x55, 0x11, 0x56, 0x71, 0x57, 0x11, 0x58, 0x11, 0x59, 0x11, 0x5A, 0x11,
    0x5B, 0x71, 0x5C, 0x01, 0x5D, 0x01, 0x5E, 0x51, 0x5F, 0x31, 0x60, 0x51, 0x61, 0x71, 0x62, 0x31,
    0x63, 0x31, 0x64, 0x31, 0x65, 0x71, 0x66, 0x21, 0x67, 0x21, 0x68, 0x21, 0x81, 0x00, 0x3B, 0x69,
    0x41, 0x6A, 0x41, 0x6B, 0x51, 0x6C, 0x21, 0x6D, 0x21, 0x6E, 0x11, 0x6F, 0x11, 0x70, 0x11, 0x71,
    0x71, 0x72, 0x71, 0x73, 0x11, 0x74, 0x11, 0x75, 0x11, 0x76, 0x11, 0x77, 0x11, 0x78, 0x11, 0x79,
    0x71, 0x7A, 0x01, 0x7B, 0x01, 0x7C, 0x31, 0x7D, 0x31, 0x7E, 0x31, 0x7F, 0x31, 0x80, 0x31, 0x81,
    0x31, 0x82, 0x31, 0x83, 0x71, 0x84, 0x21, 0x85, 0x21, 0x86, 0x21, 0x81, 0x00, 0x3B, 0x87, 0x41,
    0x88, 0x41, 0x89, 0x51, 0x8A, 0x21, 0x8B, 0x11, 0x8C, 0x11, 0x8D, 0x11, 0x8E, 0x11, 0x8F, 0x71,
    0x90, 0x71, 0x91, 0x71, 0x92, 0x11, 0x93, 0x11, 0x94, 0x11, 0x95, 0x11, 0x96, 0x11, 0x97, 0x11,
    0x98, 0x01, 0x99, 0x01, 0x9A, 0x31, 0x9B, 0x31, 0x9C, 0x31, 0x9D, 0x31, 0x9E, 0x31, 0x9F, 0x61,
    0xA0, 0x41, 0xA1, 0x71, 0xA2, 0x21, 0xA3, 0x21, 0xA4, 0x21, 0x81, 0x00, 0x3B, 0xA5, 0x41, 0xA6,
    0x41, 0xA7, 0x41, 0xA8, 0x21, 0xA9, 0x71, 0xAA, 0x11, 0xAB, 0x11, 0xAC, 0x11, 0xAD, 0x11, 0xAE,
    0x11, 0xAF, 0x71, 0xB0, 0x11, 0xB1, 0x11, 0xB2, 0x11, 0xB3, 0x11, 0xB4, 0x11, 0xB5, 0x11, 0xB6,
    0x51, 0xB7, 0x21, 0xB8, 0x71, 0xB9, 0x01, 0xBA, 0x51, 0xBB, 0x71, 0xBC, 0x61, 0xBD, 0x61, 0xBE,
    0x61, 0xBF, 0x61, 0xC0, 0x21, 0xC1, 0x21, 0xC2, 0x21, 0x81, 0x00, 0x3B, 0xC3, 0x21, 0xC4, 0x41,
    0xC5, 0x41, 0xC6, 0x21, 0xC7, 0x21, 0xC8, 0x11, 0xC9, 0x11, 0xCA, 0x71, 0xCB, 0x11, 0xCC, 0x11,
    0xCD, 0x11, 0xCE, 0x11, 0xCF, 0x11, 0xD0, 0x11, 0xD1, 0x11, 0xD2, 0x11, 0xD3, 0x11, 0xD4, 0x51,
    0xD5, 0x21, 0xD6, 0x21, 0xD7, 0x01, 0xD8, 0x71, 0xD9, 0x11, 0xDA, 0x11, 0xDB, 0x61, 0xDC, 0x61,
    0xDD, 0x61, 0xDE, 0x61, 0xDF, 0x21, 0xE0, 0x21, 0x81, 0x00, 0x3B, 0xE1, 0x21, 0xE2, 0x21, 0xE3,
    0x41, 0xE4, 0x21, 0xE5, 0x21, 0xE6, 0x11, 0xE7, 0x11, 0xE8, 0x11, 0xE9, 0x11, 0xEA, 0x11, 0xEB,
    0x11, 0xEC, 0x11, 0xED, 0x11, 0xEE, 0x11, 0xEF, 0x11, 0xF0, 0x11, 0xF1, 0x11, 0xF2, 0x51, 0xF3,
    0x21, 0xF4, 0x71, 0xF5, 0x01, 0xF6, 0x51, 0xF7, 0x71, 0xF8, 0x11, 0xF9, 0x21, 0xFA, 0x61, 0xFB,
    0x61, 0xFC, 0x61, 0xFD, 0x21, 0xFE, 0x21, 0x81, 0x00, 0x3B, 0xFF, 0x21, 0x00, 0x42, 0x01, 0x42,
    0x02, 0x62, 0x03, 0x22, 0x04, 0x12, 0x05, 0x12, 0x06, 0x12, 0x07, 0x12, 0x08, 0x12, 0x09, 0x12,
    0x0A, 0x12, 0x0B, 0x22, 0x0C, 0x22, 0x0D, 0x12, 0x0E, 0x12, 0x0F, 0x12, 0x10, 0x52, 0x11, 0x22,
    0x12, 0x02, 0x13, 0x02, 0x14, 0x52, 0x15, 0x32, 0x16, 0x72, 0x17, 0x72, 0x18, 0x62, 0x19, 0x62,
    0x1A, 0x62, 0x1B, 0x62, 0x1C, 0x62, 0x81, 0x00, 0x08, 0x1D, 0x42, 0x1E, 0x42, 0x1F, 0x42, 0x20,
    0x62, 0x21, 0x80, 0x22, 0x2F, 0x23, 0x12, 0x24, 0x12, 0x25, 0x12, 0x26, 0x12, 0x27, 0x12, 0x28,
    0x12, 0x29, 0x42, 0x2A, 0x22, 0x2B, 0x22, 0x2C, 0x12, 0x2D, 0x22, 0x2E, 0x52, 0x2F, 0x22, 0x30,
    0x02, 0x31, 0x02, 0x32, 0x32, 0x33, 0x32, 0x34, 0x52, 0x35, 0x72, 0x36, 0x42, 0x37, 0x62, 0x38,
    0x62, 0x39, 0x62, 0x3A, 0x62, 0x81, 0x00, 0x3B, 0x3B, 0x42, 0x3C, 0x42, 0x3D, 0x42, 0x3E, 0x62,
    0x3F, 0x62, 0x40, 0x42, 0x41, 0x12, 0x42, 0x12, 0x43, 0x12, 0x44, 0x72, 0x45, 0x12, 0x46, 0x12,
    0x47, 0x42, 0x48, 0x22, 0x49, 0x22, 0x4A, 0x22, 0x4B, 0x22, 0x4C, 0x52, 0x4D, 0x72, 0x4E, 0x02,
    0x4F, 0x52, 0x50, 0x32, 0x51, 0x32, 0x52, 0x52, 0x53, 0x72, 0x54, 0x72, 0x55, 0x62, 0x56, 0x62,
    0x57, 0x62, 0x58, 0x62, 0xFF, 0x00, 0xFF, 0x00, 0xFB, 0x00, 0x00, 0x00,
};

alignas(int) static const uint16_t rin_pair_v7_used[601] = {
    0, 1, 2, 3, 4, 5, 6, 7, 8, 9, 10, 11, 12, 13, 14, 15,
    16, 17, 18, 19, 20, 21, 22, 23, 24, 25, 26, 27, 28, 29, 30, 31,
    32, 33, 34, 35, 36, 37, 38, 39, 40, 41, 42, 43, 44, 45, 46, 47,
    48, 49, 50, 51, 52, 53, 54, 55, 56, 57, 58, 59, 60, 61, 62, 63,
    64, 65, 66, 67, 68, 69, 70, 71, 72, 73, 74, 75, 76, 77, 78, 79,
    80, 81, 82, 83, 84, 85, 86, 87, 88, 89, 90, 91, 92, 93, 94, 95,
    96, 97, 98, 99, 100, 101, 102, 103, 104, 105, 106, 107, 108, 109, 110, 111,
    112, 113, 114, 115, 116, 117, 118, 119, 120, 121, 122, 123, 124, 125, 126, 127,
    128, 129, 130, 131, 132, 133, 134, 135, 136, 137, 138, 139, 140, 141, 142, 143,
    144, 145, 146, 147, 148, 149, 150, 151, 152, 153, 154, 155, 156, 157, 158, 159,
    160, 161, 162, 163, 164, 165, 166, 167, 168, 169, 170, 171, 172, 173, 174, 175,
    176, 177, 178, 179, 180, 181, 182, 183, 184, 185, 186, 187, 188, 189, 190, 191,
    192, 193, 194, 195, 196, 197, 198, 199, 200, 201, 202, 203, 204, 205, 206, 207,
    208, 209, 210, 211, 212, 213, 214, 215, 216, 217, 218, 219, 220, 221, 222, 223,
    224, 225, 226, 227, 228, 229, 230, 231, 232, 233, 234, 235, 236, 237, 238, 239,
    240, 241, 242, 243, 244, 245, 246, 247, 248, 249, 250, 251, 252, 253, 254, 255,
    256, 257, 258, 259, 260, 261, 262, 263, 264, 265, 266, 267, 268, 269, 270, 271,
    272, 273, 274, 275, 276, 277, 278, 279, 280, 281, 282, 283, 284, 285, 286, 287,
    288, 289, 290, 291, 292, 293, 294, 295, 296, 297, 298, 299, 300, 301, 302, 303,
    304, 305, 637, 638, 639, 309, 310, 311, 312, 313, 314, 315, 316, 317, 318, 319,
    320, 321, 322, 323, 324, 325, 326, 327, 328, 329, 330, 331, 332, 333, 334, 335,
    640, 641, 642, 643, 644, 341, 342, 343, 344, 345, 346, 347, 348, 349, 350, 351,
    352, 353, 354, 355, 356, 357, 358, 359, 360, 361, 362, 363, 364, 645, 646, 647,
    648, 649, 650, 651, 372, 373, 374, 375, 376, 377, 378, 379, 380, 381, 382, 383,
    384, 385, 386, 387, 388, 389, 390, 391, 392, 393, 394, 652, 653, 654, 655, 656,
    657, 658, 659, 403, 404, 405, 406, 407, 408, 409, 410, 411, 412, 413, 414, 415,
    416, 417, 418, 419, 420, 421, 422, 423, 660, 661, 662, 663, 664, 665, 666, 667,
    668, 433, 434, 435, 436, 437, 438, 439, 440, 441, 442, 443, 444, 445, 446, 447,
    448, 449, 450, 451, 452, 453, 669, 670, 671, 672, 673, 674, 675, 676, 677, 678,
    464, 465, 466, 467, 468, 469, 470, 471, 472, 473, 474, 475, 476, 477, 478, 479,
    480, 481, 482, 483, 679, 680, 681, 682, 683, 684, 685, 686, 687, 688, 494, 495,
    496, 497, 498, 499, 500, 501, 502, 503, 504, 505, 506, 507, 508, 509, 510, 511,
    512, 513, 689, 690, 691, 692, 693, 694, 695, 696, 697, 698, 524, 525, 526, 527,
    528, 529, 530, 531, 532, 533, 534, 535, 536, 537, 538, 539, 540, 541, 542, 543,
    699, 700, 701, 702, 703, 704, 705, 706, 707, 708, 554, 555, 556, 557, 558, 559,
    560, 561, 562, 563, 564, 565, 566, 567, 568, 569, 570, 571, 572, 573, 709, 710,
    711, 712, 713, 714, 715, 716, 717, 718, 719, 585, 586, 587, 588, 589, 590, 591,
    592, 593, 594, 595, 596, 597, 598, 599, 600,
};

alignas(int) static const unsigned char rin_pair_v7_map_rle[1276] = {
    0x30, 0x00, 0x08, 0x00, 0xFF, 0x00, 0xFF, 0x00, 0xFB, 0x00, 0x3B, 0x01, 0x40, 0x02, 0x40, 0x03,
    0x40, 0x04, 0x20, 0x05, 0x20, 0x06, 0x60, 0x07, 0x60, 0x08, 0x60, 0x09, 0x60, 0x0A, 0x60, 0x0B,
    0x20, 0x0C, 0x20, 0x0D, 0x20, 0x0E, 0x20, 0x0F, 0x20, 0x10, 0x20, 0x11, 0x20, 0x12, 0x70, 0x13,
    0x40, 0x14, 0x20, 0x15, 0x20, 0x16, 0x10, 0x17, 0x10, 0x18, 0x10, 0x19, 0x20, 0x1A, 0x20, 0x1B,
    0x20, 0x1C, 0x20, 0x1D, 0x20, 0x1E, 0x20, 0x81, 0x00, 0x3B, 0x1F, 0x40, 0x20, 0x40, 0x21, 0x40,
    0x22, 0x20, 0x23, 0x20, 0x24, 0x60, 0x25, 0x60, 0x26, 0x60, 0x27, 0x20, 0x28, 0x40, 0x29, 0x70,
    0x2A, 0x70, 0x2B, 0x20, 0x2C, 0x20, 0x2D, 0x20, 0x2E, 0x20, 0x2F, 0x20, 0x30, 0x70, 0x31, 0x70,
    0x32, 0x10, 0x33, 0x10, 0x34, 0x10, 0x35, 0x10, 0x36, 0x10, 0x37, 0x10, 0x38, 0x20, 0x39, 0x20,
    0x3A, 0x20, 0x3B, 0x60, 0x3C, 0x20, 0x81, 0x00, 0x3B, 0x3D, 0x40, 0x3E, 0x40, 0x3F, 0x40, 0x40,
    0x20, 0x41, 0x20, 0x42, 0x60, 0x43, 0x20, 0x44, 0x60, 0x45, 0x70, 0x46, 0x40, 0x47, 0x50, 0x48,
    0x50, 0x49, 0x50, 0x4A, 0x70, 0x4B, 0x20, 0x4C, 0x20, 0x4D, 0x20, 0x4E, 0x70, 0x4F, 0x10, 0x50,
    0x10, 0x51, 0x10, 0x52, 0x10, 0x53, 0x10, 0x54, 0x10, 0x55, 0x10, 0x56, 0x20, 0x57, 0x20, 0x58,
    0x20, 0x59, 0x20, 0x5A, 0x20, 0x81, 0x00, 0x3B, 0x5B, 0x40, 0x5C, 0x40, 0x5D, 0x40, 0x5E, 0x20,
    0x5F, 0x20, 0x60, 0x20, 0x61, 0x60, 0x62, 0x40, 0x63, 0x40, 0x64, 0x50, 0x65, 0x50, 0x66, 0x50,
    0x67, 0x50, 0x68, 0x00, 0x69, 0x00, 0x6A, 0x70, 0x6B, 0x10, 0x6C, 0x70, 0x6D, 0x10, 0x6E, 0x10,
    0x6F, 0x10, 0x70, 0x10, 0x71, 0x10, 0x72, 0x10, 0x73, 0x10, 0x74, 0x10, 0x75, 0x20, 0x76, 0x20,
    0x77, 0x20, 0x78, 0x20, 0x81, 0x00, 0x3B, 0x79, 0x40, 0x7A, 0x40, 0x7B, 0x40, 0x7C, 0x20, 0x7D,
    0x60, 0x7E, 0x60, 0x7F, 0x40, 0x80, 0x40, 0x81, 0x50, 0x82, 0x50, 0x83, 0x50, 0x84, 0x50, 0x85,
    0x50, 0x86, 0x50, 0x87, 0x00, 0x88, 0x70, 0x89, 0x70, 0x8A, 0x70, 0x8B, 0x10, 0x8C, 0x10, 0x8D,
    0x10, 0x8E, 0x10, 0x8F, 0x10, 0x90, 0x10, 0x91, 0x10, 0x92, 0x10, 0x93, 0x10, 0x94, 0x20, 0x95,
    0x10, 0x96, 0x10, 0x81, 0x00, 0x3B, 0x97, 0x40, 0x98, 0x40, 0x99, 0x40, 0x9A, 0x60, 0x9B, 0x60,
    0x9C, 0x60, 0x9D, 0x40, 0x9E, 0x40, 0x9F, 0x50, 0xA0, 0x50, 0xA1, 0x50, 0xA2, 0x50, 0xA3, 0x50,
    0xA4, 0x50, 0xA5, 0x50, 0xA6, 0x70, 0xA7, 0x10, 0xA8, 0x70, 0xA9, 0x10, 0xAA, 0x10, 0xAB, 0x70,
    0xAC, 0x70, 0xAD, 0x70, 0xAE, 0x70, 0xAF, 0x10, 0xB0, 0x10, 0xB1, 0x10, 0xB2, 0x10, 0xB3, 0x10,
    0xB4, 0x10, 0x81, 0x00, 0x3B, 0xB5, 0x40, 0xB6, 0x40, 0xB7, 0x40, 0xB8, 0x60, 0xB9, 0x60, 0xBA,
    0x60, 0xBB, 0x40, 0xBC, 0x40, 0xBD, 0x50, 0xBE, 0x00, 0xBF, 0x50, 0xC0, 0x00, 0xC1, 0x00, 0xC2,
    0x00, 0xC3, 0x50, 0xC4, 0x70, 0xC5, 0x10, 0xC6, 0x70, 0xC7, 0x70, 0xC8, 0x30, 0xC9, 0x30, 0xCA,
    0x30, 0xCB, 0x30, 0xCC, 0x30, 0xCD, 0x70, 0xCE, 0x10, 0xCF, 0x10, 0xD0, 0x10, 0xD1, 0x10, 0xD2,
    0x10, 0x81, 0x00, 0x3B, 0xD3, 0x40, 0xD4, 0x40, 0xD5, 0x40, 0xD6, 0x60, 0xD7, 0x60, 0xD8, 0x60,
    0xD9, 0x40, 0xDA, 0x40, 0xDB, 0x50, 0xDC, 0x00, 0xDD, 0x00, 0xDE, 0x00, 0xDF, 0x00, 0xE0, 0x00,
    0xE1, 0x70, 0xE2, 0x10, 0xE3, 0x10, 0xE4, 0x70, 0xE5, 0x30, 0xE6, 0x30, 0xE7, 0x30, 0xE8, 0x30,
    0xE9, 0x30, 0xEA, 0x30, 0xEB, 0x30, 0xEC, 0x70, 0xED, 0x20, 0xEE, 0x20, 0xEF, 0x10, 0xF0, 0x10,
    0x81, 0x00, 0x3B, 0xF1, 0x40, 0xF2, 0x40, 0xF3, 0x50, 0xF4, 0x20, 0xF5, 0x60, 0xF6, 0x60, 0xF7,
    0x20, 0xF8, 0x50, 0xF9, 0x50, 0xFA, 0x00, 0xFB, 0x00, 0xFC, 0x00, 0xFD, 0x00, 0xFE, 0x00, 0xFF,
    0x10, 0x00, 0x11, 0x01, 0x11, 0x02, 0x71, 0x03, 0x31, 0x04, 0x31, 0x05, 0x31, 0x06, 0x31, 0x07,
    0x31, 0x08, 0x31, 0x09, 0x31, 0x0A, 0x31, 0x0B, 0x21, 0x0C, 0x21, 0x0D, 0x11, 0x0E, 0x11, 0x81,
    0x00, 0x3B, 0x0F, 0x41, 0x10, 0x41, 0x11, 0x51, 0x12, 0x21, 0x13, 0x21, 0x14, 0x61, 0x15, 0x21,
    0x16, 0x51, 0x17, 0x01, 0x18, 0x01, 0x19, 0x01, 0x1A, 0x01, 0x1B, 0x01, 0x1C, 0x01, 0x1D, 0x11,
    0x1E, 0x11, 0x1F, 0x11, 0x20, 0x51, 0x21, 0x51, 0x22, 0x31, 0x23, 0x31, 0x24, 0x31, 0x25, 0x31,
    0x26, 0x31, 0x27, 0x31, 0x28, 0x31, 0x29, 0x21, 0x2A, 0x21, 0x2B, 0x21, 0x2C, 0x21, 0x81, 0x00,
    0x3B, 0x2D, 0x41, 0x2E, 0x41, 0x2F, 0x51, 0x30, 0x21, 0x31, 0x21, 0x32, 0x21, 0x33, 0x71, 0x34,
    0x01, 0x35, 0x01, 0x36, 0x01, 0x37, 0x01, 0x38, 0x01, 0x39, 0x01, 0x3A, 0x11, 0x3B, 0x11, 0x3C,
    0x11, 0x3D, 0x71, 0x3E, 0x01, 0x3F, 0x51, 0x40, 0x51, 0x41, 0x31, 0x42, 0x31, 0x43, 0x31, 0x44,
    0x31, 0x45, 0x31, 0x46, 0x31, 0x47, 0x71, 0x48, 0x21, 0x49, 0x21, 0x4A, 0x21, 0x81, 0x00, 0x3B,
    0x4B, 0x41, 0x4C, 0x41, 0x4D, 0x51, 0x4E, 0x21, 0x4F, 0x21, 0x50, 0x71, 0x51, 0x01, 0x52, 0x01,
    0x53, 0x01, 0x54, 0x01, 0x55, 0x11, 0x56, 0x71, 0x57, 0x11, 0x58, 0x11, 0x59, 0x11, 0x5A, 0x11,
    0x5B, 0x71, 0x5C, 0x01, 0x5D, 0x01, 0x5E, 0x51, 0x5F, 0x31, 0x60, 0x51, 0x61, 0x71, 0x62, 0x31,
    0x63, 0x31, 0x64, 0x31, 0x65, 0x71, 0x66, 0x21, 0x67, 0x21, 0x68, 0x21, 0x81, 0x00, 0x3B, 0x69,
    0x41, 0x6A, 0x41, 0x6B, 0x51, 0x6C, 0x21, 0x6D, 0x21, 0x6E, 0x01, 0x6F, 0x01, 0x70, 0x01, 0x71,
    0x01, 0x72, 0x01, 0x73, 0x11, 0x74, 0x11, 0x75, 0x11, 0x76, 0x11, 0x77, 0x11, 0x78, 0x11, 0x79,
    0x71, 0x7A, 0x01, 0x7B, 0x01, 0x7C, 0x31, 0x7D, 0x31, 0x7E, 0x31, 0x7F, 0x31, 0x80, 0x31, 0x81,
    0x31, 0x82, 0x31, 0x83, 0x71, 0x84, 0x21, 0x85, 0x21, 0x86, 0x21, 0x81, 0x00, 0x3B, 0x87, 0x41,
    0x88, 0x41, 0x89, 0x51, 0x8A, 0x21, 0x8B, 0x71, 0x8C, 0x01, 0x8D, 0x01, 0x8E, 0x01, 0x8F, 0x01,
    0x90, 0x01, 0x91, 0x71, 0x92, 0x11, 0x93, 0x11, 0x94, 0x11, 0x95, 0x11, 0x96, 0x11, 0x97, 0x11,
    0x98, 0x01, 0x99, 0x01, 0x9A, 0x31, 0x9B, 0x31, 0x9C, 0x31, 0x9D, 0x31, 0x9E, 0x31, 0x9F, 0x61,
    0xA0, 0x41, 0xA1, 0x71, 0xA2, 0x21, 0xA3, 0x21, 0xA4, 0x21, 0x81, 0x00, 0x3B, 0xA5, 0x41, 0xA6,
    0x41, 0xA7, 0x41, 0xA8, 0x71, 0xA9, 0x01, 0xAA, 0x01, 0xAB, 0x01, 0xAC, 0x01, 0xAD, 0x01, 0xAE,
    0x01, 0xAF, 0x01, 0xB0, 0x11, 0xB1, 0x11, 0xB2, 0x11, 0xB3, 0x11, 0xB4, 0x11, 0xB5, 0x11, 0xB6,
    0x51, 0xB7, 0x21, 0xB8, 0x71, 0xB9, 0x01, 0xBA, 0x51, 0xBB, 0x71, 0xBC, 0x61, 0xBD, 0x61, 0xBE,
    0x61, 0xBF, 0x61, 0xC0, 0x21, 0xC1, 0x21, 0xC2, 0x21, 0x81, 0x00, 0x3B, 0xC3, 0x21, 0xC4, 0x41,
    0xC5, 0x41, 0xC6, 0x71, 0xC7, 0x01, 0xC8, 0x01, 0xC9, 0x01, 0xCA, 0x01, 0xCB, 0x01, 0xCC, 0x01,
    0xCD, 0x01, 0xCE, 0x11, 0xCF, 0x11, 0xD0, 0x11, 0xD1, 0x11, 0xD2, 0x11, 0xD3, 0x11, 0xD4, 0x51,
    0xD5, 0x21, 0xD6, 0x21, 0xD7, 0x01, 0xD8, 0x71, 0xD9, 0x11, 0xDA, 0x11, 0xDB, 0x61, 0xDC, 0x61,
    0xDD, 0x61, 0xDE, 0x61, 0xDF, 0x21, 0xE0, 0x21, 0x81, 0x00, 0x3B, 0xE1, 0x21, 0xE2, 0x21, 0xE3,
    0x41, 0xE4, 0x71, 0xE5, 0x01, 0xE6, 0x01, 0xE7, 0x01, 0xE8, 0x01, 0xE9, 0x01, 0xEA, 0x01, 0xEB,
    0x01, 0xEC, 0x71, 0xED, 0x21, 0xEE, 0x11, 0xEF, 0x11, 0xF0, 0x11, 0xF1, 0x11, 0xF2, 0x51, 0xF3,
    0x21, 0xF4, 0x71, 0xF5, 0x01, 0xF6, 0x51, 0xF7, 0x71, 0xF8, 0x11, 0xF9, 0x21, 0xFA, 0x61, 0xFB,
    0x61, 0xFC, 0x61, 0xFD, 0x21, 0xFE, 0x21, 0x81, 0x00, 0x3B, 0xFF, 0x21, 0x00, 0x42, 0x01, 0x42,
    0x02, 0x22, 0x03, 0x52, 0x04, 0x02, 0x05, 0x02, 0x06, 0x02, 0x07, 0x02, 0x08, 0x02, 0x09, 0x02,
    0x0A, 0x02, 0x0B, 0x22, 0x0C, 0x22, 0x0D, 0x12, 0x0E, 0x12, 0x0F, 0x12, 0x10, 0x52, 0x11, 0x22,
    0x12, 0x02, 0x13, 0x02, 0x14, 0x52, 0x15, 0x32, 0x16, 0x72, 0x17, 0x72, 0x18, 0x62, 0x19, 0x62,
    0x1A, 0x62, 0x1B, 0x62, 0x1C, 0x62, 0x81, 0x00, 0x3B, 0x1D, 0x42, 0x1E, 0x42, 0x1F, 0x42, 0x20,
    0x62, 0x21, 0x72, 0x22, 0x52, 0x23, 0x02, 0x24, 0x02, 0x25, 0x02, 0x26, 0x02, 0x27, 0x02, 0x28,
    0x02, 0x29, 0x22, 0x2A, 0x22, 0x2B, 0x22, 0x2C, 0x12, 0x2D, 0x22, 0x2E, 0x52, 0x2F, 0x22, 0x30,
    0x02, 0x31, 0x02, 0x32, 0x32, 0x33, 0x32, 0x34, 0x52, 0x35, 0x72, 0x36, 0x42, 0x37, 0x62, 0x38,
    0x62, 0x39, 0x62, 0x3A, 0x62, 0x81, 0x00, 0x3B, 0x3B, 0x42, 0x3C, 0x42, 0x3D, 0x42, 0x3E, 0x62,
    0x3F, 0x72, 0x40, 0x52, 0x41, 0x02, 0x42, 0x02, 0x43, 0x02, 0x44, 0x02, 0x45, 0x02, 0x46, 0x02,
    0x47, 0x42, 0x48, 0x22, 0x49, 0x22, 0x4A, 0x22, 0x4B, 0x22, 0x4C, 0x52, 0x4D, 0x72, 0x4E, 0x02,
    0x4F, 0x52, 0x50, 0x32, 0x51, 0x32, 0x52, 0x52, 0x53, 0x72, 0x54, 0x72, 0x55, 0x62, 0x56, 0x62,
    0x57, 0x62, 0x58, 0x62, 0xFF, 0x00, 0xFF, 0x00, 0xFB, 0x00, 0x00, 0x00,
};

alignas(int) static const uint16_t rin_pair_v8_used[601] = {
    0, 1, 2, 3, 4, 5, 6, 7, 8, 9, 10, 11, 12, 13, 14, 15,
    16, 17, 18, 19, 20, 21, 22, 23, 24, 25, 26, 27, 28, 29, 30, 31,
    32, 33, 34, 35, 36, 37, 38, 39, 40, 41, 42, 43, 44, 45, 46, 47,
    48, 49, 50, 51, 52, 53, 54, 55, 56, 57, 58, 59, 60, 61, 62, 63,
    64, 65, 66, 67, 68, 69, 70, 71, 72, 73, 74, 75, 76, 77, 78, 79,
    80, 81, 82, 83, 84, 85, 86, 87, 88, 89, 90, 91, 92, 93, 94, 95,
    96, 97, 98, 99, 100, 101, 102, 103, 104, 105, 106, 107, 108, 109, 110, 111,
    112, 113, 114, 115, 116, 117, 118, 119, 120, 121, 122, 123, 124, 125, 126, 127,
    128, 129, 130, 131, 132, 133, 134, 135, 136, 137, 138, 139, 140, 141, 142, 143,
    144, 145, 146, 147, 148, 149, 150, 151, 152, 153, 154, 155, 156, 157, 158, 159,
    160, 161, 162, 163, 164, 165, 166, 167, 168, 169, 170, 171, 172, 173, 174, 175,
    176, 177, 178, 179, 180, 181, 182, 183, 184, 185, 186, 187, 188, 189, 190, 191,
    192, 193, 194, 195, 196, 197, 198, 199, 200, 201, 202, 203, 204, 205, 206, 207,
    208, 209, 210, 211, 212, 213, 214, 215, 216, 217, 218, 219, 220, 221, 222, 223,
    224, 225, 226, 227, 228, 229, 230, 231, 232, 233, 234, 235, 236, 237, 238, 239,
    240, 241, 242, 243, 244, 245, 246, 247, 248, 249, 250, 251, 252, 253, 254, 255,
    256, 257, 258, 259, 260, 261, 262, 263, 264, 265, 266, 267, 268, 269, 270, 271,
    272, 273, 274, 275, 276, 277, 278, 279, 280, 281, 282, 283, 284, 285, 286, 287,
    611, 720, 290, 291, 292, 293, 294, 295, 296, 297, 298, 299, 300, 301, 302, 303,
    304, 305, 637, 638, 639, 309, 310, 311, 312, 313, 314, 315, 316, 317, 721, 722,
    320, 321, 322, 323, 324, 325, 326, 327, 328, 329, 330, 331, 332, 333, 334, 335,
    640, 641, 642, 643, 644, 341, 342, 343, 344, 345, 346, 347, 348, 349, 350, 351,
    352, 353, 354, 355, 356, 357, 358, 359, 360, 361, 362, 363, 364, 645, 646, 647,
    648, 649, 650, 651, 372, 373, 374, 375, 376, 723, 724, 379, 380, 381, 382, 383,
    384, 385, 386, 387, 388, 389, 390, 391, 392, 393, 394, 652, 653, 654, 655, 656,
    657, 658, 659, 403, 404, 405, 406, 407, 408, 409, 410, 411, 412, 413, 414, 415,
    416, 417, 418, 419, 420, 421, 422, 423, 660, 661, 662, 663, 664, 665, 666, 667,
    668, 433, 434, 435, 436, 437, 438, 439, 440, 441, 442, 443, 444, 445, 446, 447,
    448, 449, 450, 451, 452, 453, 669, 670, 671, 672, 673, 674, 675, 676, 677, 678,
    464, 465, 466, 467, 468, 469, 470, 471, 472, 473, 474, 475, 476, 477, 478, 479,
    480, 481, 482, 483, 679, 680, 681, 682, 683, 684, 685, 686, 687, 688, 494, 495,
    496, 497, 498, 499, 500, 501, 502, 503, 504, 505, 506, 507, 508, 509, 510, 511,
    512, 513, 689, 690, 691, 692, 693, 694, 695, 696, 697, 698, 524, 525, 526, 527,
    528, 529, 530, 531, 532, 533, 534, 535, 536, 537, 538, 539, 540, 541, 542, 543,
    699, 700, 701, 702, 703, 704, 705, 706, 707, 708, 554, 555, 556, 557, 558, 559,
    560, 561, 562, 563, 564, 565, 566, 567, 568, 569, 570, 571, 572, 573, 709, 710,
    711, 712, 713, 714, 715, 716, 717, 718, 719, 585, 586, 587, 588, 589, 590, 591,
    592, 593, 594, 595, 596, 597, 598, 599, 600,
};

alignas(int) static const unsigned char rin_pair_v8_map_rle[1276] = {
    0x30, 0x00, 0x08, 0x00, 0xFF, 0x00, 0xFF, 0x00, 0xFB, 0x00, 0x3B, 0x01, 0x40, 0x02, 0x40, 0x03,
    0x40, 0x04, 0x20, 0x05, 0x20, 0x06, 0x60, 0x07, 0x60, 0x08, 0x60, 0x09, 0x60, 0x0A, 0x60, 0x0B,
    0x20, 0x0C, 0x20, 0x0D, 0x20, 0x0E, 0x20, 0x0F, 0x20, 0x10, 0x20, 0x11, 0x20, 0x12, 0x70, 0x13,
    0x40, 0x14, 0x20, 0x15, 0x20, 0x16, 0x10, 0x17, 0x10, 0x18, 0x10, 0x19, 0x20, 0x1A, 0x20, 0x1B,
    0x20, 0x1C, 0x20, 0x1D, 0x20, 0x1E, 0x20, 0x81, 0x00, 0x3B, 0x1F, 0x40, 0x20, 0x40, 0x21, 0x40,
    0x22, 0x20, 0x23, 0x20, 0x24, 0x60, 0x25, 0x60, 0x26, 0x60, 0x27, 0x20, 0x28, 0x40, 0x29, 0x70,
    0x2A, 0x70, 0x2B, 0x20, 0x2C, 0x20, 0x2D, 0x20, 0x2E, 0x20, 0x2F, 0x20, 0x30, 0x70, 0x31, 0x70,
    0x32, 0x10, 0x33, 0x10, 0x34, 0x10, 0x35, 0x10, 0x36, 0x10, 0x37, 0x10, 0x38, 0x20, 0x39, 0x20,
    0x3A, 0x20, 0x3B, 0x60, 0x3C, 0x20, 0x81, 0x00, 0x3B, 0x3D, 0x40, 0x3E, 0x40, 0x3F, 0x40, 0x40,
    0x20, 0x41, 0x20, 0x42, 0x60, 0x43, 0x20, 0x44, 0x60, 0x45, 0x70, 0x46, 0x40, 0x47, 0x50, 0x48,
    0x50, 0x49, 0x50, 0x4A, 0x70, 0x4B, 0x20, 0x4C, 0x20, 0x4D, 0x20, 0x4E, 0x70, 0x4F, 0x10, 0x50,
    0x10, 0x51, 0x10, 0x52, 0x10, 0x53, 0x10, 0x54, 0x10, 0x55, 0x10, 0x56, 0x20, 0x57, 0x20, 0x58,
    0x20, 0x59, 0x20, 0x5A, 0x20, 0x81, 0x00, 0x3B, 0x5B, 0x40, 0x5C, 0x40, 0x5D, 0x40, 0x5E, 0x20,
    0x5F, 0x20, 0x60, 0x20, 0x61, 0x60, 0x62, 0x40, 0x63, 0x40, 0x64, 0x50, 0x65, 0x50, 0x66, 0x50,
    0x67, 0x50, 0x68, 0x00, 0x69, 0x00, 0x6A, 0x70, 0x6B, 0x10, 0x6C, 0x70, 0x6D, 0x10, 0x6E, 0x10,
    0x6F, 0x10, 0x70, 0x10, 0x71, 0x10, 0x72, 0x10, 0x73, 0x10, 0x74, 0x10, 0x75, 0x20, 0x76, 0x20,
    0x77, 0x20, 0x78, 0x20, 0x81, 0x00, 0x3B, 0x79, 0x40, 0x7A, 0x40, 0x7B, 0x40, 0x7C, 0x20, 0x7D,
    0x60, 0x7E, 0x60, 0x7F, 0x40, 0x80, 0x40, 0x81, 0x50, 0x82, 0x50, 0x83, 0x50, 0x84, 0x50, 0x85,
    0x50, 0x86, 0x50, 0x87, 0x00, 0x88, 0x70, 0x89, 0x70, 0x8A, 0x70, 0x8B, 0x10, 0x8C, 0x10, 0x8D,
    0x10, 0x8E, 0x10, 0x8F, 0x10, 0x90, 0x10, 0x91, 0x10, 0x92, 0x10, 0x93, 0x10, 0x94, 0x20, 0x95,
    0x10, 0x96, 0x10, 0x81, 0x00, 0x3B, 0x97, 0x40, 0x98, 0x40, 0x99, 0x40, 0x9A, 0x60, 0x9B, 0x60,
    0x9C, 0x60, 0x9D, 0x40, 0x9E, 0x40, 0x9F, 0x50, 0xA0, 0x50, 0xA1, 0x50, 0xA2, 0x50, 0xA3, 0x50,
    0xA4, 0x50, 0xA5, 0x50, 0xA6, 0x70, 0xA7, 0x10, 0xA8, 0x70, 0xA9, 0x10, 0xAA, 0x10, 0xAB, 0x70,
    0xAC, 0x70, 0xAD, 0x70, 0xAE, 0x70, 0xAF, 0x10, 0xB0, 0x10, 0xB1, 0x10, 0xB2, 0x10, 0xB3, 0x10,
    0xB4, 0x10, 0x81, 0x00, 0x3B, 0xB5, 0x40, 0xB6, 0x40, 0xB7, 0x40, 0xB8, 0x60, 0xB9, 0x60, 0xBA,
    0x60, 0xBB, 0x40, 0xBC, 0x40, 0xBD, 0x50, 0xBE, 0x00, 0xBF, 0x50, 0xC0, 0x00, 0xC1, 0x00, 0xC2,
    0x00, 0xC3, 0x50, 0xC4, 0x70, 0xC5, 0x10, 0xC6, 0x70, 0xC7, 0x70, 0xC8, 0x30, 0xC9, 0x30, 0xCA,
    0x30, 0xCB, 0x30, 0xCC, 0x30, 0xCD, 0x70, 0xCE, 0x10, 0xCF, 0x10, 0xD0, 0x10, 0xD1, 0x10, 0xD2,
    0x10, 0x81, 0x00, 0x3B, 0xD3, 0x40, 0xD4, 0x40, 0xD5, 0x40, 0xD6, 0x60, 0xD7, 0x60, 0xD8, 0x60,
    0xD9, 0x40, 0xDA, 0x40, 0xDB, 0x50, 0xDC, 0x00, 0xDD, 0x00, 0xDE, 0x00, 0xDF, 0x00, 0xE0, 0x00,
    0xE1, 0x70, 0xE2, 0x10, 0xE3, 0x10, 0xE4, 0x70, 0xE5, 0x30, 0xE6, 0x30, 0xE7, 0x30, 0xE8, 0x30,
    0xE9, 0x30, 0xEA, 0x30, 0xEB, 0x30, 0xEC, 0x70, 0xED, 0x20, 0xEE, 0x20, 0xEF, 0x10, 0xF0, 0x10,
    0x81, 0x00, 0x3B, 0xF1, 0x40, 0xF2, 0x40, 0xF3, 0x50, 0xF4, 0x20, 0xF5, 0x60, 0xF6, 0x60, 0xF7,
    0x20, 0xF8, 0x50, 0xF9, 0x50, 0xFA, 0x00, 0xFB, 0x00, 0xFC, 0x00, 0xFD, 0x00, 0xFE, 0x00, 0xFF,
    0x10, 0x00, 0x11, 0x01, 0x11, 0x02, 0x71, 0x03, 0x31, 0x04, 0x31, 0x05, 0x31, 0x06, 0x31, 0x07,
    0x31, 0x08, 0x31, 0x09, 0x31, 0x0A, 0x31, 0x0B, 0x21, 0x0C, 0x21, 0x0D, 0x11, 0x0E, 0x11, 0x81,
    0x00, 0x3B, 0x0F, 0x41, 0x10, 0x41, 0x11, 0x51, 0x12, 0x21, 0x13, 0x21, 0x14, 0x61, 0x15, 0x21,
    0x16, 0x51, 0x17, 0x01, 0x18, 0x01, 0x19, 0x01, 0x1A, 0x01, 0x1B, 0x01, 0x1C, 0x01, 0x1D, 0x11,
    0x1E, 0x11, 0x1F, 0x11, 0x20, 0x51, 0x21, 0x51, 0x22, 0x31, 0x23, 0x31, 0x24, 0x31, 0x25, 0x31,
    0x26, 0x31, 0x27, 0x31, 0x28, 0x31, 0x29, 0x21, 0x2A, 0x21, 0x2B, 0x21, 0x2C, 0x21, 0x81, 0x00,
    0x3B, 0x2D, 0x41, 0x2E, 0x41, 0x2F, 0x51, 0x30, 0x21, 0x31, 0x21, 0x32, 0x21, 0x33, 0x71, 0x34,
    0x01, 0x35, 0x01, 0x36, 0x01, 0x37, 0x01, 0x38, 0x01, 0x39, 0x01, 0x3A, 0x11, 0x3B, 0x11, 0x3C,
    0x11, 0x3D, 0x71, 0x3E, 0x01, 0x3F, 0x01, 0x40, 0x51, 0x41, 0x31, 0x42, 0x31, 0x43, 0x31, 0x44,
    0x31, 0x45, 0x31, 0x46, 0x31, 0x47, 0x71, 0x48, 0x21, 0x49, 0x21, 0x4A, 0x21, 0x81, 0x00, 0x3B,
    0x4B, 0x41, 0x4C, 0x41, 0x4D, 0x51, 0x4E, 0x21, 0x4F, 0x21, 0x50, 0x71, 0x51, 0x01, 0x52, 0x01,
    0x53, 0x01, 0x54, 0x01, 0x55, 0x11, 0x56, 0x71, 0x57, 0x11, 0x58, 0x11, 0x59, 0x11, 0x5A, 0x11,
    0x5B, 0x71, 0x5C, 0x01, 0x5D, 0x01, 0x5E, 0x51, 0x5F, 0x31, 0x60, 0x51, 0x61, 0x71, 0x62, 0x31,
    0x63, 0x31, 0x64, 0x31, 0x65, 0x71, 0x66, 0x21, 0x67, 0x21, 0x68, 0x21, 0x81, 0x00, 0x3B, 0x69,
    0x41, 0x6A, 0x41, 0x6B, 0x51, 0x6C, 0x21, 0x6D, 0x21, 0x6E, 0x01, 0x6F, 0x01, 0x70, 0x01, 0x71,
    0x01, 0x72, 0x01, 0x73, 0x11, 0x74, 0x11, 0x75, 0x11, 0x76, 0x11, 0x77, 0x11, 0x78, 0x11, 0x79,
    0x71, 0x7A, 0x01, 0x7B, 0x01, 0x7C, 0x31, 0x7D, 0x31, 0x7E, 0x31, 0x7F, 0x31, 0x80, 0x31, 0x81,
    0x31, 0x82, 0x31, 0x83, 0x71, 0x84, 0x21, 0x85, 0x21, 0x86, 0x21, 0x81, 0x00, 0x3B, 0x87, 0x41,
    0x88, 0x41, 0x89, 0x51, 0x8A, 0x21, 0x8B, 0x71, 0x8C, 0x01, 0x8D, 0x01, 0x8E, 0x01, 0x8F, 0x01,
    0x90, 0x01, 0x91, 0x71, 0x92, 0x11, 0x93, 0x11, 0x94, 0x11, 0x95, 0x11, 0x96, 0x11, 0x97, 0x11,
    0x98, 0x01, 0x99, 0x01, 0x9A, 0x31, 0x9B, 0x31, 0x9C, 0x31, 0x9D, 0x31, 0x9E, 0x31, 0x9F, 0x61,
    0xA0, 0x41, 0xA1, 0x71, 0xA2, 0x21, 0xA3, 0x21, 0xA4, 0x21, 0x81, 0x00, 0x3B, 0xA5, 0x41, 0xA6,
    0x41, 0xA7, 0x41, 0xA8, 0x71, 0xA9, 0x01, 0xAA, 0x01, 0xAB, 0x01, 0xAC, 0x01, 0xAD, 0x01, 0xAE,
    0x01, 0xAF, 0x01, 0xB0, 0x11, 0xB1, 0x11, 0xB2, 0x11, 0xB3, 0x11, 0xB4, 0x11, 0xB5, 0x11, 0xB6,
    0x51, 0xB7, 0x21, 0xB8, 0x71, 0xB9, 0x01, 0xBA, 0x51, 0xBB, 0x71, 0xBC, 0x61, 0xBD, 0x61, 0xBE,
    0x61, 0xBF, 0x61, 0xC0, 0x21, 0xC1, 0x21, 0xC2, 0x21, 0x81, 0x00, 0x3B, 0xC3, 0x21, 0xC4, 0x41,
    0xC5, 0x41, 0xC6, 0x71, 0xC7, 0x01, 0xC8, 0x01, 0xC9, 0x01, 0xCA, 0x01, 0xCB, 0x01, 0xCC, 0x01,
    0xCD, 0x01, 0xCE, 0x11, 0xCF, 0x11, 0xD0, 0x11, 0xD1, 0x11, 0xD2, 0x11, 0xD3, 0x11, 0xD4, 0x51,
    0xD5, 0x21, 0xD6, 0x21, 0xD7, 0x01, 0xD8, 0x71, 0xD9, 0x11, 0xDA, 0x11, 0xDB, 0x61, 0xDC, 0x61,
    0xDD, 0x61, 0xDE, 0x61, 0xDF, 0x21, 0xE0, 0x21, 0x81, 0x00, 0x3B, 0xE1, 0x21, 0xE2, 0x21, 0xE3,
    0x41, 0xE4, 0x71, 0xE5, 0x01, 0xE6, 0x01, 0xE7, 0x01, 0xE8, 0x01, 0xE9, 0x01, 0xEA, 0x01, 0xEB,
    0x01, 0xEC, 0x71, 0xED, 0x21, 0xEE, 0x11, 0xEF, 0x11, 0xF0, 0x11, 0xF1, 0x11, 0xF2, 0x51, 0xF3,
    0x21, 0xF4, 0x71, 0xF5, 0x01, 0xF6, 0x51, 0xF7, 0x71, 0xF8, 0x11, 0xF9, 0x21, 0xFA, 0x61, 0xFB,
    0x61, 0xFC, 0x61, 0xFD, 0x21, 0xFE, 0x21, 0x81, 0x00, 0x3B, 0xFF, 0x21, 0x00, 0x42, 0x01, 0x42,
    0x02, 0x22, 0x03, 0x52, 0x04, 0x02, 0x05, 0x02, 0x06, 0x02, 0x07, 0x02, 0x08, 0x02, 0x09, 0x02,
    0x0A, 0x02, 0x0B, 0x22, 0x0C, 0x22, 0x0D, 0x12, 0x0E, 0x12, 0x0F, 0x12, 0x10, 0x52, 0x11, 0x22,
    0x12, 0x02, 0x13, 0x02, 0x14, 0x52, 0x15, 0x32, 0x16, 0x72, 0x17, 0x72, 0x18, 0x62, 0x19, 0x62,
    0x1A, 0x62, 0x1B, 0x62, 0x1C, 0x62, 0x81, 0x00, 0x3B, 0x1D, 0x42, 0x1E, 0x42, 0x1F, 0x42, 0x20,
    0x62, 0x21, 0x72, 0x22, 0x52, 0x23, 0x02, 0x24, 0x02, 0x25, 0x02, 0x26, 0x02, 0x27, 0x02, 0x28,
    0x02, 0x29, 0x22, 0x2A, 0x22, 0x2B, 0x22, 0x2C, 0x12, 0x2D, 0x22, 0x2E, 0x52, 0x2F, 0x22, 0x30,
    0x02, 0x31, 0x02, 0x32, 0x32, 0x33, 0x32, 0x34, 0x52, 0x35, 0x72, 0x36, 0x42, 0x37, 0x62, 0x38,
    0x62, 0x39, 0x62, 0x3A, 0x62, 0x81, 0x00, 0x3B, 0x3B, 0x42, 0x3C, 0x42, 0x3D, 0x42, 0x3E, 0x62,
    0x3F, 0x72, 0x40, 0x52, 0x41, 0x02, 0x42, 0x02, 0x43, 0x02, 0x44, 0x02, 0x45, 0x02, 0x46, 0x02,
    0x47, 0x42, 0x48, 0x22, 0x49, 0x22, 0x4A, 0x22, 0x4B, 0x22, 0x4C, 0x52, 0x4D, 0x72, 0x4E, 0x02,
    0x4F, 0x52, 0x50, 0x32, 0x51, 0x32, 0x52, 0x52, 0x53, 0x72, 0x54, 0x72, 0x55, 0x62, 0x56, 0x62,
    0x57, 0x62, 0x58, 0x62, 0xFF, 0x00, 0xFF, 0x00, 0xFB, 0x00, 0x00, 0x00,
};

alignas(int) static const uint16_t rin_pair_v9_used[601] = {
    0, 1, 2, 3, 4, 5, 6, 7, 8, 9, 10, 11, 12, 13, 14, 15,
    16, 17, 18, 19, 20, 21, 22, 23, 24, 25, 26, 27, 28, 29, 30, 31,
    32, 33, 34, 35, 36, 37, 38, 39, 40, 41, 42, 43, 44, 45, 46, 47,
    48, 49, 50, 51, 52, 53, 54, 55, 56, 57, 58, 59, 60, 61, 62, 63,
    64, 65, 66, 67, 68, 69, 70, 71, 72, 73, 74, 75, 76, 77, 78, 79,
    80, 81, 82, 83, 84, 85, 86, 87, 88, 89, 90, 91, 92, 93, 94, 95,
    96, 97, 98, 99, 100, 101, 102, 103, 104, 105, 106, 107, 108, 109, 110, 111,
    112, 113, 114, 115, 116, 117, 118, 119, 120, 121, 122, 123, 124, 125, 126, 127,
    128, 129, 130, 131, 132, 133, 134, 135, 136, 137, 138, 139, 140, 141, 142, 143,
    144, 145, 146, 147, 148, 149, 150, 151, 152, 153, 154, 155, 156, 157, 158, 159,
    160, 161, 162, 601, 164, 165, 166, 167, 168, 169, 170, 171, 172, 173, 174, 175,
    176, 177, 178, 179, 180, 181, 182, 183, 184, 185, 186, 187, 188, 189, 190, 191,
    192, 602, 603, 604, 196, 197, 198, 199, 200, 201, 202, 203, 204, 205, 206, 207,
    208, 209, 210, 211, 212, 213, 214, 215, 216, 217, 218, 219, 220, 221, 222, 605,
    606, 607, 226, 227, 228, 229, 230, 231, 232, 233, 234, 235, 236, 237, 238, 239,
    240, 241, 242, 243, 244, 245, 246, 247, 248, 249, 250, 251, 252, 253, 254, 255,
    256, 257, 258, 259, 260, 261, 262, 263, 264, 265, 266, 267, 268, 269, 270, 271,
    272, 273, 274, 275, 276, 277, 278, 279, 280, 281, 282, 608, 284, 285, 286, 287,
    611, 720, 290, 291, 292, 293, 294, 295, 296, 297, 298, 299, 300, 301, 302, 303,
    304, 305, 637, 638, 639, 309, 310, 311, 312, 609, 314, 315, 316, 317, 721, 722,
    320, 321, 322, 323, 324, 325, 326, 327, 328, 329, 330, 331, 332, 333, 334, 335,
    640, 641, 642, 643, 644, 341, 342, 343, 344, 345, 346, 347, 348, 349, 350, 351,
    352, 353, 354, 355, 356, 357, 358, 359, 360, 361, 362, 363, 364, 645, 646, 647,
    648, 649, 650, 651, 372, 373, 374, 375, 376, 723, 724, 379, 380, 381, 382, 383,
    384, 385, 386, 387, 388, 389, 390, 391, 392, 393, 394, 652, 653, 654, 655, 656,
    657, 658, 659, 403, 404, 405, 406, 407, 408, 409, 410, 411, 412, 413, 414, 415,
    416, 417, 418, 419, 420, 421, 422, 423, 660, 661, 662, 663, 664, 665, 666, 667,
    668, 433, 434, 435, 436, 437, 438, 439, 440, 441, 442, 443, 444, 445, 446, 447,
    448, 449, 450, 451, 452, 453, 669, 670, 671, 672, 673, 674, 675, 676, 677, 678,
    464, 465, 466, 467, 468, 469, 470, 471, 472, 473, 474, 475, 476, 477, 478, 479,
    480, 481, 482, 483, 679, 680, 681, 682, 683, 684, 685, 686, 687, 688, 494, 495,
    496, 497, 498, 499, 500, 501, 502, 503, 504, 505, 506, 507, 508, 509, 510, 511,
    512, 513, 689, 690, 691, 692, 693, 694, 695, 696, 697, 698, 524, 525, 526, 527,
    528, 529, 530, 531, 532, 533, 534, 535, 536, 537, 538, 539, 540, 541, 542, 543,
    699, 700, 701, 702, 703, 704, 705, 706, 707, 708, 554, 555, 556, 557, 558, 559,
    560, 561, 562, 563, 564, 565, 566, 567, 568, 569, 570, 571, 572, 573, 709, 710,
    711, 712, 713, 714, 715, 716, 717, 718, 719, 585, 586, 587, 588, 589, 590, 591,
    592, 593, 594, 595, 596, 597, 598, 599, 600,
};

alignas(int) static const unsigned char rin_pair_v9_map_rle[1276] = {
    0x30, 0x00, 0x08, 0x00, 0xFF, 0x00, 0xFF, 0x00, 0xFB, 0x00, 0x3B, 0x01, 0x40, 0x02, 0x40, 0x03,
    0x40, 0x04, 0x20, 0x05, 0x20, 0x06, 0x60, 0x07, 0x60, 0x08, 0x60, 0x09, 0x60, 0x0A, 0x60, 0x0B,
    0x20, 0x0C, 0x20, 0x0D, 0x20, 0x0E, 0x20, 0x0F, 0x20, 0x10, 0x20, 0x11, 0x20, 0x12, 0x70, 0x13,
    0x40, 0x14, 0x20, 0x15, 0x20, 0x16, 0x10, 0x17, 0x10, 0x18, 0x10, 0x19, 0x20, 0x1A, 0x20, 0x1B,
    0x20, 0x1C, 0x20, 0x1D, 0x20, 0x1E, 0x20, 0x81, 0x00, 0x3B, 0x1F, 0x40, 0x20, 0x40, 0x21, 0x40,
    0x22, 0x20, 0x23, 0x20, 0x24, 0x60, 0x25, 0x60, 0x26, 0x60, 0x27, 0x20, 0x28, 0x40, 0x29, 0x70,
    0x2A, 0x70, 0x2B, 0x20, 0x2C, 0x20, 0x2D, 0x20, 0x2E, 0x20, 0x2F, 0x20, 0x30, 0x70, 0x31, 0x70,
    0x32, 0x10, 0x33, 0x10, 0x34, 0x10, 0x35, 0x10, 0x36, 0x10, 0x37, 0x10, 0x38, 0x20, 0x39, 0x20,
    0x3A, 0x20, 0x3B, 0x60, 0x3C, 0x20, 0x81, 0x00, 0x3B, 0x3D, 0x40, 0x3E, 0x40, 0x3F, 0x40, 0x40,
    0x20, 0x41, 0x20, 0x42, 0x60, 0x43, 0x20, 0x44, 0x60, 0x45, 0x70, 0x46, 0x40, 0x47, 0x50, 0x48,
    0x50, 0x49, 0x50, 0x4A, 0x70, 0x4B, 0x20, 0x4C, 0x20, 0x4D, 0x20, 0x4E, 0x70, 0x4F, 0x10, 0x50,
    0x10, 0x51, 0x10, 0x52, 0x10, 0x53, 0x10, 0x54, 0x10, 0x55, 0x10, 0x56, 0x20, 0x57, 0x20, 0x58,
    0x20, 0x59, 0x20, 0x5A, 0x20, 0x81, 0x00, 0x3B, 0x5B, 0x40, 0x5C, 0x40, 0x5D, 0x40, 0x5E, 0x20,
    0x5F, 0x20, 0x60, 0x20, 0x61, 0x60, 0x62, 0x40, 0x63, 0x40, 0x64, 0x50, 0x65, 0x50, 0x66, 0x50,
    0x67, 0x50, 0x68, 0x00, 0x69, 0x00, 0x6A, 0x70, 0x6B, 0x10, 0x6C, 0x70, 0x6D, 0x10, 0x6E, 0x10,
    0x6F, 0x10, 0x70, 0x10, 0x71, 0x10, 0x72, 0x10, 0x73, 0x10, 0x74, 0x10, 0x75, 0x20, 0x76, 0x20,
    0x77, 0x20, 0x78, 0x20, 0x81, 0x00, 0x3B, 0x79, 0x40, 0x7A, 0x40, 0x7B, 0x40, 0x7C, 0x20, 0x7D,
    0x60, 0x7E, 0x60, 0x7F, 0x40, 0x80, 0x40, 0x81, 0x50, 0x82, 0x50, 0x83, 0x50, 0x84, 0x50, 0x85,
    0x50, 0x86, 0x50, 0x87, 0x00, 0x88, 0x70, 0x89, 0x70, 0x8A, 0x70, 0x8B, 0x10, 0x8C, 0x10, 0x8D,
    0x10, 0x8E, 0x10, 0x8F, 0x10, 0x90, 0x10, 0x91, 0x10, 0x92, 0x10, 0x93, 0x10, 0x94, 0x20, 0x95,
    0x10, 0x96, 0x10, 0x81, 0x00, 0x3B, 0x97, 0x40, 0x98, 0x40, 0x99, 0x40, 0x9A, 0x60, 0x9B, 0x60,
    0x9C, 0x60, 0x9D, 0x40, 0x9E, 0x40, 0x9F, 0x50, 0xA0, 0x50, 0xA1, 0x50, 0xA2, 0x50, 0xA3, 0x50,
    0xA4, 0x50, 0xA5, 0x50, 0xA6, 0x70, 0xA7, 0x10, 0xA8, 0x70, 0xA9, 0x10, 0xAA, 0x10, 0xAB, 0x70,
    0xAC, 0x70, 0xAD, 0x70, 0xAE, 0x70, 0xAF, 0x10, 0xB0, 0x10, 0xB1, 0x10, 0xB2, 0x10, 0xB3, 0x10,
    0xB4, 0x10, 0x81, 0x00, 0x3B, 0xB5, 0x40, 0xB6, 0x40, 0xB7, 0x40, 0xB8, 0x60, 0xB9, 0x60, 0xBA,
    0x60, 0xBB, 0x40, 0xBC, 0x40, 0xBD, 0x50, 0xBE, 0x00, 0xBF, 0x50, 0xC0, 0x00, 0xC1, 0x00, 0xC2,
    0x00, 0xC3, 0x50, 0xC4, 0x70, 0xC5, 0x10, 0xC6, 0x70, 0xC7, 0x70, 0xC8, 0x30, 0xC9, 0x30, 0xCA,
    0x30, 0xCB, 0x30, 0xCC, 0x30, 0xCD, 0x70, 0xCE, 0x10, 0xCF, 0x10, 0xD0, 0x10, 0xD1, 0x10, 0xD2,
    0x10, 0x81, 0x00, 0x3B, 0xD3, 0x40, 0xD4, 0x40, 0xD5, 0x40, 0xD6, 0x60, 0xD7, 0x60, 0xD8, 0x60,
    0xD9, 0x40, 0xDA, 0x40, 0xDB, 0x50, 0xDC, 0x00, 0xDD, 0x00, 0xDE, 0x00, 0xDF, 0x00, 0xE0, 0x00,
    0xE1, 0x70, 0xE2, 0x10, 0xE3, 0x10, 0xE4, 0x70, 0xE5, 0x30, 0xE6, 0x30, 0xE7, 0x30, 0xE8, 0x30,
    0xE9, 0x30, 0xEA, 0x30, 0xEB, 0x30, 0xEC, 0x70, 0xED, 0x20, 0xEE, 0x20, 0xEF, 0x10, 0xF0, 0x10,
    0x81, 0x00, 0x3B, 0xF1, 0x40, 0xF2, 0x40, 0xF3, 0x50, 0xF4, 0x20, 0xF5, 0x60, 0xF6, 0x60, 0xF7,
    0x20, 0xF8, 0x50, 0xF9, 0x50, 0xFA, 0x00, 0xFB, 0x00, 0xFC, 0x00, 0xFD, 0x00, 0xFE, 0x00, 0xFF,
    0x10, 0x00, 0x11, 0x01, 0x11, 0x02, 0x71, 0x03, 0x31, 0x04, 0x31, 0x05, 0x31, 0x06, 0x31, 0x07,
    0x31, 0x08, 0x31, 0x09, 0x31, 0x0A, 0x31, 0x0B, 0x21, 0x0C, 0x21, 0x0D, 0x11, 0x0E, 0x11, 0x81,
    0x00, 0x3B, 0x0F, 0x41, 0x10, 0x41, 0x11, 0x51, 0x12, 0x21, 0x13, 0x21, 0x14, 0x61, 0x15, 0x21,
    0x16, 0x51, 0x17, 0x01, 0x18, 0x01, 0x19, 0x01, 0x1A, 0x01, 0x1B, 0x01, 0x1C, 0x01, 0x1D, 0x11,
    0x1E, 0x11, 0x1F, 0x11, 0x20, 0x51, 0x21, 0x51, 0x22, 0x31, 0x23, 0x31, 0x24, 0x31, 0x25, 0x31,
    0x26, 0x31, 0x27, 0x31, 0x28, 0x31, 0x29, 0x21, 0x2A, 0x21, 0x2B, 0x21, 0x2C, 0x21, 0x81, 0x00,
    0x3B, 0x2D, 0x41, 0x2E, 0x41, 0x2F, 0x51, 0x30, 0x21, 0x31, 0x21, 0x32, 0x21, 0x33, 0x71, 0x34,
    0x01, 0x35, 0x01, 0x36, 0x01, 0x37, 0x01, 0x38, 0x01, 0x39, 0x01, 0x3A, 0x11, 0x3B, 0x11, 0x3C,
    0x11, 0x3D, 0x71, 0x3E, 0x01, 0x3F, 0x01, 0x40, 0x51, 0x41, 0x31, 0x42, 0x31, 0x43, 0x31, 0x44,
    0x31, 0x45, 0x31, 0x46, 0x31, 0x47, 0x71, 0x48, 0x21, 0x49, 0x21, 0x4A, 0x21, 0x81, 0x00, 0x3B,
    0x4B, 0x41, 0x4C, 0x41, 0x4D, 0x51, 0x4E, 0x21, 0x4F, 0x21, 0x50, 0x71, 0x51, 0x01, 0x52, 0x01,
    0x53, 0x01, 0x54, 0x01, 0x55, 0x11, 0x56, 0x71, 0x57, 0x11, 0x58, 0x11, 0x59, 0x11, 0x5A, 0x11,
    0x5B, 0x71, 0x5C, 0x01, 0x5D, 0x01, 0x5E, 0x51, 0x5F, 0x31, 0x60, 0x51, 0x61, 0x71, 0x62, 0x31,
    0x63, 0x31, 0x64, 0x31, 0x65, 0x71, 0x66, 0x21, 0x67, 0x21, 0x68, 0x21, 0x81, 0x00, 0x3B, 0x69,
    0x41, 0x6A, 0x41, 0x6B, 0x51, 0x6C, 0x21, 0x6D, 0x21, 0x6E, 0x01, 0x6F, 0x01, 0x70, 0x01, 0x71,
    0x01, 0x72, 0x01, 0x73, 0x11, 0x74, 0x11, 0x75, 0x11, 0x76, 0x11, 0x77, 0x11, 0x78, 0x11, 0x79,
    0x71, 0x7A, 0x01, 0x7B, 0x01, 0x7C, 0x31, 0x7D, 0x31, 0x7E, 0x31, 0x7F, 0x31, 0x80, 0x31, 0x81,
    0x31, 0x82, 0x31, 0x83, 0x71, 0x84, 0x21, 0x85, 0x21, 0x86, 0x21, 0x81, 0x00, 0x3B, 0x87, 0x41,
    0x88, 0x41, 0x89, 0x51, 0x8A, 0x21, 0x8B, 0x71, 0x8C, 0x01, 0x8D, 0x01, 0x8E, 0x01, 0x8F, 0x01,
    0x90, 0x01, 0x91, 0x71, 0x92, 0x11, 0x93, 0x11, 0x94, 0x11, 0x95, 0x11, 0x96, 0x11, 0x97, 0x11,
    0x98, 0x01, 0x99, 0x01, 0x9A, 0x31, 0x9B, 0x31, 0x9C, 0x31, 0x9D, 0x31, 0x9E, 0x31, 0x9F, 0x61,
    0xA0, 0x41, 0xA1, 0x71, 0xA2, 0x21, 0xA3, 0x21, 0xA4, 0x21, 0x81, 0x00, 0x3B, 0xA5, 0x41, 0xA6,
    0x41, 0xA7, 0x41, 0xA8, 0x71, 0xA9, 0x01, 0xAA, 0x01, 0xAB, 0x01, 0xAC, 0x01, 0xAD, 0x01, 0xAE,
    0x01, 0xAF, 0x01, 0xB0, 0x11, 0xB1, 0x11, 0xB2, 0x11, 0xB3, 0x11, 0xB4, 0x11, 0xB5, 0x11, 0xB6,
    0x51, 0xB7, 0x21, 0xB8, 0x71, 0xB9, 0x01, 0xBA, 0x51, 0xBB, 0x71, 0xBC, 0x61, 0xBD, 0x61, 0xBE,
    0x61, 0xBF, 0x61, 0xC0, 0x21, 0xC1, 0x21, 0xC2, 0x21, 0x81, 0x00, 0x3B, 0xC3, 0x21, 0xC4, 0x41,
    0xC5, 0x41, 0xC6, 0x71, 0xC7, 0x01, 0xC8, 0x01, 0xC9, 0x01, 0xCA, 0x01, 0xCB, 0x01, 0xCC, 0x01,
    0xCD, 0x01, 0xCE, 0x11, 0xCF, 0x11, 0xD0, 0x11, 0xD1, 0x11, 0xD2, 0x11, 0xD3, 0x11, 0xD4, 0x51,
    0xD5, 0x21, 0xD6, 0x21, 0xD7, 0x01, 0xD8, 0x71, 0xD9, 0x11, 0xDA, 0x11, 0xDB, 0x61, 0xDC, 0x61,
    0xDD, 0x61, 0xDE, 0x61, 0xDF, 0x21, 0xE0, 0x21, 0x81, 0x00, 0x3B, 0xE1, 0x21, 0xE2, 0x21, 0xE3,
    0x41, 0xE4, 0x71, 0xE5, 0x01, 0xE6, 0x01, 0xE7, 0x01, 0xE8, 0x01, 0xE9, 0x01, 0xEA, 0x01, 0xEB,
    0x01, 0xEC, 0x71, 0xED, 0x21, 0xEE, 0x11, 0xEF, 0x11, 0xF0, 0x11, 0xF1, 0x11, 0xF2, 0x51, 0xF3,
    0x21, 0xF4, 0x71, 0xF5, 0x01, 0xF6, 0x51, 0xF7, 0x71, 0xF8, 0x11, 0xF9, 0x21, 0xFA, 0x61, 0xFB,
    0x61, 0xFC, 0x61, 0xFD, 0x21, 0xFE, 0x21, 0x81, 0x00, 0x3B, 0xFF, 0x21, 0x00, 0x42, 0x01, 0x42,
    0x02, 0x22, 0x03, 0x52, 0x04, 0x02, 0x05, 0x02, 0x06, 0x02, 0x07, 0x02, 0x08, 0x02, 0x09, 0x02,
    0x0A, 0x02, 0x0B, 0x22, 0x0C, 0x22, 0x0D, 0x12, 0x0E, 0x12, 0x0F, 0x12, 0x10, 0x52, 0x11, 0x22,
    0x12, 0x02, 0x13, 0x02, 0x14, 0x52, 0x15, 0x32, 0x16, 0x72, 0x17, 0x72, 0x18, 0x62, 0x19, 0x62,
    0x1A, 0x62, 0x1B, 0x62, 0x1C, 0x62, 0x81, 0x00, 0x3B, 0x1D, 0x42, 0x1E, 0x42, 0x1F, 0x42, 0x20,
    0x62, 0x21, 0x72, 0x22, 0x52, 0x23, 0x02, 0x24, 0x02, 0x25, 0x02, 0x26, 0x02, 0x27, 0x02, 0x28,
    0x02, 0x29, 0x22, 0x2A, 0x22, 0x2B, 0x22, 0x2C, 0x12, 0x2D, 0x22, 0x2E, 0x52, 0x2F, 0x22, 0x30,
    0x02, 0x31, 0x02, 0x32, 0x32, 0x33, 0x32, 0x34, 0x52, 0x35, 0x72, 0x36, 0x42, 0x37, 0x62, 0x38,
    0x62, 0x39, 0x62, 0x3A, 0x62, 0x81, 0x00, 0x3B, 0x3B, 0x42, 0x3C, 0x42, 0x3D, 0x42, 0x3E, 0x62,
    0x3F, 0x72, 0x40, 0x52, 0x41, 0x02, 0x42, 0x02, 0x43, 0x02, 0x44, 0x02, 0x45, 0x02, 0x46, 0x02,
    0x47, 0x42, 0x48, 0x22, 0x49, 0x22, 0x4A, 0x22, 0x4B, 0x22, 0x4C, 0x52, 0x4D, 0x72, 0x4E, 0x02,
    0x4F, 0x52, 0x50, 0x32, 0x51, 0x32, 0x52, 0x52, 0x53, 0x72, 0x54, 0x72, 0x55, 0x62, 0x56, 0x62,
    0x57, 0x62, 0x58, 0x62, 0xFF, 0x00, 0xFF, 0x00, 0xFB, 0x00, 0x00, 0x00,
};

alignas(int) static const uint16_t rin_pair_v10_used[601] = {
    0, 1, 2, 3, 4, 5, 6, 7, 8, 9, 10, 11, 12, 13, 14, 15,
    16, 17, 18, 19, 20, 21, 22, 23, 24, 25, 26, 27, 28, 29, 30, 31,
    32, 33, 34, 35, 36, 37, 38, 39, 40, 41, 42, 43, 44, 45, 46, 47,
    48, 49, 50, 51, 52, 53, 54, 55, 56, 57, 58, 59, 60, 61, 62, 63,
    64, 65, 66, 67, 68, 69, 70, 71, 72, 73, 74, 75, 76, 77, 78, 79,
    80, 81, 82, 83, 84, 85, 86, 87, 88, 89, 90, 91, 92, 93, 94, 95,
    96, 97, 98, 99, 100, 101, 102, 103, 104, 105, 106, 107, 108, 109, 110, 111,
    112, 113, 114, 115, 116, 117, 118, 119, 120, 121, 122, 123, 124, 125, 126, 127,
    128, 129, 130, 131, 132, 133, 134, 135, 136, 137, 138, 139, 140, 141, 142, 143,
    144, 145, 146, 147, 148, 149, 150, 151, 152, 153, 154, 155, 156, 157, 158, 159,
    160, 161, 162, 601, 164, 165, 166, 167, 168, 169, 170, 171, 172, 173, 174, 175,
    176, 177, 178, 179, 180, 181, 182, 183, 184, 185, 186, 187, 188, 189, 190, 191,
    192, 602, 603, 604, 196, 197, 198, 199, 200, 201, 202, 203, 204, 205, 206, 207,
    208, 209, 210, 211, 212, 213, 214, 215, 216, 217, 218, 219, 220, 221, 222, 605,
    606, 607, 226, 227, 228, 229, 230, 231, 232, 233, 234, 235, 236, 237, 238, 239,
    240, 241, 242, 243, 244, 245, 246, 247, 248, 249, 250, 251, 252, 253, 254, 255,
    256, 257, 258, 610, 260, 261, 262, 263, 264, 265, 266, 267, 268, 269, 270, 271,
    272, 273, 274, 275, 276, 277, 278, 279, 280, 281, 282, 608, 284, 285, 286, 287,
    611, 612, 613, 291, 292, 293, 294, 295, 296, 297, 298, 299, 300, 301, 302, 303,
    304, 305, 637, 638, 639, 309, 310, 311, 312, 609, 314, 315, 316, 317, 614, 615,
    320, 321, 322, 323, 324, 325, 326, 327, 328, 329, 330, 331, 332, 333, 334, 335,
    640, 641, 642, 643, 644, 341, 342, 343, 344, 345, 346, 347, 348, 349, 350, 351,
    352, 353, 354, 355, 356, 357, 358, 359, 360, 361, 362, 363, 364, 645, 646, 647,
    648, 649, 650, 651, 372, 373, 374, 375, 376, 377, 616, 379, 380, 381, 382, 383,
    384, 385, 386, 387, 388, 389, 390, 391, 392, 393, 394, 652, 653, 654, 655, 656,
    657, 658, 659, 403, 404, 405, 406, 407, 408, 409, 410, 411, 412, 413, 414, 415,
    416, 417, 418, 419, 420, 421, 422, 423, 660, 661, 662, 663, 664, 665, 666, 667,
    668, 433, 434, 435, 436, 437, 438, 439, 440, 441, 442, 443, 444, 445, 446, 447,
    448, 449, 450, 451, 452, 453, 669, 670, 671, 672, 673, 674, 675, 676, 677, 678,
    464, 465, 466, 467, 468, 469, 470, 471, 472, 473, 474, 475, 476, 477, 478, 479,
    480, 481, 482, 483, 679, 680, 681, 682, 683, 684, 685, 686, 687, 688, 494, 495,
    496, 497, 498, 499, 500, 501, 502, 503, 504, 505, 506, 507, 508, 509, 510, 511,
    512, 513, 689, 690, 691, 692, 693, 694, 695, 696, 697, 698, 524, 525, 526, 527,
    528, 529, 530, 531, 532, 533, 534, 535, 536, 537, 538, 539, 540, 541, 542, 543,
    699, 700, 701, 702, 703, 704, 705, 706, 707, 708, 554, 555, 556, 557, 558, 559,
    560, 561, 562, 563, 564, 565, 566, 567, 568, 569, 570, 571, 572, 573, 709, 710,
    711, 712, 713, 714, 715, 716, 717, 718, 719, 585, 586, 587, 588, 589, 590, 591,
    592, 593, 594, 595, 596, 597, 598, 599, 600,
};

alignas(int) static const unsigned char rin_pair_v10_map_rle[1276] = {
    0x30, 0x00, 0x08, 0x00, 0xFF, 0x00, 0xFF, 0x00, 0xFB, 0x00, 0x3B, 0x01, 0x40, 0x02, 0x40, 0x03,
    0x40, 0x04, 0x20, 0x05, 0x20, 0x06, 0x60, 0x07, 0x60, 0x08, 0x60, 0x09, 0x60, 0x0A, 0x60, 0x0B,
    0x20, 0x0C, 0x20, 0x0D, 0x20, 0x0E, 0x20, 0x0F, 0x20, 0x10, 0x20, 0x11, 0x20, 0x12, 0x70, 0x13,
    0x40, 0x14, 0x20, 0x15, 0x20, 0x16, 0x10, 0x17, 0x10, 0x18, 0x10, 0x19, 0x20, 0x1A, 0x20, 0x1B,
    0x20, 0x1C, 0x20, 0x1D, 0x20, 0x1E, 0x20, 0x81, 0x00, 0x3B, 0x1F, 0x40, 0x20, 0x40, 0x21, 0x40,
    0x22, 0x20, 0x23, 0x20, 0x24, 0x60, 0x25, 0x60, 0x26, 0x60, 0x27, 0x20, 0x28, 0x40, 0x29, 0x70,
    0x2A, 0x70, 0x2B, 0x20, 0x2C, 0x20, 0x2D, 0x20, 0x2E, 0x20, 0x2F, 0x20, 0x30, 0x70, 0x31, 0x70,
    0x32, 0x10, 0x33, 0x10, 0x34, 0x10, 0x35, 0x10, 0x36, 0x10, 0x37, 0x10, 0x38, 0x20, 0x39, 0x20,
    0x3A, 0x20, 0x3B, 0x60, 0x3C, 0x20, 0x81, 0x00, 0x3B, 0x3D, 0x40, 0x3E, 0x40, 0x3F, 0x40, 0x40,
    0x20, 0x41, 0x20, 0x42, 0x60, 0x43, 0x20, 0x44, 0x60, 0x45, 0x70, 0x46, 0x40, 0x47, 0x50, 0x48,
    0x50, 0x49, 0x50, 0x4A, 0x70, 0x4B, 0x20, 0x4C, 0x20, 0x4D, 0x20, 0x4E, 0x70, 0x4F, 0x10, 0x50,
    0x10, 0x51, 0x10, 0x52, 0x10, 0x53, 0x10, 0x54, 0x10, 0x55, 0x10, 0x56, 0x20, 0x57, 0x20, 0x58,
    0x20, 0x59, 0x20, 0x5A, 0x20, 0x81, 0x00, 0x3B, 0x5B, 0x40, 0x5C, 0x40, 0x5D, 0x40, 0x5E, 0x20,
    0x5F, 0x20, 0x60, 0x20, 0x61, 0x60, 0x62, 0x40, 0x63, 0x40, 0x64, 0x50, 0x65, 0x50, 0x66, 0x50,
    0x67, 0x50, 0x68, 0x00, 0x69, 0x00, 0x6A, 0x70, 0x6B, 0x10, 0x6C, 0x70, 0x6D, 0x10, 0x6E, 0x10,
    0x6F, 0x10, 0x70, 0x10, 0x71, 0x10, 0x72, 0x10, 0x73, 0x10, 0x74, 0x10, 0x75, 0x20, 0x76, 0x20,
    0x77, 0x20, 0x78, 0x20, 0x81, 0x00, 0x3B, 0x79, 0x40, 0x7A, 0x40, 0x7B, 0x40, 0x7C, 0x20, 0x7D,
    0x60, 0x7E, 0x60, 0x7F, 0x40, 0x80, 0x40, 0x81, 0x50, 0x82, 0x50, 0x83, 0x50, 0x84, 0x50, 0x85,
    0x50, 0x86, 0x50, 0x87, 0x00, 0x88, 0x70, 0x89, 0x70, 0x8A, 0x70, 0x8B, 0x10, 0x8C, 0x10, 0x8D,
    0x10, 0x8E, 0x10, 0x8F, 0x10, 0x90, 0x10, 0x91, 0x10, 0x92, 0x10, 0x93, 0x10, 0x94, 0x20, 0x95,
    0x10, 0x96, 0x10, 0x81, 0x00, 0x3B, 0x97, 0x40, 0x98, 0x40, 0x99, 0x40, 0x9A, 0x60, 0x9B, 0x60,
    0x9C, 0x60, 0x9D, 0x40, 0x9E, 0x40, 0x9F, 0x50, 0xA0, 0x50, 0xA1, 0x50, 0xA2, 0x50, 0xA3, 0x50,
    0xA4, 0x50, 0xA5, 0x50, 0xA6, 0x70, 0xA7, 0x10, 0xA8, 0x70, 0xA9, 0x10, 0xAA, 0x10, 0xAB, 0x70,
    0xAC, 0x70, 0xAD, 0x70, 0xAE, 0x70, 0xAF, 0x10, 0xB0, 0x10, 0xB1, 0x10, 0xB2, 0x10, 0xB3, 0x10,
    0xB4, 0x10, 0x81, 0x00, 0x3B, 0xB5, 0x40, 0xB6, 0x40, 0xB7, 0x40, 0xB8, 0x60, 0xB9, 0x60, 0xBA,
    0x60, 0xBB, 0x40, 0xBC, 0x40, 0xBD, 0x50, 0xBE, 0x00, 0xBF, 0x50, 0xC0, 0x00, 0xC1, 0x00, 0xC2,
    0x00, 0xC3, 0x50, 0xC4, 0x70, 0xC5, 0x10, 0xC6, 0x70, 0xC7, 0x70, 0xC8, 0x30, 0xC9, 0x30, 0xCA,
    0x30, 0xCB, 0x30, 0xCC, 0x30, 0xCD, 0x70, 0xCE, 0x10, 0xCF, 0x10, 0xD0, 0x10, 0xD1, 0x10, 0xD2,
    0x10, 0x81, 0x00, 0x3B, 0xD3, 0x40, 0xD4, 0x40, 0xD5, 0x40, 0xD6, 0x60, 0xD7, 0x60, 0xD8, 0x60,
    0xD9, 0x40, 0xDA, 0x40, 0xDB, 0x50, 0xDC, 0x00, 0xDD, 0x00, 0xDE, 0x00, 0xDF, 0x00, 0xE0, 0x00,
    0xE1, 0x70, 0xE2, 0x10, 0xE3, 0x10, 0xE4, 0x70, 0xE5, 0x30, 0xE6, 0x30, 0xE7, 0x30, 0xE8, 0x30,
    0xE9, 0x30, 0xEA, 0x30, 0xEB, 0x30, 0xEC, 0x70, 0xED, 0x20, 0xEE, 0x20, 0xEF, 0x10, 0xF0, 0x10,
    0x81, 0x00, 0x3B, 0xF1, 0x40, 0xF2, 0x40, 0xF3, 0x50, 0xF4, 0x20, 0xF5, 0x60, 0xF6, 0x60, 0xF7,
    0x20, 0xF8, 0x50, 0xF9, 0x50, 0xFA, 0x00, 0xFB, 0x00, 0xFC, 0x00, 0xFD, 0x00, 0xFE, 0x00, 0xFF,
    0x10, 0x00, 0x11, 0x01, 0x11, 0x02, 0x71, 0x03, 0x31, 0x04, 0x31, 0x05, 0x31, 0x06, 0x31, 0x07,
    0x31, 0x08, 0x31, 0x09, 0x31, 0x0A, 0x31, 0x0B, 0x21, 0x0C, 0x21, 0x0D, 0x11, 0x0E, 0x11, 0x81,
    0x00, 0x3B, 0x0F, 0x41, 0x10, 0x41, 0x11, 0x51, 0x12, 0x21, 0x13, 0x21, 0x14, 0x61, 0x15, 0x21,
    0x16, 0x51, 0x17, 0x01, 0x18, 0x01, 0x19, 0x01, 0x1A, 0x01, 0x1B, 0x01, 0x1C, 0x01, 0x1D, 0x11,
    0x1E, 0x11, 0x1F, 0x11, 0x20, 0x51, 0x21, 0x51, 0x22, 0x31, 0x23, 0x31, 0x24, 0x31, 0x25, 0x31,
    0x26, 0x31, 0x27, 0x31, 0x28, 0x31, 0x29, 0x21, 0x2A, 0x21, 0x2B, 0x21, 0x2C, 0x21, 0x81, 0x00,
    0x3B, 0x2D, 0x41, 0x2E, 0x41, 0x2F, 0x51, 0x30, 0x21, 0x31, 0x21, 0x32, 0x21, 0x33, 0x71, 0x34,
    0x01, 0x35, 0x01, 0x36, 0x01, 0x37, 0x01, 0x38, 0x01, 0x39, 0x01, 0x3A, 0x11, 0x3B, 0x11, 0x3C,
    0x11, 0x3D, 0x71, 0x3E, 0x01, 0x3F, 0x51, 0x40, 0x51, 0x41, 0x31, 0x42, 0x31, 0x43, 0x31, 0x44,
    0x31, 0x45, 0x31, 0x46, 0x31, 0x47, 0x71, 0x48, 0x21, 0x49, 0x21, 0x4A, 0x21, 0x81, 0x00, 0x3B,
    0x4B, 0x41, 0x4C, 0x41, 0x4D, 0x51, 0x4E, 0x21, 0x4F, 0x21, 0x50, 0x71, 0x51, 0x01, 0x52, 0x01,
    0x53, 0x01, 0x54, 0x01, 0x55, 0x11, 0x56, 0x71, 0x57, 0x11, 0x58, 0x11, 0x59, 0x11, 0x5A, 0x11,
    0x5B, 0x71, 0x5C, 0x01, 0x5D, 0x01, 0x5E, 0x51, 0x5F, 0x31, 0x60, 0x51, 0x61, 0x71, 0x62, 0x31,
    0x63, 0x31, 0x64, 0x31, 0x65, 0x71, 0x66, 0x21, 0x67, 0x21, 0x68, 0x21, 0x81, 0x00, 0x3B, 0x69,
    0x41, 0x6A, 0x41, 0x6B, 0x51, 0x6C, 0x21, 0x6D, 0x21, 0x6E, 0x01, 0x6F, 0x01, 0x70, 0x01, 0x71,
    0x01, 0x72, 0x01, 0x73, 0x11, 0x74, 0x11, 0x75, 0x11, 0x76, 0x11, 0x77, 0x11, 0x78, 0x11, 0x79,
    0x71, 0x7A, 0x01, 0x7B, 0x01, 0x7C, 0x31, 0x7D, 0x31, 0x7E, 0x31, 0x7F, 0x31, 0x80, 0x31, 0x81,
    0x31, 0x82, 0x31, 0x83, 0x71, 0x84, 0x21, 0x85, 0x21, 0x86, 0x21, 0x81, 0x00, 0x3B, 0x87, 0x41,
    0x88, 0x41, 0x89, 0x51, 0x8A, 0x21, 0x8B, 0x71, 0x8C, 0x01, 0x8D, 0x01, 0x8E, 0x01, 0x8F, 0x01,
    0x90, 0x01, 0x91, 0x71, 0x92, 0x11, 0x93, 0x11, 0x94, 0x11, 0x95, 0x11, 0x96, 0x11, 0x97, 0x11,
    0x98, 0x01, 0x99, 0x01, 0x9A, 0x31, 0x9B, 0x31, 0x9C, 0x31, 0x9D, 0x31, 0x9E, 0x31, 0x9F, 0x61,
    0xA0, 0x41, 0xA1, 0x71, 0xA2, 0x21, 0xA3, 0x21, 0xA4, 0x21, 0x81, 0x00, 0x3B, 0xA5, 0x41, 0xA6,
    0x41, 0xA7, 0x41, 0xA8, 0x71, 0xA9, 0x01, 0xAA, 0x01, 0xAB, 0x01, 0xAC, 0x01, 0xAD, 0x01, 0xAE,
    0x01, 0xAF, 0x01, 0xB0, 0x11, 0xB1, 0x11, 0xB2, 0x11, 0xB3, 0x11, 0xB4, 0x11, 0xB5, 0x11, 0xB6,
    0x51, 0xB7, 0x21, 0xB8, 0x71, 0xB9, 0x01, 0xBA, 0x51, 0xBB, 0x71, 0xBC, 0x61, 0xBD, 0x61, 0xBE,
    0x61, 0xBF, 0x61, 0xC0, 0x21, 0xC1, 0x21, 0xC2, 0x21, 0x81, 0x00, 0x3B, 0xC3, 0x21, 0xC4, 0x41,
    0xC5, 0x41, 0xC6, 0x71, 0xC7, 0x01, 0xC8, 0x01, 0xC9, 0x01, 0xCA, 0x01, 0xCB, 0x01, 0xCC, 0x01,
    0xCD, 0x01, 0xCE, 0x11, 0xCF, 0x11, 0xD0, 0x11, 0xD1, 0x11, 0xD2, 0x11, 0xD3, 0x11, 0xD4, 0x51,
    0xD5, 0x21, 0xD6, 0x21, 0xD7, 0x01, 0xD8, 0x71, 0xD9, 0x11, 0xDA, 0x11, 0xDB, 0x61, 0xDC, 0x61,
    0xDD, 0x61, 0xDE, 0x61, 0xDF, 0x21, 0xE0, 0x21, 0x81, 0x00, 0x3B, 0xE1, 0x21, 0xE2, 0x21, 0xE3,
    0x41, 0xE4, 0x71, 0xE5, 0x01, 0xE6, 0x01, 0xE7, 0x01, 0xE8, 0x01, 0xE9, 0x01, 0xEA, 0x01, 0xEB,
    0x01, 0xEC, 0x71, 0xED, 0x21, 0xEE, 0x11, 0xEF, 0x11, 0xF0, 0x11, 0xF1, 0x11, 0xF2, 0x51, 0xF3,
    0x21, 0xF4, 0x71, 0xF5, 0x01, 0xF6, 0x51, 0xF7, 0x71, 0xF8, 0x11, 0xF9, 0x21, 0xFA, 0x61, 0xFB,
    0x61, 0xFC, 0x61, 0xFD, 0x21, 0xFE, 0x21, 0x81, 0x00, 0x3B, 0xFF, 0x21, 0x00, 0x42, 0x01, 0x42,
    0x02, 0x22, 0x03, 0x52, 0x04, 0x02, 0x05, 0x02, 0x06, 0x02, 0x07, 0x02, 0x08, 0x02, 0x09, 0x02,
    0x0A, 0x02, 0x0B, 0x22, 0x0C, 0x22, 0x0D, 0x12, 0x0E, 0x12, 0x0F, 0x12, 0x10, 0x52, 0x11, 0x22,
    0x12, 0x02, 0x13, 0x02, 0x14, 0x52, 0x15, 0x32, 0x16, 0x72, 0x17, 0x72, 0x18, 0x62, 0x19, 0x62,
    0x1A, 0x62, 0x1B, 0x62, 0x1C, 0x62, 0x81, 0x00, 0x3B, 0x1D, 0x42, 0x1E, 0x42, 0x1F, 0x42, 0x20,
    0x62, 0x21, 0x72, 0x22, 0x52, 0x23, 0x02, 0x24, 0x02, 0x25, 0x02, 0x26, 0x02, 0x27, 0x02, 0x28,
    0x02, 0x29, 0x22, 0x2A, 0x22, 0x2B, 0x22, 0x2C, 0x12, 0x2D, 0x22, 0x2E, 0x52, 0x2F, 0x22, 0x30,
    0x02, 0x31, 0x02, 0x32, 0x32, 0x33, 0x32, 0x34, 0x52, 0x35, 0x72, 0x36, 0x42, 0x37, 0x62, 0x38,
    0x62, 0x39, 0x62, 0x3A, 0x62, 0x81, 0x00, 0x3B, 0x3B, 0x42, 0x3C, 0x42, 0x3D, 0x42, 0x3E, 0x62,
    0x3F, 0x72, 0x40, 0x52, 0x41, 0x02, 0x42, 0x02, 0x43, 0x02, 0x44, 0x02, 0x45, 0x02, 0x46, 0x02,
    0x47, 0x42, 0x48, 0x22, 0x49, 0x22, 0x4A, 0x22, 0x4B, 0x22, 0x4C, 0x52, 0x4D, 0x72, 0x4E, 0x02,
    0x4F, 0x52, 0x50, 0x32, 0x51, 0x32, 0x52, 0x52, 0x53, 0x72, 0x54, 0x72, 0x55, 0x62, 0x56, 0x62,
    0x57, 0x62, 0x58, 0x62, 0xFF, 0x00, 0xFF, 0x00, 0xFB, 0x00, 0x00, 0x00,
};

alignas(int) static const uint16_t rin_pair_v11_used[601] = {
    0, 1, 2, 3, 4, 5, 6, 7, 8, 9, 10, 11, 12, 13, 14, 15,
    16, 17, 18, 19, 20, 21, 22, 23, 24, 25, 26, 27, 28, 29, 30, 31,
    32, 33, 34, 35, 36, 37, 38, 39, 40, 41, 42, 43, 44, 45, 46, 47,
    48, 49, 50, 51, 52, 53, 54, 55, 56, 57, 58, 59, 60, 61, 62, 63,
    64, 65, 66, 67, 68, 69, 70, 71, 72, 73, 74, 75, 76, 77, 78, 79,
    80, 81, 82, 83, 84, 85, 86, 87, 88, 89, 90, 91, 92, 93, 94, 95,
    96, 97, 98, 99, 100, 101, 102, 103, 104, 105, 106, 107, 108, 109, 110, 111,
    112, 113, 114, 115, 116, 117, 118, 119, 120, 121, 122, 123, 124, 125, 126, 127,
    128, 129, 130, 131, 132, 133, 134, 135, 136, 137, 138, 139, 140, 141, 142, 143,
    144, 145, 146, 147, 148, 149, 150, 151, 152, 153, 154, 155, 156, 157, 158, 159,
    160, 161, 162, 163, 164, 165, 166, 167, 168, 169, 170, 171, 172, 173, 174, 175,
    176, 177, 178, 179, 180, 181, 182, 183, 184, 185, 186, 187, 188, 189, 190, 191,
    192, 193, 194, 195, 196, 197, 198, 199, 200, 201, 202, 203, 204, 205, 206, 207,
    208, 209, 210, 211, 212, 213, 214, 215, 216, 217, 218, 219, 220, 221, 222, 223,
    224, 225, 226, 227, 228, 229, 230, 231, 232, 233, 234, 235, 236, 237, 238, 239,
    240, 241, 242, 243, 244, 245, 246, 247, 248, 249, 250, 251, 252, 253, 254, 255,
    256, 257, 258, 610, 260, 261, 262, 263, 264, 265, 266, 267, 268, 269, 270, 271,
    272, 273, 274, 275, 276, 277, 278, 279, 280, 281, 282, 283, 284, 285, 286, 287,
    611, 612, 613, 291, 292, 293, 294, 295, 296, 297, 298, 299, 300, 301, 302, 303,
    304, 305, 637, 638, 639, 309, 310, 311, 312, 313, 314, 315, 316, 317, 614, 615,
    320, 321, 322, 323, 324, 325, 326, 327, 328, 329, 330, 331, 332, 333, 334, 335,
    640, 641, 642, 643, 644, 341, 342, 343, 344, 345, 346, 347, 348, 349, 350, 351,
    352, 353, 354, 355, 356, 357, 358, 359, 360, 361, 362, 363, 364, 645, 646, 647,
    648, 649, 650, 651, 372, 373, 374, 375, 376, 377, 616, 379, 380, 381, 382, 383,
    384, 385, 386, 387, 388, 389, 390, 391, 392, 393, 394, 652, 653, 654, 655, 656,
    657, 658, 659, 403, 404, 405, 406, 407, 408, 409, 410, 411, 412, 413, 414, 415,
    416, 417, 418, 419, 420, 421, 422, 423, 660, 661, 662, 663, 664, 665, 666, 667,
    668, 433, 434, 435, 436, 437, 438, 439, 440, 441, 442, 443, 444, 445, 446, 447,
    448, 449, 450, 451, 452, 453, 669, 670, 671, 672, 673, 674, 675, 676, 677, 678,
    464, 465, 466, 467, 468, 469, 470, 471, 472, 473, 474, 475, 476, 477, 478, 479,
    480, 481, 482, 483, 679, 680, 681, 682, 683, 684, 685, 686, 687, 688, 494, 495,
    496, 497, 498, 499, 500, 501, 502, 503, 504, 505, 506, 507, 508, 509, 510, 511,
    512, 513, 689, 690, 691, 692, 693, 694, 695, 696, 697, 698, 524, 525, 526, 527,
    528, 529, 530, 531, 532, 533, 534, 535, 536, 537, 538, 539, 540, 541, 542, 543,
    699, 700, 701, 702, 703, 704, 705, 706, 707, 708, 554, 555, 556, 557, 558, 559,
    560, 561, 562, 563, 564, 565, 566, 567, 568, 569, 570, 571, 572, 573, 709, 710,
    711, 712, 713, 714, 715, 716, 717, 718, 719, 585, 586, 587, 588, 589, 590, 591,
    592, 593, 594, 595, 596, 597, 598, 599, 600,
};

alignas(int) static const unsigned char rin_pair_v11_map_rle[1276] = {
    0x30, 0x00, 0x08, 0x00, 0xFF, 0x00, 0xFF, 0x00, 0xFB, 0x00, 0x3B, 0x01, 0x40, 0x02, 0x40, 0x03,
    0x40, 0x04, 0x20, 0x05, 0x20, 0x06, 0x60, 0x07, 0x60, 0x08, 0x60, 0x09, 0x60, 0x0A, 0x60, 0x0B,
    0x20, 0x0C, 0x20, 0x0D, 0x20, 0x0E, 0x20, 0x0F, 0x20, 0x10, 0x20, 0x11, 0x20, 0x12, 0x70, 0x13,
    0x40, 0x14, 0x20, 0x15, 0x20, 0x16, 0x10, 0x17, 0x10, 0x18, 0x10, 0x19, 0x20, 0x1A, 0x20, 0x1B,
    0x20, 0x1C, 0x20, 0x1D, 0x20, 0x1E, 0x20, 0x81, 0x00, 0x3B, 0x1F, 0x40, 0x20, 0x40, 0x21, 0x40,
    0x22, 0x20, 0x23, 0x20, 0x24, 0x60, 0x25, 0x60, 0x26, 0x60, 0x27, 0x20, 0x28, 0x40, 0x29, 0x70,
    0x2A, 0x70, 0x2B, 0x20, 0x2C, 0x20, 0x2D, 0x20, 0x2E, 0x20, 0x2F, 0x20, 0x30, 0x70, 0x31, 0x70,
    0x32, 0x10, 0x33, 0x10, 0x34, 0x10, 0x35, 0x10, 0x36, 0x10, 0x37, 0x10, 0x38, 0x20, 0x39, 0x20,
    0x3A, 0x20, 0x3B, 0x60, 0x3C, 0x20, 0x81, 0x00, 0x3B, 0x3D, 0x40, 0x3E, 0x40, 0x3F, 0x40, 0x40,
    0x20, 0x41, 0x20, 0x42, 0x60, 0x43, 0x20, 0x44, 0x60, 0x45, 0x70, 0x46, 0x40, 0x47, 0x50, 0x48,
    0x50, 0x49, 0x50, 0x4A, 0x70, 0x4B, 0x20, 0x4C, 0x20, 0x4D, 0x20, 0x4E, 0x70, 0x4F, 0x10, 0x50,
    0x10, 0x51, 0x10, 0x52, 0x10, 0x53, 0x10, 0x54, 0x10, 0x55, 0x10, 0x56, 0x20, 0x57, 0x20, 0x58,
    0x20, 0x59, 0x20, 0x5A, 0x20, 0x81, 0x00, 0x3B, 0x5B, 0x40, 0x5C, 0x40, 0x5D, 0x40, 0x5E, 0x20,
    0x5F, 0x20, 0x60, 0x20, 0x61, 0x60, 0x62, 0x40, 0x63, 0x40, 0x64, 0x50, 0x65, 0x50, 0x66, 0x50,
    0x67, 0x50, 0x68, 0x00, 0x69, 0x00, 0x6A, 0x70, 0x6B, 0x10, 0x6C, 0x70, 0x6D, 0x10, 0x6E, 0x10,
    0x6F, 0x10, 0x70, 0x10, 0x71, 0x10, 0x72, 0x10, 0x73, 0x10, 0x74, 0x10, 0x75, 0x20, 0x76, 0x20,
    0x77, 0x20, 0x78, 0x20, 0x81, 0x00, 0x3B, 0x79, 0x40, 0x7A, 0x40, 0x7B, 0x40, 0x7C, 0x20, 0x7D,
    0x60, 0x7E, 0x60, 0x7F, 0x40, 0x80, 0x40, 0x81, 0x50, 0x82, 0x50, 0x83, 0x50, 0x84, 0x50, 0x85,
    0x50, 0x86, 0x50, 0x87, 0x00, 0x88, 0x70, 0x89, 0x70, 0x8A, 0x70, 0x8B, 0x10, 0x8C, 0x10, 0x8D,
    0x10, 0x8E, 0x10, 0x8F, 0x10, 0x90, 0x10, 0x91, 0x10, 0x92, 0x10, 0x93, 0x10, 0x94, 0x20, 0x95,
    0x10, 0x96, 0x10, 0x81, 0x00, 0x3B, 0x97, 0x40, 0x98, 0x40, 0x99, 0x40, 0x9A, 0x60, 0x9B, 0x60,
    0x9C, 0x60, 0x9D, 0x40, 0x9E, 0x40, 0x9F, 0x50, 0xA0, 0x50, 0xA1, 0x50, 0xA2, 0x50, 0xA3, 0x50,
    0xA4, 0x50, 0xA5, 0x50, 0xA6, 0x70, 0xA7, 0x10, 0xA8, 0x70, 0xA9, 0x10, 0xAA, 0x10, 0xAB, 0x70,
    0xAC, 0x70, 0xAD, 0x70, 0xAE, 0x70, 0xAF, 0x10, 0xB0, 0x10, 0xB1, 0x10, 0xB2, 0x10, 0xB3, 0x10,
    0xB4, 0x10, 0x81, 0x00, 0x3B, 0xB5, 0x40, 0xB6, 0x40, 0xB7, 0x40, 0xB8, 0x60, 0xB9, 0x60, 0xBA,
    0x60, 0xBB, 0x40, 0xBC, 0x40, 0xBD, 0x50, 0xBE, 0x00, 0xBF, 0x50, 0xC0, 0x00, 0xC1, 0x00, 0xC2,
    0x00, 0xC3, 0x50, 0xC4, 0x70, 0xC5, 0x10, 0xC6, 0x70, 0xC7, 0x70, 0xC8, 0x30, 0xC9, 0x30, 0xCA,
    0x30, 0xCB, 0x30, 0xCC, 0x30, 0xCD, 0x70, 0xCE, 0x10, 0xCF, 0x10, 0xD0, 0x10, 0xD1, 0x10, 0xD2,
    0x10, 0x81, 0x00, 0x3B, 0xD3, 0x40, 0xD4, 0x40, 0xD5, 0x40, 0xD6, 0x60, 0xD7, 0x60, 0xD8, 0x60,
    0xD9, 0x40, 0xDA, 0x40, 0xDB, 0x50, 0xDC, 0x00, 0xDD, 0x00, 0xDE, 0x00, 0xDF, 0x00, 0xE0, 0x00,
    0xE1, 0x70, 0xE2, 0x10, 0xE3, 0x10, 0xE4, 0x70, 0xE5, 0x30, 0xE6, 0x30, 0xE7, 0x30, 0xE8, 0x30,
    0xE9, 0x30, 0xEA, 0x30, 0xEB, 0x30, 0xEC, 0x70, 0xED, 0x20, 0xEE, 0x20, 0xEF, 0x10, 0xF0, 0x10,
    0x81, 0x00, 0x3B, 0xF1, 0x40, 0xF2, 0x40, 0xF3, 0x50, 0xF4, 0x20, 0xF5, 0x60, 0xF6, 0x60, 0xF7,
    0x20, 0xF8, 0x50, 0xF9, 0x50, 0xFA, 0x00, 0xFB, 0x00, 0xFC, 0x00, 0xFD, 0x00, 0xFE, 0x00, 0xFF,
    0x10, 0x00, 0x11, 0x01, 0x11, 0x02, 0x71, 0x03, 0x31, 0x04, 0x31, 0x05, 0x31, 0x06, 0x31, 0x07,
    0x31, 0x08, 0x31, 0x09, 0x31, 0x0A, 0x31, 0x0B, 0x21, 0x0C, 0x21, 0x0D, 0x11, 0x0E, 0x11, 0x81,
    0x00, 0x3B, 0x0F, 0x41, 0x10, 0x41, 0x11, 0x51, 0x12, 0x21, 0x13, 0x21, 0x14, 0x61, 0x15, 0x21,
    0x16, 0x51, 0x17, 0x01, 0x18, 0x01, 0x19, 0x01, 0x1A, 0x01, 0x1B, 0x01, 0x1C, 0x01, 0x1D, 0x11,
    0x1E, 0x11, 0x1F, 0x11, 0x20, 0x51, 0x21, 0x51, 0x22, 0x31, 0x23, 0x31, 0x24, 0x31, 0x25, 0x31,
    0x26, 0x31, 0x27, 0x31, 0x28, 0x31, 0x29, 0x21, 0x2A, 0x21, 0x2B, 0x21, 0x2C, 0x21, 0x81, 0x00,
    0x3B, 0x2D, 0x41, 0x2E, 0x41, 0x2F, 0x51, 0x30, 0x21, 0x31, 0x21, 0x32, 0x21, 0x33, 0x71, 0x34,
    0x01, 0x35, 0x01, 0x36, 0x01, 0x37, 0x01, 0x38, 0x01, 0x39, 0x01, 0x3A, 0x11, 0x3B, 0x11, 0x3C,
    0x11, 0x3D, 0x71, 0x3E, 0x01, 0x3F, 0x51, 0x40, 0x51, 0x41, 0x31, 0x42, 0x31, 0x43, 0x31, 0x44,
    0x31, 0x45, 0x31, 0x46, 0x31, 0x47, 0x71, 0x48, 0x21, 0x49, 0x21, 0x4A, 0x21, 0x81, 0x00, 0x3B,
    0x4B, 0x41, 0x4C, 0x41, 0x4D, 0x51, 0x4E, 0x21, 0x4F, 0x21, 0x50, 0x71, 0x51, 0x01, 0x52, 0x01,
    0x53, 0x01, 0x54, 0x01, 0x55, 0x11, 0x56, 0x71, 0x57, 0x11, 0x58, 0x11, 0x59, 0x11, 0x5A, 0x11,
    0x5B, 0x71, 0x5C, 0x01, 0x5D, 0x01, 0x5E, 0x51, 0x5F, 0x31, 0x60, 0x51, 0x61, 0x71, 0x62, 0x31,
    0x63, 0x31, 0x64, 0x31, 0x65, 0x71, 0x66, 0x21, 0x67, 0x21, 0x68, 0x21, 0x81, 0x00, 0x3B, 0x69,
    0x41, 0x6A, 0x41, 0x6B, 0x51, 0x6C, 0x21, 0x6D, 0x21, 0x6E, 0x01, 0x6F, 0x01, 0x70, 0x01, 0x71,
    0x01, 0x72, 0x01, 0x73, 0x11, 0x74, 0x11, 0x75, 0x11, 0x76, 0x11, 0x77, 0x11, 0x78, 0x11, 0x79,
    0x71, 0x7A, 0x01, 0x7B, 0x01, 0x7C, 0x31, 0x7D, 0x31, 0x7E, 0x31, 0x7F, 0x31, 0x80, 0x31, 0x81,
    0x31, 0x82, 0x31, 0x83, 0x71, 0x84, 0x21, 0x85, 0x21, 0x86, 0x21, 0x81, 0x00, 0x3B, 0x87, 0x41,
    0x88, 0x41, 0x89, 0x51, 0x8A, 0x21, 0x8B, 0x71, 0x8C, 0x01, 0x8D, 0x01, 0x8E, 0x01, 0x8F, 0x01,
    0x90, 0x01, 0x91, 0x71, 0x92, 0x11, 0x93, 0x11, 0x94, 0x11, 0x95, 0x11, 0x96, 0x11, 0x97, 0x11,
    0x98, 0x01, 0x99, 0x01, 0x9A, 0x31, 0x9B, 0x31, 0x9C, 0x31, 0x9D, 0x31, 0x9E, 0x31, 0x9F, 0x61,
    0xA0, 0x41, 0xA1, 0x71, 0xA2, 0x21, 0xA3, 0x21, 0xA4, 0x21, 0x81, 0x00, 0x3B, 0xA5, 0x41, 0xA6,
    0x41, 0xA7, 0x41, 0xA8, 0x71, 0xA9, 0x01, 0xAA, 0x01, 0xAB, 0x01, 0xAC, 0x01, 0xAD, 0x01, 0xAE,
    0x01, 0xAF, 0x01, 0xB0, 0x11, 0xB1, 0x11, 0xB2, 0x11, 0xB3, 0x11, 0xB4, 0x11, 0xB5, 0x11, 0xB6,
    0x51, 0xB7, 0x21, 0xB8, 0x71, 0xB9, 0x01, 0xBA, 0x51, 0xBB, 0x71, 0xBC, 0x61, 0xBD, 0x61, 0xBE,
    0x61, 0xBF, 0x61, 0xC0, 0x21, 0xC1, 0x21, 0xC2, 0x21, 0x81, 0x00, 0x3B, 0xC3, 0x21, 0xC4, 0x41,
    0xC5, 0x41, 0xC6, 0x71, 0xC7, 0x01, 0xC8, 0x01, 0xC9, 0x01, 0xCA, 0x01, 0xCB, 0x01, 0xCC, 0x01,
    0xCD, 0x01, 0xCE, 0x11, 0xCF, 0x11, 0xD0, 0x11, 0xD1, 0x11, 0xD2, 0x11, 0xD3, 0x11, 0xD4, 0x51,
    0xD5, 0x21, 0xD6, 0x21, 0xD7, 0x01, 0xD8, 0x71, 0xD9, 0x11, 0xDA, 0x11, 0xDB, 0x61, 0xDC, 0x61,
    0xDD, 0x61, 0xDE, 0x61, 0xDF, 0x21, 0xE0, 0x21, 0x81, 0x00, 0x3B, 0xE1, 0x21, 0xE2, 0x21, 0xE3,
    0x41, 0xE4, 0x71, 0xE5, 0x01, 0xE6, 0x01, 0xE7, 0x01, 0xE8, 0x01, 0xE9, 0x01, 0xEA, 0x01, 0xEB,
    0x01, 0xEC, 0x71, 0xED, 0x21, 0xEE, 0x11, 0xEF, 0x11, 0xF0, 0x11, 0xF1, 0x11, 0xF2, 0x51, 0xF3,
    0x21, 0xF4, 0x71, 0xF5, 0x01, 0xF6, 0x51, 0xF7, 0x71, 0xF8, 0x11, 0xF9, 0x21, 0xFA, 0x61, 0xFB,
    0x61, 0xFC, 0x61, 0xFD, 0x21, 0xFE, 0x21, 0x81, 0x00, 0x3B, 0xFF, 0x21, 0x00, 0x42, 0x01, 0x42,
    0x02, 0x22, 0x03, 0x52, 0x04, 0x02, 0x05, 0x02, 0x06, 0x02, 0x07, 0x02, 0x08, 0x02, 0x09, 0x02,
    0x0A, 0x02, 0x0B, 0x22, 0x0C, 0x22, 0x0D, 0x12, 0x0E, 0x12, 0x0F, 0x12, 0x10, 0x52, 0x11, 0x22,
    0x12, 0x02, 0x13, 0x02, 0x14, 0x52, 0x15, 0x32, 0x16, 0x72, 0x17, 0x72, 0x18, 0x62, 0x19, 0x62,
    0x1A, 0x62, 0x1B, 0x62, 0x1C, 0x62, 0x81, 0x00, 0x3B, 0x1D, 0x42, 0x1E, 0x42, 0x1F, 0x42, 0x20,
    0x62, 0x21, 0x72, 0x22, 0x52, 0x23, 0x02, 0x24, 0x02, 0x25, 0x02, 0x26, 0x02, 0x27, 0x02, 0x28,
    0x02, 0x29, 0x22, 0x2A, 0x22, 0x2B, 0x22, 0x2C, 0x12, 0x2D, 0x22, 0x2E, 0x52, 0x2F, 0x22, 0x30,
    0x02, 0x31, 0x02, 0x32, 0x32, 0x33, 0x32, 0x34, 0x52, 0x35, 0x72, 0x36, 0x42, 0x37, 0x62, 0x38,
    0x62, 0x39, 0x62, 0x3A, 0x62, 0x81, 0x00, 0x3B, 0x3B, 0x42, 0x3C, 0x42, 0x3D, 0x42, 0x3E, 0x62,
    0x3F, 0x72, 0x40, 0x52, 0x41, 0x02, 0x42, 0x02, 0x43, 0x02, 0x44, 0x02, 0x45, 0x02, 0x46, 0x02,
    0x47, 0x42, 0x48, 0x22, 0x49, 0x22, 0x4A, 0x22, 0x4B, 0x22, 0x4C, 0x52, 0x4D, 0x72, 0x4E, 0x02,
    0x4F, 0x52, 0x50, 0x32, 0x51, 0x32, 0x52, 0x52, 0x53, 0x72, 0x54, 0x72, 0x55, 0x62, 0x56, 0x62,
    0x57, 0x62, 0x58, 0x62, 0xFF, 0x00, 0xFF, 0x00, 0xFB, 0x00, 0x00, 0x00,
};

alignas(int) static const uint16_t rin_pair_v12_used[601] = {
    0, 1, 2, 3, 4, 5, 6, 7, 8, 9, 10, 11, 12, 13, 14, 15,
    16, 17, 18, 19, 20, 21, 22, 23, 24, 25, 26, 27, 28, 29, 30, 31,
    32, 33, 34, 35, 36, 37, 38, 39, 40, 41, 42, 43, 44, 45, 46, 47,
    48, 49, 50, 51, 52, 53, 54, 55, 56, 57, 58, 59, 60, 61, 62, 63,
    64, 65, 66, 67, 68, 69, 70, 71, 72, 73, 74, 75, 76, 77, 78, 79,
    80, 81, 82, 83, 84, 85, 86, 87, 88, 89, 90, 91, 92, 93, 94, 95,
    96, 97, 98, 99, 100, 101, 102, 103, 104, 105, 106, 107, 108, 109, 110, 111,
    112, 113, 114, 115, 116, 117, 118, 119, 120, 121, 122, 123, 124, 125, 126, 127,
    128, 129, 130, 131, 132, 133, 134, 135, 136, 137, 138, 139, 140, 141, 142, 143,
    144, 145, 146, 147, 148, 149, 150, 151, 152, 153, 154, 155, 156, 157, 158, 159,
    160, 161, 162, 163, 164, 165, 166, 167, 168, 169, 170, 171, 172, 173, 174, 175,
    176, 177, 178, 179, 180, 181, 182, 183, 184, 185, 186, 187, 188, 189, 190, 191,
    192, 193, 194, 195, 196, 197, 198, 199, 200, 201, 202, 203, 204, 205, 206, 207,
    208, 209, 210, 211, 212, 213, 214, 215, 216, 217, 218, 219, 220, 221, 222, 223,
    224, 225, 226, 227, 228, 229, 230, 231, 232, 233, 234, 235, 236, 237, 238, 239,
    240, 241, 242, 243, 244, 245, 246, 247, 248, 249, 250, 251, 252, 253, 254, 255,
    256, 257, 258, 626, 260, 261, 262, 263, 264, 265, 266, 267, 268, 269, 270, 271,
    272, 273, 274, 275, 276, 277, 278, 279, 280, 281, 282, 283, 284, 285, 286, 287,
    288, 627, 290, 291, 292, 293, 294, 295, 296, 297, 298, 299, 300, 301, 302, 303,
    304, 305, 637, 638, 639, 309, 310, 311, 312, 313, 314, 315, 316, 317, 628, 629,
    320, 321, 322, 323, 324, 325, 326, 327, 328, 329, 330, 331, 332, 333, 334, 335,
    640, 641, 642, 643, 644, 341, 342, 343, 344, 345, 346, 347, 348, 349, 350, 351,
    352, 353, 354, 355, 356, 357, 358, 359, 360, 361, 362, 363, 364, 645, 646, 647,
    648, 649, 650, 651, 372, 373, 374, 375, 376, 630, 631, 379, 380, 381, 382, 383,
    384, 385, 386, 387, 388, 389, 390, 391, 392, 393, 394, 652, 653, 654, 655, 656,
    657, 658, 659, 403, 404, 405, 406, 407, 408, 409, 410, 411, 412, 413, 414, 415,
    416, 417, 418, 419, 420, 421, 422, 423, 660, 661, 662, 663, 664, 665, 666, 667,
    668, 433, 434, 435, 436, 437, 438, 439, 440, 441, 442, 443, 444, 445, 446, 447,
    448, 449, 450, 451, 452, 453, 669, 670, 671, 672, 673, 674, 675, 676, 677, 678,
    464, 465, 466, 467, 468, 469, 470, 471, 472, 473, 474, 475, 476, 477, 478, 479,
    480, 481, 482, 483, 679, 680, 681, 682, 683, 684, 685, 686, 687, 688, 494, 495,
    496, 497, 498, 499, 500, 501, 502, 503, 504, 505, 506, 507, 508, 509, 510, 511,
    512, 513, 689, 690, 691, 692, 693, 694, 695, 696, 697, 698, 524, 525, 526, 527,
    528, 529, 530, 531, 532, 533, 534, 535, 536, 537, 538, 539, 540, 541, 542, 543,
    699, 700, 701, 702, 703, 704, 705, 706, 707, 708, 554, 555, 556, 557, 558, 559,
    560, 561, 562, 563, 564, 565, 566, 567, 568, 569, 570, 571, 572, 573, 709, 710,
    711, 712, 713, 714, 715, 716, 717, 718, 719, 585, 586, 587, 588, 589, 590, 591,
    592, 593, 594, 595, 596, 597, 598, 599, 600,
};

alignas(int) static const unsigned char rin_pair_v12_map_rle[1276] = {
    0x30, 0x00, 0x08, 0x00, 0xFF, 0x00, 0xFF, 0x00, 0xFB, 0x00, 0x3B, 0x01, 0x40, 0x02, 0x40, 0x03,
    0x40, 0x04, 0x20, 0x05, 0x20, 0x06, 0x60, 0x07, 0x60, 0x08, 0x60, 0x09, 0x60, 0x0A, 0x60, 0x0B,
    0x20, 0x0C, 0x20, 0x0D, 0x20, 0x0E, 0x20, 0x0F, 0x20, 0x10, 0x20, 0x11, 0x20, 0x12, 0x70, 0x13,
    0x40, 0x14, 0x20, 0x15, 0x20, 0x16, 0x10, 0x17, 0x10, 0x18, 0x10, 0x19, 0x20, 0x1A, 0x20, 0x1B,
    0x20, 0x1C, 0x20, 0x1D, 0x20, 0x1E, 0x20, 0x81, 0x00, 0x3B, 0x1F, 0x40, 0x20, 0x40, 0x21, 0x40,
    0x22, 0x20, 0x23, 0x20, 0x24, 0x60, 0x25, 0x60, 0x26, 0x60, 0x27, 0x20, 0x28, 0x40, 0x29, 0x70,
    0x2A, 0x70, 0x2B, 0x20, 0x2C, 0x20, 0x2D, 0x20, 0x2E, 0x20, 0x2F, 0x20, 0x30, 0x70, 0x31, 0x70,
    0x32, 0x10, 0x33, 0x10, 0x34, 0x10, 0x35, 0x10, 0x36, 0x10, 0x37, 0x10, 0x38, 0x20, 0x39, 0x20,
    0x3A, 0x20, 0x3B, 0x60, 0x3C, 0x20, 0x81, 0x00, 0x3B, 0x3D, 0x40, 0x3E, 0x40, 0x3F, 0x40, 0x40,
    0x20, 0x41, 0x20, 0x42, 0x60, 0x43, 0x20, 0x44, 0x60, 0x45, 0x70, 0x46, 0x40, 0x47, 0x50, 0x48,
    0x50, 0x49, 0x50, 0x4A, 0x70, 0x4B, 0x20, 0x4C, 0x20, 0x4D, 0x20, 0x4E, 0x70, 0x4F, 0x10, 0x50,
    0x10, 0x51, 0x10, 0x52, 0x10, 0x53, 0x10, 0x54, 0x10, 0x55, 0x10, 0x56, 0x20, 0x57, 0x20, 0x58,
    0x20, 0x59, 0x20, 0x5A, 0x20, 0x81, 0x00, 0x3B, 0x5B, 0x40, 0x5C, 0x40, 0x5D, 0x40, 0x5E, 0x20,
    0x5F, 0x20, 0x60, 0x20, 0x61, 0x60, 0x62, 0x40, 0x63, 0x40, 0x64, 0x50, 0x65, 0x50, 0x66, 0x50,
    0x67, 0x50, 0x68, 0x00, 0x69, 0x00, 0x6A, 0x70, 0x6B, 0x10, 0x6C, 0x70, 0x6D, 0x10, 0x6E, 0x10,
    0x6F, 0x10, 0x70, 0x10, 0x71, 0x10, 0x72, 0x10, 0x73, 0x10, 0x74, 0x10, 0x75, 0x20, 0x76, 0x20,
    0x77, 0x20, 0x78, 0x20, 0x81, 0x00, 0x3B, 0x79, 0x40, 0x7A, 0x40, 0x7B, 0x40, 0x7C, 0x20, 0x7D,
    0x60, 0x7E, 0x60, 0x7F, 0x40, 0x80, 0x40, 0x81, 0x50, 0x82, 0x50, 0x83, 0x50, 0x84, 0x50, 0x85,
    0x50, 0x86, 0x50, 0x87, 0x00, 0x88, 0x70, 0x89, 0x70, 0x8A, 0x70, 0x8B, 0x10, 0x8C, 0x10, 0x8D,
    0x10, 0x8E, 0x10, 0x8F, 0x10, 0x90, 0x10, 0x91, 0x10, 0x92, 0x10, 0x93, 0x10, 0x94, 0x20, 0x95,
    0x10, 0x96, 0x10, 0x81, 0x00, 0x3B, 0x97, 0x40, 0x98, 0x40, 0x99, 0x40, 0x9A, 0x60, 0x9B, 0x60,
    0x9C, 0x60, 0x9D, 0x40, 0x9E, 0x40, 0x9F, 0x50, 0xA0, 0x50, 0xA1, 0x50, 0xA2, 0x50, 0xA3, 0x50,
    0xA4, 0x50, 0xA5, 0x50, 0xA6, 0x70, 0xA7, 0x10, 0xA8, 0x70, 0xA9, 0x10, 0xAA, 0x10, 0xAB, 0x70,
    0xAC, 0x70, 0xAD, 0x70, 0xAE, 0x70, 0xAF, 0x10, 0xB0, 0x10, 0xB1, 0x10, 0xB2, 0x10, 0xB3, 0x10,
    0xB4, 0x10, 0x81, 0x00, 0x3B, 0xB5, 0x40, 0xB6, 0x40, 0xB7, 0x40, 0xB8, 0x60, 0xB9, 0x60, 0xBA,
    0x60, 0xBB, 0x40, 0xBC, 0x40, 0xBD, 0x50, 0xBE, 0x00, 0xBF, 0x50, 0xC0, 0x00, 0xC1, 0x00, 0xC2,
    0x00, 0xC3, 0x50, 0xC4, 0x70, 0xC5, 0x10, 0xC6, 0x70, 0xC7, 0x70, 0xC8, 0x30, 0xC9, 0x30, 0xCA,
    0x30, 0xCB, 0x30, 0xCC, 0x30, 0xCD, 0x70, 0xCE, 0x10, 0xCF, 0x10, 0xD0, 0x10, 0xD1, 0x10, 0xD2,
    0x10, 0x81, 0x00, 0x3B, 0xD3, 0x40, 0xD4, 0x40, 0xD5, 0x40, 0xD6, 0x60, 0xD7, 0x60, 0xD8, 0x60,
    0xD9, 0x40, 0xDA, 0x40, 0xDB, 0x50, 0xDC, 0x00, 0xDD, 0x00, 0xDE, 0x00, 0xDF, 0x00, 0xE0, 0x00,
    0xE1, 0x70, 0xE2, 0x10, 0xE3, 0x10, 0xE4, 0x70, 0xE5, 0x30, 0xE6, 0x30, 0xE7, 0x30, 0xE8, 0x30,
    0xE9, 0x30, 0xEA, 0x30, 0xEB, 0x30, 0xEC, 0x70, 0xED, 0x20, 0xEE, 0x20, 0xEF, 0x10, 0xF0, 0x10,
    0x81, 0x00, 0x3B, 0xF1, 0x40, 0xF2, 0x40, 0xF3, 0x50, 0xF4, 0x20, 0xF5, 0x60, 0xF6, 0x60, 0xF7,
    0x20, 0xF8, 0x50, 0xF9, 0x50, 0xFA, 0x00, 0xFB, 0x00, 0xFC, 0x00, 0xFD, 0x00, 0xFE, 0x00, 0xFF,
    0x10, 0x00, 0x11, 0x01, 0x11, 0x02, 0x71, 0x03, 0x31, 0x04, 0x31, 0x05, 0x31, 0x06, 0x31, 0x07,
    0x31, 0x08, 0x31, 0x09, 0x31, 0x0A, 0x31, 0x0B, 0x21, 0x0C, 0x21, 0x0D, 0x11, 0x0E, 0x11, 0x81,
    0x00, 0x3B, 0x0F, 0x41, 0x10, 0x41, 0x11, 0x51, 0x12, 0x21, 0x13, 0x21, 0x14, 0x61, 0x15, 0x21,
    0x16, 0x51, 0x17, 0x01, 0x18, 0x01, 0x19, 0x01, 0x1A, 0x01, 0x1B, 0x01, 0x1C, 0x01, 0x1D, 0x11,
    0x1E, 0x11, 0x1F, 0x11, 0x20, 0x51, 0x21, 0x51, 0x22, 0x31, 0x23, 0x31, 0x24, 0x31, 0x25, 0x31,
    0x26, 0x31, 0x27, 0x31, 0x28, 0x31, 0x29, 0x21, 0x2A, 0x21, 0x2B, 0x21, 0x2C, 0x21, 0x81, 0x00,
    0x3B, 0x2D, 0x41, 0x2E, 0x41, 0x2F, 0x51, 0x30, 0x21, 0x31, 0x21, 0x32, 0x21, 0x33, 0x71, 0x34,
    0x01, 0x35, 0x01, 0x36, 0x01, 0x37, 0x01, 0x38, 0x01, 0x39, 0x01, 0x3A, 0x11, 0x3B, 0x11, 0x3C,
    0x11, 0x3D, 0x71, 0x3E, 0x01, 0x3F, 0x51, 0x40, 0x51, 0x41, 0x31, 0x42, 0x31, 0x43, 0x31, 0x44,
    0x31, 0x45, 0x31, 0x46, 0x31, 0x47, 0x71, 0x48, 0x21, 0x49, 0x21, 0x4A, 0x21, 0x81, 0x00, 0x3B,
    0x4B, 0x41, 0x4C, 0x41, 0x4D, 0x51, 0x4E, 0x21, 0x4F, 0x21, 0x50, 0x71, 0x51, 0x01, 0x52, 0x01,
    0x53, 0x01, 0x54, 0x01, 0x55, 0x11, 0x56, 0x71, 0x57, 0x11, 0x58, 0x11, 0x59, 0x11, 0x5A, 0x11,
    0x5B, 0x71, 0x5C, 0x01, 0x5D, 0x01, 0x5E, 0x51, 0x5F, 0x31, 0x60, 0x51, 0x61, 0x71, 0x62, 0x31,
    0x63, 0x31, 0x64, 0x31, 0x65, 0x71, 0x66, 0x21, 0x67, 0x21, 0x68, 0x21, 0x81, 0x00, 0x3B, 0x69,
    0x41, 0x6A, 0x41, 0x6B, 0x51, 0x6C, 0x21, 0x6D, 0x21, 0x6E, 0x01, 0x6F, 0x01, 0x70, 0x01, 0x71,
    0x01, 0x72, 0x01, 0x73, 0x11, 0x74, 0x11, 0x75, 0x11, 0x76, 0x11, 0x77, 0x11, 0x78, 0x11, 0x79,
    0x71, 0x7A, 0x01, 0x7B, 0x01, 0x7C, 0x31, 0x7D, 0x31, 0x7E, 0x31, 0x7F, 0x31, 0x80, 0x31, 0x81,
    0x31, 0x82, 0x31, 0x83, 0x71, 0x84, 0x21, 0x85, 0x21, 0x86, 0x21, 0x81, 0x00, 0x3B, 0x87, 0x41,
    0x88, 0x41, 0x89, 0x51, 0x8A, 0x21, 0x8B, 0x71, 0x8C, 0x01, 0x8D, 0x01, 0x8E, 0x01, 0x8F, 0x01,
    0x90, 0x01, 0x91, 0x71, 0x92, 0x11, 0x93, 0x11, 0x94, 0x11, 0x95, 0x11, 0x96, 0x11, 0x97, 0x11,
    0x98, 0x01, 0x99, 0x01, 0x9A, 0x31, 0x9B, 0x31, 0x9C, 0x31, 0x9D, 0x31, 0x9E, 0x31, 0x9F, 0x61,
    0xA0, 0x41, 0xA1, 0x71, 0xA2, 0x21, 0xA3, 0x21, 0xA4, 0x21, 0x81, 0x00, 0x3B, 0xA5, 0x41, 0xA6,
    0x41, 0xA7, 0x41, 0xA8, 0x71, 0xA9, 0x01, 0xAA, 0x01, 0xAB, 0x01, 0xAC, 0x01, 0xAD, 0x01, 0xAE,
    0x01, 0xAF, 0x01, 0xB0, 0x11, 0xB1, 0x11, 0xB2, 0x11, 0xB3, 0x11, 0xB4, 0x11, 0xB5, 0x11, 0xB6,
    0x51, 0xB7, 0x21, 0xB8, 0x71, 0xB9, 0x01, 0xBA, 0x51, 0xBB, 0x71, 0xBC, 0x61, 0xBD, 0x61, 0xBE,
    0x61, 0xBF, 0x61, 0xC0, 0x21, 0xC1, 0x21, 0xC2, 0x21, 0x81, 0x00, 0x3B, 0xC3, 0x21, 0xC4, 0x41,
    0xC5, 0x41, 0xC6, 0x71, 0xC7, 0x01, 0xC8, 0x01, 0xC9, 0x01, 0xCA, 0x01, 0xCB, 0x01, 0xCC, 0x01,
    0xCD, 0x01, 0xCE, 0x11, 0xCF, 0x11, 0xD0, 0x11, 0xD1, 0x11, 0xD2, 0x11, 0xD3, 0x11, 0xD4, 0x51,
    0xD5, 0x21, 0xD6, 0x21, 0xD7, 0x01, 0xD8, 0x71, 0xD9, 0x11, 0xDA, 0x11, 0xDB, 0x61, 0xDC, 0x61,
    0xDD, 0x61, 0xDE, 0x61, 0xDF, 0x21, 0xE0, 0x21, 0x81, 0x00, 0x3B, 0xE1, 0x21, 0xE2, 0x21, 0xE3,
    0x41, 0xE4, 0x71, 0xE5, 0x01, 0xE6, 0x01, 0xE7, 0x01, 0xE8, 0x01, 0xE9, 0x01, 0xEA, 0x01, 0xEB,
    0x01, 0xEC, 0x71, 0xED, 0x21, 0xEE, 0x11, 0xEF, 0x11, 0xF0, 0x11, 0xF1, 0x11, 0xF2, 0x51, 0xF3,
    0x21, 0xF4, 0x71, 0xF5, 0x01, 0xF6, 0x51, 0xF7, 0x71, 0xF8, 0x11, 0xF9, 0x21, 0xFA, 0x61, 0xFB,
    0x61, 0xFC, 0x61, 0xFD, 0x21, 0xFE, 0x21, 0x81, 0x00, 0x3B, 0xFF, 0x21, 0x00, 0x42, 0x01, 0x42,
    0x02, 0x22, 0x03, 0x52, 0x04, 0x02, 0x05, 0x02, 0x06, 0x02, 0x07, 0x02, 0x08, 0x02, 0x09, 0x02,
    0x0A, 0x02, 0x0B, 0x22, 0x0C, 0x22, 0x0D, 0x12, 0x0E, 0x12, 0x0F, 0x12, 0x10, 0x52, 0x11, 0x22,
    0x12, 0x02, 0x13, 0x02, 0x14, 0x52, 0x15, 0x32, 0x16, 0x72, 0x17, 0x72, 0x18, 0x62, 0x19, 0x62,
    0x1A, 0x62, 0x1B, 0x62, 0x1C, 0x62, 0x81, 0x00, 0x3B, 0x1D, 0x42, 0x1E, 0x42, 0x1F, 0x42, 0x20,
    0x62, 0x21, 0x72, 0x22, 0x52, 0x23, 0x02, 0x24, 0x02, 0x25, 0x02, 0x26, 0x02, 0x27, 0x02, 0x28,
    0x02, 0x29, 0x22, 0x2A, 0x22, 0x2B, 0x22, 0x2C, 0x12, 0x2D, 0x22, 0x2E, 0x52, 0x2F, 0x22, 0x30,
    0x02, 0x31, 0x02, 0x32, 0x32, 0x33, 0x32, 0x34, 0x52, 0x35, 0x72, 0x36, 0x42, 0x37, 0x62, 0x38,
    0x62, 0x39, 0x62, 0x3A, 0x62, 0x81, 0x00, 0x3B, 0x3B, 0x42, 0x3C, 0x42, 0x3D, 0x42, 0x3E, 0x62,
    0x3F, 0x72, 0x40, 0x52, 0x41, 0x02, 0x42, 0x02, 0x43, 0x02, 0x44, 0x02, 0x45, 0x02, 0x46, 0x02,
    0x47, 0x42, 0x48, 0x22, 0x49, 0x22, 0x4A, 0x22, 0x4B, 0x22, 0x4C, 0x52, 0x4D, 0x72, 0x4E, 0x02,
    0x4F, 0x52, 0x50, 0x32, 0x51, 0x32, 0x52, 0x52, 0x53, 0x72, 0x54, 0x72, 0x55, 0x62, 0x56, 0x62,
    0x57, 0x62, 0x58, 0x62, 0xFF, 0x00, 0xFF, 0x00, 0xFB, 0x00, 0x00, 0x00,
};

alignas(int) static const uint16_t rin_pair_v13_used[601] = {
    0, 1, 2, 3, 4, 5, 6, 7, 8, 9, 10, 11, 12, 13, 14, 15,
    16, 17, 18, 19, 20, 21, 22, 23, 24, 25, 26, 27, 28, 29, 30, 31,
    32, 33, 34, 35, 36, 37, 38, 39, 40, 41, 42, 43, 44, 45, 46, 47,
    48, 49, 50, 51, 52, 53, 54, 55, 56, 57, 58, 59, 60, 61, 62, 63,
    64, 65, 66, 67, 68, 69, 70, 71, 72, 73, 74, 75, 76, 77, 78, 79,
    80, 81, 82, 83, 84, 85, 86, 87, 88, 89, 90, 91, 92, 93, 94, 95,
    96, 97, 98, 99, 100, 101, 102, 103, 104, 105, 106, 107, 108, 109, 110, 111,
    112, 113, 114, 115, 116, 117, 118, 119, 120, 121, 122, 123, 124, 125, 126, 127,
    128, 129, 130, 131, 132, 133, 134, 135, 136, 137, 138, 139, 140, 141, 142, 143,
    144, 145, 146, 147, 148, 149, 150, 151, 152, 153, 154, 155, 156, 157, 158, 159,
    160, 161, 162, 601, 164, 165, 166, 167, 168, 169, 170, 171, 172, 173, 174, 175,
    176, 177, 178, 179, 180, 181, 182, 183, 184, 185, 186, 187, 188, 189, 190, 191,
    192, 602, 603, 604, 196, 197, 198, 199, 200, 201, 202, 203, 204, 205, 206, 207,
    208, 209, 210, 211, 212, 213, 214, 215, 216, 217, 218, 219, 220, 221, 222, 605,
    606, 607, 226, 227, 228, 229, 230, 231, 232, 233, 234, 235, 236, 237, 238, 239,
    240, 241, 242, 243, 244, 245, 246, 247, 248, 249, 250, 251, 252, 253, 254, 255,
    256, 257, 258, 626, 260, 261, 262, 263, 264, 265, 266, 267, 268, 269, 270, 271,
    272, 273, 274, 275, 276, 277, 278, 279, 280, 281, 282, 608, 284, 285, 286, 287,
    288, 627, 290, 291, 292, 293, 294, 295, 296, 297, 298, 299, 300, 301, 302, 303,
    304, 305, 637, 638, 639, 309, 310, 311, 312, 609, 314, 315, 316, 317, 628, 629,
    320, 321, 322, 323, 324, 325, 326, 327, 328, 329, 330, 331, 332, 333, 334, 335,
    640, 641, 642, 643, 644, 341, 342, 343, 344, 345, 346, 347, 348, 349, 350, 351,
    352, 353, 354, 355, 356, 357, 358, 359, 360, 361, 362, 363, 364, 645, 646, 647,
    648, 649, 650, 651, 372, 373, 374, 375, 376, 630, 631, 379, 380, 381, 382, 383,
    384, 385, 386, 387, 388, 389, 390, 391, 392, 393, 394, 652, 653, 654, 655, 656,
    657, 658, 659, 403, 404, 405, 406, 407, 408, 409, 410, 411, 412, 413, 414, 415,
    416, 417, 418, 419, 420, 421, 422, 423, 660, 661, 662, 663, 664, 665, 666, 667,
    668, 433, 434, 435, 436, 437, 438, 439, 440, 441, 442, 443, 444, 445, 446, 447,
    448, 449, 450, 451, 452, 453, 669, 670, 671, 672, 673, 674, 675, 676, 677, 678,
    464, 465, 466, 467, 468, 469, 470, 471, 472, 473, 474, 475, 476, 477, 478, 479,
    480, 481, 482, 483, 679, 680, 681, 682, 683, 684, 685, 686, 687, 688, 494, 495,
    496, 497, 498, 499, 500, 501, 502, 503, 504, 505, 506, 507, 508, 509, 510, 511,
    512, 513, 689, 690, 691, 692, 693, 694, 695, 696, 697, 698, 524, 525, 526, 527,
    528, 529, 530, 531, 532, 533, 534, 535, 536, 537, 538, 539, 540, 541, 542, 543,
    699, 700, 701, 702, 703, 704, 705, 706, 707, 708, 554, 555, 556, 557, 558, 559,
    560, 561, 562, 563, 564, 565, 566, 567, 568, 569, 570, 571, 572, 573, 709, 710,
    711, 712, 713, 714, 715, 716, 717, 718, 719, 585, 586, 587, 588, 589, 590, 591,
    592, 593, 594, 595, 596, 597, 598, 599, 600,
};

alignas(int) static const unsigned char rin_pair_v13_map_rle[1276] = {
    0x30, 0x00, 0x08, 0x00, 0xFF, 0x00, 0xFF, 0x00, 0xFB, 0x00, 0x3B, 0x01, 0x40, 0x02, 0x40, 0x03,
    0x40, 0x04, 0x20, 0x05, 0x20, 0x06, 0x60, 0x07, 0x60, 0x08, 0x60, 0x09, 0x60, 0x0A, 0x60, 0x0B,
    0x20, 0x0C, 0x20, 0x0D, 0x20, 0x0E, 0x20, 0x0F, 0x20, 0x10, 0x20, 0x11, 0x20, 0x12, 0x70, 0x13,
    0x40, 0x14, 0x20, 0x15, 0x20, 0x16, 0x10, 0x17, 0x10, 0x18, 0x10, 0x19, 0x20, 0x1A, 0x20, 0x1B,
    0x20, 0x1C, 0x20, 0x1D, 0x20, 0x1E, 0x20, 0x81, 0x00, 0x3B, 0x1F, 0x40, 0x20, 0x40, 0x21, 0x40,
    0x22, 0x20, 0x23, 0x20, 0x24, 0x60, 0x25, 0x60, 0x26, 0x60, 0x27, 0x20, 0x28, 0x40, 0x29, 0x70,
    0x2A, 0x70, 0x2B, 0x20, 0x2C, 0x20, 0x2D, 0x20, 0x2E, 0x20, 0x2F, 0x20, 0x30, 0x70, 0x31, 0x70,
    0x32, 0x10, 0x33, 0x10, 0x34, 0x10, 0x35, 0x10, 0x36, 0x10, 0x37, 0x10, 0x38, 0x20, 0x39, 0x20,
    0x3A, 0x20, 0x3B, 0x60, 0x3C, 0x20, 0x81, 0x00, 0x3B, 0x3D, 0x40, 0x3E, 0x40, 0x3F, 0x40, 0x40,
    0x20, 0x41, 0x20, 0x42, 0x60, 0x43, 0x20, 0x44, 0x60, 0x45, 0x70, 0x46, 0x40, 0x47, 0x50, 0x48,
    0x50, 0x49, 0x50, 0x4A, 0x70, 0x4B, 0x20, 0x4C, 0x20, 0x4D, 0x20, 0x4E, 0x70, 0x4F, 0x10, 0x50,
    0x10, 0x51, 0x10, 0x52, 0x10, 0x53, 0x10, 0x54, 0x10, 0x55, 0x10, 0x56, 0x20, 0x57, 0x20, 0x58,
    0x20, 0x59, 0x20, 0x5A, 0x20, 0x81, 0x00, 0x3B, 0x5B, 0x40, 0x5C, 0x40, 0x5D, 0x40, 0x5E, 0x20,
    0x5F, 0x20, 0x60, 0x20, 0x61, 0x60, 0x62, 0x40, 0x63, 0x40, 0x64, 0x50, 0x65, 0x50, 0x66, 0x50,
    0x67, 0x50, 0x68, 0x00, 0x69, 0x00, 0x6A, 0x70, 0x6B, 0x10, 0x6C, 0x70, 0x6D, 0x10, 0x6E, 0x10,
    0x6F, 0x10, 0x70, 0x10, 0x71, 0x10, 0x72, 0x10, 0x73, 0x10, 0x74, 0x10, 0x75, 0x20, 0x76, 0x20,
    0x77, 0x20, 0x78, 0x20, 0x81, 0x00, 0x3B, 0x79, 0x40, 0x7A, 0x40, 0x7B, 0x40, 0x7C, 0x20, 0x7D,
    0x60, 0x7E, 0x60, 0x7F, 0x40, 0x80, 0x40, 0x81, 0x50, 0x82, 0x50, 0x83, 0x50, 0x84, 0x50, 0x85,
    0x50, 0x86, 0x50, 0x87, 0x00, 0x88, 0x70, 0x89, 0x70, 0x8A, 0x70, 0x8B, 0x10, 0x8C, 0x10, 0x8D,
    0x10, 0x8E, 0x10, 0x8F, 0x10, 0x90, 0x10, 0x91, 0x10, 0x92, 0x10, 0x93, 0x10, 0x94, 0x20, 0x95,
    0x10, 0x96, 0x10, 0x81, 0x00, 0x3B, 0x97, 0x40, 0x98, 0x40, 0x99, 0x40, 0x9A, 0x60, 0x9B, 0x60,
    0x9C, 0x60, 0x9D, 0x40, 0x9E, 0x40, 0x9F, 0x50, 0xA0, 0x50, 0xA1, 0x50, 0xA2, 0x50, 0xA3, 0x50,
    0xA4, 0x50, 0xA5, 0x50, 0xA6, 0x70, 0xA7, 0x10, 0xA8, 0x70, 0xA9, 0x10, 0xAA, 0x10, 0xAB, 0x70,
    0xAC, 0x70, 0xAD, 0x70, 0xAE, 0x70, 0xAF, 0x10, 0xB0, 0x10, 0xB1, 0x10, 0xB2, 0x10, 0xB3, 0x10,
    0xB4, 0x10, 0x81, 0x00, 0x3B, 0xB5, 0x40, 0xB6, 0x40, 0xB7, 0x40, 0xB8, 0x60, 0xB9, 0x60, 0xBA,
    0x60, 0xBB, 0x40, 0xBC, 0x40, 0xBD, 0x50, 0xBE, 0x00, 0xBF, 0x50, 0xC0, 0x00, 0xC1, 0x00, 0xC2,
    0x00, 0xC3, 0x50, 0xC4, 0x70, 0xC5, 0x10, 0xC6, 0x70, 0xC7, 0x70, 0xC8, 0x30, 0xC9, 0x30, 0xCA,
    0x30, 0xCB, 0x30, 0xCC, 0x30, 0xCD, 0x70, 0xCE, 0x10, 0xCF, 0x10, 0xD0, 0x10, 0xD1, 0x10, 0xD2,
    0x10, 0x81, 0x00, 0x3B, 0xD3, 0x40, 0xD4, 0x40, 0xD5, 0x40, 0xD6, 0x60, 0xD7, 0x60, 0xD8, 0x60,
    0xD9, 0x40, 0xDA, 0x40, 0xDB, 0x50, 0xDC, 0x00, 0xDD, 0x00, 0xDE, 0x00, 0xDF, 0x00, 0xE0, 0x00,
    0xE1, 0x70, 0xE2, 0x10, 0xE3, 0x10, 0xE4, 0x70, 0xE5, 0x30, 0xE6, 0x30, 0xE7, 0x30, 0xE8, 0x30,
    0xE9, 0x30, 0xEA, 0x30, 0xEB, 0x30, 0xEC, 0x70, 0xED, 0x20, 0xEE, 0x20, 0xEF, 0x10, 0xF0, 0x10,
    0x81, 0x00, 0x3B, 0xF1, 0x40, 0xF2, 0x40, 0xF3, 0x50, 0xF4, 0x20, 0xF5, 0x60, 0xF6, 0x60, 0xF7,
    0x20, 0xF8, 0x50, 0xF9, 0x50, 0xFA, 0x00, 0xFB, 0x00, 0xFC, 0x00, 0xFD, 0x00, 0xFE, 0x00, 0xFF,
    0x10, 0x00, 0x11, 0x01, 0x11, 0x02, 0x71, 0x03, 0x31, 0x04, 0x31, 0x05, 0x31, 0x06, 0x31, 0x07,
    0x31, 0x08, 0x31, 0x09, 0x31, 0x0A, 0x31, 0x0B, 0x21, 0x0C, 0x21, 0x0D, 0x11, 0x0E, 0x11, 0x81,
    0x00, 0x3B, 0x0F, 0x41, 0x10, 0x41, 0x11, 0x51, 0x12, 0x21, 0x13, 0x21, 0x14, 0x61, 0x15, 0x21,
    0x16, 0x51, 0x17, 0x01, 0x18, 0x01, 0x19, 0x01, 0x1A, 0x01, 0x1B, 0x01, 0x1C, 0x01, 0x1D, 0x11,
    0x1E, 0x11, 0x1F, 0x11, 0x20, 0x51, 0x21, 0x51, 0x22, 0x31, 0x23, 0x31, 0x24, 0x31, 0x25, 0x31,
    0x26, 0x31, 0x27, 0x31, 0x28, 0x31, 0x29, 0x21, 0x2A, 0x21, 0x2B, 0x21, 0x2C, 0x21, 0x81, 0x00,
    0x3B, 0x2D, 0x41, 0x2E, 0x41, 0x2F, 0x51, 0x30, 0x21, 0x31, 0x21, 0x32, 0x21, 0x33, 0x71, 0x34,
    0x01, 0x35, 0x01, 0x36, 0x01, 0x37, 0x01, 0x38, 0x01, 0x39, 0x01, 0x3A, 0x11, 0x3B, 0x11, 0x3C,
    0x11, 0x3D, 0x71, 0x3E, 0x01, 0x3F, 0x51, 0x40, 0x51, 0x41, 0x31, 0x42, 0x31, 0x43, 0x31, 0x44,
    0x31, 0x45, 0x31, 0x46, 0x31, 0x47, 0x71, 0x48, 0x21, 0x49, 0x21, 0x4A, 0x21, 0x81, 0x00, 0x3B,
    0x4B, 0x41, 0x4C, 0x41, 0x4D, 0x51, 0x4E, 0x21, 0x4F, 0x21, 0x50, 0x71, 0x51, 0x01, 0x52, 0x01,
    0x53, 0x01, 0x54, 0x01, 0x55, 0x11, 0x56, 0x71, 0x57, 0x11, 0x58, 0x11, 0x59, 0x11, 0x5A, 0x11,
    0x5B, 0x71, 0x5C, 0x01, 0x5D, 0x01, 0x5E, 0x51, 0x5F, 0x31, 0x60, 0x51, 0x61, 0x71, 0x62, 0x31,
    0x63, 0x31, 0x64, 0x31, 0x65, 0x71, 0x66, 0x21, 0x67, 0x21, 0x68, 0x21, 0x81, 0x00, 0x3B, 0x69,
    0x41, 0x6A, 0x41, 0x6B, 0x51, 0x6C, 0x21, 0x6D, 0x21, 0x6E, 0x01, 0x6F, 0x01, 0x70, 0x01, 0x71,
    0x01, 0x72, 0x01, 0x73, 0x11, 0x74, 0x11, 0x75, 0x11, 0x76, 0x11, 0x77, 0x11, 0x78, 0x11, 0x79,
    0x71, 0x7A, 0x01, 0x7B, 0x01, 0x7C, 0x31, 0x7D, 0x31, 0x7E, 0x31, 0x7F, 0x31, 0x80, 0x31, 0x81,
    0x31, 0x82, 0x31, 0x83, 0x71, 0x84, 0x21, 0x85, 0x21, 0x86, 0x21, 0x81, 0x00, 0x3B, 0x87, 0x41,
    0x88, 0x41, 0x89, 0x51, 0x8A, 0x21, 0x8B, 0x71, 0x8C, 0x01, 0x8D, 0x01, 0x8E, 0x01, 0x8F, 0x01,
    0x90, 0x01, 0x91, 0x71, 0x92, 0x11, 0x93, 0x11, 0x94, 0x11, 0x95, 0x11, 0x96, 0x11, 0x97, 0x11,
    0x98, 0x01, 0x99, 0x01, 0x9A, 0x31, 0x9B, 0x31, 0x9C, 0x31, 0x9D, 0x31, 0x9E, 0x31, 0x9F, 0x61,
    0xA0, 0x41, 0xA1, 0x71, 0xA2, 0x21, 0xA3, 0x21, 0xA4, 0x21, 0x81, 0x00, 0x3B, 0xA5, 0x41, 0xA6,
    0x41, 0xA7, 0x41, 0xA8, 0x71, 0xA9, 0x01, 0xAA, 0x01, 0xAB, 0x01, 0xAC, 0x01, 0xAD, 0x01, 0xAE,
    0x01, 0xAF, 0x01, 0xB0, 0x11, 0xB1, 0x11, 0xB2, 0x11, 0xB3, 0x11, 0xB4, 0x11, 0xB5, 0x11, 0xB6,
    0x51, 0xB7, 0x21, 0xB8, 0x71, 0xB9, 0x01, 0xBA, 0x51, 0xBB, 0x71, 0xBC, 0x61, 0xBD, 0x61, 0xBE,
    0x61, 0xBF, 0x61, 0xC0, 0x21, 0xC1, 0x21, 0xC2, 0x21, 0x81, 0x00, 0x3B, 0xC3, 0x21, 0xC4, 0x41,
    0xC5, 0x41, 0xC6, 0x71, 0xC7, 0x01, 0xC8, 0x01, 0xC9, 0x01, 0xCA, 0x01, 0xCB, 0x01, 0xCC, 0x01,
    0xCD, 0x01, 0xCE, 0x11, 0xCF, 0x11, 0xD0, 0x11, 0xD1, 0x11, 0xD2, 0x11, 0xD3, 0x11, 0xD4, 0x51,
    0xD5, 0x21, 0xD6, 0x21, 0xD7, 0x01, 0xD8, 0x71, 0xD9, 0x11, 0xDA, 0x11, 0xDB, 0x61, 0xDC, 0x61,
    0xDD, 0x61, 0xDE, 0x61, 0xDF, 0x21, 0xE0, 0x21, 0x81, 0x00, 0x3B, 0xE1, 0x21, 0xE2, 0x21, 0xE3,
    0x41, 0xE4, 0x71, 0xE5, 0x01, 0xE6, 0x01, 0xE7, 0x01, 0xE8, 0x01, 0xE9, 0x01, 0xEA, 0x01, 0xEB,
    0x01, 0xEC, 0x71, 0xED, 0x21, 0xEE, 0x11, 0xEF, 0x11, 0xF0, 0x11, 0xF1, 0x11, 0xF2, 0x51, 0xF3,
    0x21, 0xF4, 0x71, 0xF5, 0x01, 0xF6, 0x51, 0xF7, 0x71, 0xF8, 0x11, 0xF9, 0x21, 0xFA, 0x61, 0xFB,
    0x61, 0xFC, 0x61, 0xFD, 0x21, 0xFE, 0x21, 0x81, 0x00, 0x3B, 0xFF, 0x21, 0x00, 0x42, 0x01, 0x42,
    0x02, 0x22, 0x03, 0x52, 0x04, 0x02, 0x05, 0x02, 0x06, 0x02, 0x07, 0x02, 0x08, 0x02, 0x09, 0x02,
    0x0A, 0x02, 0x0B, 0x22, 0x0C, 0x22, 0x0D, 0x12, 0x0E, 0x12, 0x0F, 0x12, 0x10, 0x52, 0x11, 0x22,
    0x12, 0x02, 0x13, 0x02, 0x14, 0x52, 0x15, 0x32, 0x16, 0x72, 0x17, 0x72, 0x18, 0x62, 0x19, 0x62,
    0x1A, 0x62, 0x1B, 0x62, 0x1C, 0x62, 0x81, 0x00, 0x3B, 0x1D, 0x42, 0x1E, 0x42, 0x1F, 0x42, 0x20,
    0x62, 0x21, 0x72, 0x22, 0x52, 0x23, 0x02, 0x24, 0x02, 0x25, 0x02, 0x26, 0x02, 0x27, 0x02, 0x28,
    0x02, 0x29, 0x22, 0x2A, 0x22, 0x2B, 0x22, 0x2C, 0x12, 0x2D, 0x22, 0x2E, 0x52, 0x2F, 0x22, 0x30,
    0x02, 0x31, 0x02, 0x32, 0x32, 0x33, 0x32, 0x34, 0x52, 0x35, 0x72, 0x36, 0x42, 0x37, 0x62, 0x38,
    0x62, 0x39, 0x62, 0x3A, 0x62, 0x81, 0x00, 0x3B, 0x3B, 0x42, 0x3C, 0x42, 0x3D, 0x42, 0x3E, 0x62,
    0x3F, 0x72, 0x40, 0x52, 0x41, 0x02, 0x42, 0x02, 0x43, 0x02, 0x44, 0x02, 0x45, 0x02, 0x46, 0x02,
    0x47, 0x42, 0x48, 0x22, 0x49, 0x22, 0x4A, 0x22, 0x4B, 0x22, 0x4C, 0x52, 0x4D, 0x72, 0x4E, 0x02,
    0x4F, 0x52, 0x50, 0x32, 0x51, 0x32, 0x52, 0x52, 0x53, 0x72, 0x54, 0x72, 0x55, 0x62, 0x56, 0x62,
    0x57, 0x62, 0x58, 0x62, 0xFF, 0x00, 0xFF, 0x00, 0xFB, 0x00, 0x00, 0x00,
};

static const composite_variant rin_pair_variants[14] = {
    { rin_pair_v0_used, 601, rin_pair_v0_map_rle },
    { rin_pair_v1_used, 601, rin_pair_v1_map_rle },
    { rin_pair_v2_used, 601, rin_pair_v2_map_rle },
    { rin_pair_v3_used, 601, rin_pair_v3_map_rle },
    { rin_pair_v4_used, 601, rin_pair_v4_map_rle },
    { rin_pair_v5_used, 601, rin_pair_v5_map_rle },
    { rin_pair_v6_used, 601, rin_pair_v6_map_rle },
    { rin_pair_v7_used, 601, rin_pair_v7_map_rle },
    { rin_pair_v8_used, 601, rin_pair_v8_map_rle },
    { rin_pair_v9_used, 601, rin_pair_v9_map_rle },
    { rin_pair_v10_used, 601, rin_pair_v10_map_rle },
    { rin_pair_v11_used, 601, rin_pair_v11_map_rle },
    { rin_pair_v12_used, 601, rin_pair_v12_map_rle },
    { rin_pair_v13_used, 601, rin_pair_v13_map_rle },
};

extern const composite_bg_asset rin_pair_asset = {
    /* tileset        */ &rin_pair_tileset,
    /* palette        */ &bn::bg_palette_items::rin_pair_palette,
    /* variants       */ rin_pair_variants,
    /* variant_count  */ 14,
    /* max_vram_tiles */ 601,
    /* map_w_px       */ 256,
    /* map_h_px       */ 256,
    /* huge           */ false,
};

}  // namespace ks::composites
